block_index,mac,rssi_header_raw,rssi_val_raw,rssi_val,rssi_1,rssi_2,rssi_3,rssi_4,rssi_5,rssi_6,rssi_7,rssi_8,rssi_9,rssi_10,azimuth,elevation,euler_ts_ms,pitch,roll,yaw,gps_ts_ms,gps_lon_raw,gps_lat_raw,gps_alt_raw,quat_w,quat_x,quat_y,quat_z,vel_ts_ms,vel_x,vel_y,vel_z,time_consumed,lon_deg,lat_deg,alt_m,lon_deg_diff,lat_deg_diff,alt_m_diff,lat_m_diff,lon_m_diff,distance_from_takeoff,distance,vel_abs,earth_azimuth,device_name,phone_rel_azimuth,phone_rel_elevation,phone_drone_lat_m_diff,phone_drone_lon_m_diff,phone_drone_alt_m_diff,phone_drone_distance,score
2053,IPAD_MAC,A	E	TR4c_1	TR4c_2	TR6c_1	TR6c_2	TR8c_1	TR8c_2	TRc0_1	TRc0_2	TR60_1	TR60_2,N	N	-87	-71	-127	-127	-127	-127	-85	-81	-83	-80,"[-87, -71, -127, -127, -127, -127, -85, -81, -83, -80]",-87,-71,-127,-127,-127,-127,-85,-81,-83,-80,180.0,90.0,378923,-1.21201,-0.044698,-172.425089,378723,1142770498,224031304,199320,0.066158,-0.010578,-0.000311,-0.997753,378723,-0.013144,0.021789,2.988296,0.09342408180236816,114.2770498,22.4031304,199.32,-1.790000000312375e-05,-6.700000000137152e-06,80.901,-0.7437000000152238,-1.8369391443464258,80.92526945342878,81.33342792299202,2.9884043415965316,7.574910999999986,IPAD,177.75303546721892,84.08911427162244,-8.369400000006522,0.3283905364465274,-80.901,81.33342792299202,0.9946832694251933
2054,IPAD_MAC,A	E	TR4c_1	TR4c_2	TR6c_1	TR6c_2	TR8c_1	TR8c_2	TRc0_1	TRc0_2	TR60_1	TR60_2,N	N	-88	-71	-127	-127	-127	-127	-87	-80	-90	-81,"[-88, -71, -127, -127, -127, -127, -87, -80, -90, -81]",-88,-71,-127,-127,-127,-127,-87,-80,-90,-81,180.0,90.0,379123,-1.414673,-0.330075,-172.407657,378923,1142770499,224031304,199916,0.066277,-0.012508,0.002055,-0.997721,378923,-0.009846,0.008453,2.98432,0.11076903343200684,114.2770499,22.4031304,199.916,-1.7800000009060568e-05,-6.700000000137152e-06,81.497,-0.7437000000152238,-1.8266769151007825,81.52086142357786,81.92624165052338,2.984348213483976,7.592343000000028,IPAD,177.82318464150381,84.13231429106959,-8.369400000006522,0.31812830720088403,-81.497,81.92624165052338,0.9947606329562337
2055,IPAD_MAC,A	E	TR4c_1	TR4c_2	TR6c_1	TR6c_2	TR8c_1	TR8c_2	TRc0_1	TRc0_2	TR60_1	TR60_2,N	N	-87	-71	-127	-127	-127	-127	-87	-81	-88	-83,"[-87, -71, -127, -127, -127, -127, -87, -81, -88, -83]",-87,-71,-127,-127,-127,-127,-87,-81,-88,-83,180.0,90.0,379523,-1.505879,-0.31327,-172.43416,379323,1142770500,224031304,201110,0.066045,-0.013292,0.001859,-0.997726,379323,-0.00734,0.008313,2.976019,0.045096635818481445,114.27705,22.4031304,201.11,-1.770000000078653e-05,-6.700000000137152e-06,82.69100000000002,-0.7437000000152238,-1.8164146843967888,82.71429098405982,83.11403683422657,2.9760396620223326,7.56583999999998,IPAD,177.893340355571,84.2167240770169,-8.369400000006522,0.30786607649689035,-82.69100000000002,83.11403683422657,0.9949101637901393
2056,IPAD_MAC,A	E	TR4c_1	TR4c_2	TR6c_1	TR6c_2	TR8c_1	TR8c_2	TRc0_1	TRc0_2	TR60_1	TR60_2,N	N	-86	-71	-127	-127	-127	-127	-87	-81	-87	-82,"[-86, -71, -127, -127, -127, -127, -87, -81, -87, -82]",-86,-71,-127,-127,-127,-127,-87,-81,-87,-82,180.0,90.0,379723,-1.382547,0.025533,-172.435827,379523,1142770499,224031304,201706,0.06607,-0.012023,-0.001019,-0.997742,379523,-0.012516,0.005774,2.973111,0.04962444305419922,114.2770499,22.4031304,201.706,-1.7800000009060568e-05,-6.700000000137152e-06,83.28699999999999,-0.7437000000152238,-1.8266769151007825,83.31034874037069,83.70706320842913,2.973142951096196,7.5641729999999825,IPAD,177.82318464150381,84.2575703406125,-8.369400000006522,0.31812830720088403,-83.28699999999999,83.70706320842913,0.9949817471509759
2057,IPAD_MAC,A	E	TR4c_1	TR4c_2	TR6c_1	TR6c_2	TR8c_1	TR8c_2	TRc0_1	TRc0_2	TR60_1	TR60_2,N	N	-90	-74	-127	-127	-127	-127	-92	-84	-89	-85,"[-90, -74, -127, -127, -127, -127, -92, -84, -89, -85]",-90,-74,-127,-127,-127,-127,-92,-84,-89,-85,180.0,90.0,380523,-0.876416,-0.290485,-172.477795,380323,1142770500,224031303,204062,0.065686,-0.007798,0.002027,-0.997808,380323,-0.028125,-0.000744,2.975855,0.1134335994720459,114.27705,22.4031303,204.062,-1.770000000078653e-05,-6.799999997753048e-06,85.64300000000001,-0.7547999997505883,-1.8164146857036707,85.66558547252255,86.05044688679077,2.9759879956387594,7.522204999999985,IPAD,177.89054518371438,84.42213395106977,-8.358300000271157,0.3078660778037723,-85.64300000000001,86.05044688679077,0.9952650230006732
2058,IPAD_MAC,A	E	TR4c_1	TR4c_2	TR6c_1	TR6c_2	TR8c_1	TR8c_2	TRc0_1	TRc0_2	TR60_1	TR60_2,N	N	-91	-75	-127	-127	-127	-127	-91	-85	-92	-87,"[-91, -75, -127, -127, -127, -127, -91, -85, -92, -87]",-91,-75,-127,-127,-127,-127,-91,-85,-92,-87,180.0,90.0,380523,-0.876416,-0.290485,-172.477795,380323,1142770500,224031303,204062,0.065686,-0.007798,0.002027,-0.997808,380323,-0.028125,-0.000744,2.975855,0.041794776916503906,114.27705,22.4031303,204.062,-1.770000000078653e-05,-6.799999997753048e-06,85.64300000000001,-0.7547999997505883,-1.8164146857036707,85.66558547252255,86.05044688679077,2.9759879956387594,7.522204999999985,IPAD,177.89054518371438,84.42213395106977,-8.358300000271157,0.3078660778037723,-85.64300000000001,86.05044688679077,0.9952650230006732
2059,IPAD_MAC,A	E	TR4c_1	TR4c_2	TR6c_1	TR6c_2	TR8c_1	TR8c_2	TRc0_1	TRc0_2	TR60_1	TR60_2,N	N	-93	-76	-127	-127	-127	-127	-91	-86	-80	-81,"[-93, -76, -127, -127, -127, -127, -91, -86, -80, -81]",-93,-76,-127,-127,-127,-127,-91,-86,-80,-81,181.0,89.0,380723,-0.997984,-0.391019,-172.457863,380523,1142770500,224031303,204653,0.065848,-0.008914,0.002831,-0.997786,380523,-0.024983,-0.004099,2.979042,0.048146724700927734,114.27705,22.4031303,204.653,-1.770000000078653e-05,-6.799999997753048e-06,86.234,-0.7547999997505883,-1.8164146857036707,86.2564307246136,86.63866755910085,2.9791495749381234,6.542137000000025,IPAD,177.89054518371438,84.46012292925069,-8.358300000271157,0.3078660778037723,-86.234,86.63866755910085,0.9935119982834595
2060,IPAD_MAC,A	E	TR4c_1	TR4c_2	TR6c_1	TR6c_2	TR8c_1	TR8c_2	TRc0_1	TRc0_2	TR60_1	TR60_2,N	N	-91	-76	-127	-127	-127	-127	-92	-85	-88	-86,"[-91, -76, -127, -127, -127, -127, -92, -85, -88, -86]",-91,-76,-127,-127,-127,-127,-92,-85,-88,-86,180.0,90.0,380923,-1.203961,-0.294022,-172.490513,380723,1142770500,224031302,205252,0.065566,-0.010651,0.001871,-0.99779,380723,-0.016157,-0.000746,2.984824,0.09952664375305176,114.27705,22.4031302,205.252,-1.770000000078653e-05,-6.899999998921658e-06,86.83300000000001,-0.765899999880304,-1.8164146870105526,86.8553732023817,87.23382611329752,2.9848678222227867,7.5094870000000356,IPAD,177.88774258787603,84.50535540370372,-8.347200000141441,0.3078660791106542,-86.83300000000001,87.23382611329752,0.9954051526666166
2061,IPAD_MAC,A	E	TR4c_1	TR4c_2	TR6c_1	TR6c_2	TR8c_1	TR8c_2	TRc0_1	TRc0_2	TR60_1	TR60_2,N	N	-92	-76	-127	-127	-127	-127	-93	-86	-88	-86,"[-92, -76, -127, -127, -127, -127, -93, -86, -88, -86]",-92,-76,-127,-127,-127,-127,-93,-86,-88,-86,181.0,90.0,381123,-0.950241,-0.292568,-172.497453,380923,1142770500,224031302,205847,0.065512,-0.008441,0.002004,-0.997814,380923,-0.013968,0.003541,2.986602,0.05408835411071777,114.27705,22.4031302,205.847,-1.770000000078653e-05,-6.899999998921658e-06,87.42800000000001,-0.765899999880304,-1.8164146870105526,87.45022097813708,87.8261106583061,2.9866367623313352,6.502546999999993,IPAD,177.88774258787603,84.54252322169698,-8.347200000141441,0.3078660791106542,-87.42800000000001,87.8261106583061,0.9954670580841843
2062,IPAD_MAC,A	E	TR4c_1	TR4c_2	TR6c_1	TR6c_2	TR8c_1	TR8c_2	TRc0_1	TRc0_2	TR60_1	TR60_2,N	N	-88	-71	-127	-127	-127	-127	-88	-82	-88	-84,"[-88, -71, -127, -127, -127, -127, -88, -82, -88, -84]",-88,-71,-127,-127,-127,-127,-88,-82,-88,-84,181.0,90.0,381323,-0.98885,-0.363612,-172.289308,381123,1142770500,224031302,206435,0.067318,-0.008823,0.002584,-0.997689,381123,-0.016167,-0.001289,2.986608,0.049544334411621094,114.27705,22.4031302,206.435,-1.770000000078653e-05,-6.899999998921658e-06,88.016,-0.765899999880304,-1.8164146870105526,88.03807256593595,88.41146297491649,2.9866520351514003,6.7106919999999946,IPAD,177.88774258787603,84.57876452178736,-8.347200000141441,0.3078660791106542,-88.016,88.41146297491649,0.9955270169544793
2063,IPAD_MAC,A	E	TR4c_1	TR4c_2	TR6c_1	TR6c_2	TR8c_1	TR8c_2	TRc0_1	TRc0_2	TR60_1	TR60_2,N	N	-93	-78	-127	-127	-127	-127	-94	-86	-93	-90,"[-93, -78, -127, -127, -127, -127, -94, -86, -93, -90]",-93,-78,-127,-127,-127,-127,-94,-86,-93,-90,181.0,90.0,381523,-1.023246,-0.266714,-172.099402,381323,1142770500,224031302,207566,0.068978,-0.009068,0.001706,-0.997576,381323,-0.009734,0.000587,2.360955,0.09103155136108398,114.27705,22.4031302,207.566,-1.770000000078653e-05,-6.899999998921658e-06,89.147,-0.765899999880304,-1.8164146870105526,89.16879260214868,89.53746779066867,2.36097513907919,6.900598000000002,IPAD,177.88774258787603,84.64714119462113,-8.347200000141441,0.3078660791106542,-89.147,89.53746779066867,0.9956390570304987
2064,IPAD_MAC,A	E	TR4c_1	TR4c_2	TR6c_1	TR6c_2	TR8c_1	TR8c_2	TRc0_1	TRc0_2	TR60_1	TR60_2,N	N	-92	-77	-127	-127	-127	-127	-92	-87	-93	-90,"[-92, -77, -127, -127, -127, -127, -92, -87, -93, -90]",-92,-77,-127,-127,-127,-127,-92,-87,-93,-90,181.0,90.0,381523,-1.023246,-0.266714,-172.099402,381323,1142770500,224031302,207566,0.068978,-0.009068,0.001706,-0.997576,381323,-0.009734,0.000587,2.360955,0.056333065032958984,114.27705,22.4031302,207.566,-1.770000000078653e-05,-6.899999998921658e-06,89.147,-0.765899999880304,-1.8164146870105526,89.16879260214868,89.53746779066867,2.36097513907919,6.900598000000002,IPAD,177.88774258787603,84.64714119462113,-8.347200000141441,0.3078660791106542,-89.147,89.53746779066867,0.9956390570304987
2065,IPAD_MAC,A	E	TR4c_1	TR4c_2	TR6c_1	TR6c_2	TR8c_1	TR8c_2	TRc0_1	TRc0_2	TR60_1	TR60_2,N	N	-93	-78	-127	-127	-127	-127	-91	-87	-87	-83,"[-93, -78, -127, -127, -127, -127, -91, -87, -87, -83]",-93,-78,-127,-127,-127,-127,-91,-87,-87,-83,180.0,90.0,381923,-0.873679,-0.458157,-171.861844,381923,1142770500,224031301,208345,0.071036,-0.007888,0.003446,-0.997437,381923,-0.006766,-0.017003,1.199765,0.05142474174499512,114.27705,22.4031301,208.345,-1.770000000078653e-05,-7.000000000090267e-06,89.926,-0.7770000000100197,-1.8164146883174346,89.94769906629047,90.31207461205653,1.199904552866602,8.13815599999998,IPAD,177.88493253855287,84.70025251194625,-8.336100000011726,0.30786608041753616,-89.926,90.31207461205653,0.9957251052673194
2066,IPAD_MAC,A	E	TR4c_1	TR4c_2	TR6c_1	TR6c_2	TR8c_1	TR8c_2	TRc0_1	TRc0_2	TR60_1	TR60_2,N	N	-89	-71	-127	-127	-127	-127	-88	-81	-89	-84,"[-89, -71, -127, -127, -127, -127, -88, -81, -89, -84]",-89,-71,-127,-127,-127,-127,-88,-81,-89,-84,180.0,90.0,381923,-0.873679,-0.458157,-171.861844,381923,1142770500,224031301,208345,0.071036,-0.007888,0.003446,-0.997437,381923,-0.006766,-0.017003,1.199765,0.09334015846252441,114.27705,22.4031301,208.345,-1.770000000078653e-05,-7.000000000090267e-06,89.926,-0.7770000000100197,-1.8164146883174346,89.94769906629047,90.31207461205653,1.199904552866602,8.13815599999998,IPAD,177.88493253855287,84.70025251194625,-8.336100000011726,0.30786608041753616,-89.926,90.31207461205653,0.9957251052673194
2067,IPAD_MAC,A	E	TR4c_1	TR4c_2	TR6c_1	TR6c_2	TR8c_1	TR8c_2	TRc0_1	TRc0_2	TR60_1	TR60_2,N	N	-91	-78	-127	-127	-127	-127	-88	-81	-89	-83,"[-91, -78, -127, -127, -127, -127, -88, -81, -89, -83]",-91,-78,-127,-127,-127,-127,-88,-81,-89,-83,180.0,90.0,382323,-0.207875,-1.474879,-169.963635,382323,1142770499,224031301,208679,0.08755,-0.002934,0.012661,-0.996075,382323,0.004177,-0.046985,0.34347,0.05775308609008789,114.2770499,22.4031301,208.679,-1.7800000009060568e-05,-7.000000000090267e-06,90.26,-0.7770000000100197,-1.826676919043579,90.2818258431152,90.64468748267903,0.3466939261856198,10.03636499999999,IPAD,177.81449736271912,84.71951040157064,-8.336100000011726,0.31812831114368056,-90.26,90.64468748267903,0.9957560945559824
2068,IPAD_MAC,A	E	TR4c_1	TR4c_2	TR6c_1	TR6c_2	TR8c_1	TR8c_2	TRc0_1	TRc0_2	TR60_1	TR60_2,N	N	-88	-70	-87	-89	-87	-92	-86	-80	-127	-127,"[-88, -70, -87, -89, -87, -92, -86, -80, -127, -127]",-88,-70,-87,-89,-87,-92,-86,-80,-127,-127,181.0,90.0,382323,-0.207875,-1.474879,-169.963635,382323,1142770499,224031301,208679,0.08755,-0.002934,0.012661,-0.996075,382323,0.004177,-0.046985,0.34347,0.09130024909973145,114.2770499,22.4031301,208.679,-1.7800000009060568e-05,-7.000000000090267e-06,90.26,-0.7770000000100197,-1.826676919043579,90.2818258431152,90.64468748267903,0.3466939261856198,9.03636499999999,IPAD,177.81449736271912,84.71951040157064,-8.336100000011726,0.31812831114368056,-90.26,90.64468748267903,0.9957560945559824
2069,IPAD_MAC,A	E	TR4c_1	TR4c_2	TR6c_1	TR6c_2	TR8c_1	TR8c_2	TRc0_1	TRc0_2	TR60_1	TR60_2,N	N	-88	-70	-87	-89	-87	-92	-86	-80	-87	-88,"[-88, -70, -87, -89, -87, -92, -86, -80, -87, -88]",-88,-70,-87,-89,-87,-92,-86,-80,-87,-88,181.0,90.0,382523,-1.602173,-2.888249,-154.358714,382523,1142770504,224031306,208791,0.221561,-0.019221,0.021466,-0.974721,382523,0.021549,-0.009421,0.102523,0.0871579647064209,114.2770504,22.4031306,208.791,-1.7300000010322947e-05,-6.499999997799932e-06,90.372,-0.7214999997557925,-1.7753657634011695,90.39231643145065,90.76116199101317,0.10518593143096656,24.641286000000036,IPAD,178.17885167259033,84.69227863297291,-8.391600000265953,0.26681715550127105,-90.372,90.76116199101317,0.995712240979774
2070,IPAD_MAC,A	E	TR4c_1	TR4c_2	TR6c_1	TR6c_2	TR8c_1	TR8c_2	TRc0_1	TRc0_2	TR60_1	TR60_2,N	N	-83	-70	-90	-86	-85	-90	-82	-82	-84	-85,"[-83, -70, -90, -86, -85, -90, -82, -82, -84, -85]",-83,-70,-90,-86,-85,-90,-82,-82,-84,-85,181.0,90.0,382723,-2.067641,0.063283,-143.001622,382723,1142770516,224031310,208750,0.317336,-0.016933,-0.006249,-0.948141,382723,-0.036702,0.028635,-0.162206,0.09347701072692871,114.2770516,22.403131,208.75,-1.6100000010510485e-05,-6.100000000230921e-06,90.331,-0.6771000000256322,-1.6522190005839195,90.34864610516267,90.72417703226449,0.16875362652399503,35.998378,IPAD,179.02431111517788,84.66386079551079,-8.435999999996113,0.14367039268402104,-90.331,90.72417703226449,0.995666237544104
2071,IPAD_MAC,A	E	TR4c_1	TR4c_2	TR6c_1	TR6c_2	TR8c_1	TR8c_2	TRc0_1	TRc0_2	TR60_1	TR60_2,N	N	-88	-76	-92	-87	-86	-92	-87	-89	-84	-85,"[-88, -76, -92, -87, -86, -92, -87, -89, -84, -85]",-88,-76,-92,-87,-86,-92,-87,-89,-84,-85,180.0,90.0,382723,-2.067641,0.063283,-143.001622,382723,1142770516,224031310,208750,0.317336,-0.016933,-0.006249,-0.948141,382723,-0.036702,0.028635,-0.162206,0.1051478385925293,114.2770516,22.403131,208.75,-1.6100000010510485e-05,-6.100000000230921e-06,90.331,-0.6771000000256322,-1.6522190005839195,90.34864610516267,90.72417703226449,0.16875362652399503,36.998378,IPAD,179.02431111517788,84.66386079551079,-8.435999999996113,0.14367039268402104,-90.331,90.72417703226449,0.995666237544104
2072,IPAD_MAC,A	E	TR4c_1	TR4c_2	TR6c_1	TR6c_2	TR8c_1	TR8c_2	TRc0_1	TRc0_2	TR60_1	TR60_2,N	N	-83	-70	-91	-89	-84	-87	-84	-84	-87	-84,"[-83, -70, -91, -89, -84, -87, -84, -84, -87, -84]",-83,-70,-91,-89,-84,-87,-84,-84,-87,-84,180.0,90.0,382923,-1.289604,0.81721,-139.308841,382923,1142770522,224031310,208717,0.34781,-0.00807,-0.010599,-0.93747,382923,-0.026345,-0.031995,-0.225656,0.08944082260131836,114.2770522,22.403131,208.717,-1.5500000003498826e-05,-6.100000000230921e-06,90.29800000000002,-0.6771000000256322,-1.590645621000815,90.31454712227509,90.69124345778647,0.22943053281113218,40.69115899999997,IPAD,179.4424296022672,84.6624401531581,-8.435999999996113,0.08209701310091666,-90.29800000000002,90.69124345778647,0.9956639313477988
2073,IPAD_MAC,A	E	TR4c_1	TR4c_2	TR6c_1	TR6c_2	TR8c_1	TR8c_2	TRc0_1	TRc0_2	TR60_1	TR60_2,N	N	-83	-70	-88	-87	-84	-87	-83	-85	-89	-85,"[-83, -70, -88, -87, -84, -87, -83, -85, -89, -85]",-83,-70,-88,-87,-84,-87,-83,-85,-89,-85,180.0,90.0,382923,-1.289604,0.81721,-139.308841,382923,1142770522,224031310,208717,0.34781,-0.00807,-0.010599,-0.93747,382923,-0.026345,-0.031995,-0.225656,0.04259157180786133,114.2770522,22.403131,208.717,-1.5500000003498826e-05,-6.100000000230921e-06,90.29800000000002,-0.6771000000256322,-1.590645621000815,90.31454712227509,90.69124345778647,0.22943053281113218,40.69115899999997,IPAD,179.4424296022672,84.6624401531581,-8.435999999996113,0.08209701310091666,-90.29800000000002,90.69124345778647,0.9956639313477988
2074,IPAD_MAC,A	E	TR4c_1	TR4c_2	TR6c_1	TR6c_2	TR8c_1	TR8c_2	TRc0_1	TRc0_2	TR60_1	TR60_2,N	N	-82	-69	-90	-87	-83	-89	-82	-83	-127	-127,"[-82, -69, -90, -87, -83, -89, -82, -83, -127, -127]",-82,-69,-90,-87,-83,-89,-82,-83,-127,-127,180.0,90.0,383123,-0.00741,-0.31618,-138.683641,383123,1142770525,224031311,208651,0.352874,-0.001034,0.002559,-0.935667,383123,0.007302,-0.053679,-0.227862,0.04735851287841797,114.2770525,22.4031311,208.651,-1.5200000007098424e-05,-5.999999999062311e-06,90.23200000000001,-0.6659999998959165,-1.5598589308161441,90.247939255608,90.62654111882107,0.2342132474669185,41.316359000000034,IPAD,179.6519718256386,84.65172478455467,-8.447100000125829,0.05131032291624571,-90.23200000000001,90.62654111882107,0.9956465168597379
2075,IPAD_MAC,A	E	TR4c_1	TR4c_2	TR6c_1	TR6c_2	TR8c_1	TR8c_2	TRc0_1	TRc0_2	TR60_1	TR60_2,N	N	-127	-127	-94	-86	-84	-87	-83	-83	-88	-91,"[-127, -127, -94, -86, -84, -87, -83, -83, -88, -91]",-127,-127,-94,-86,-84,-87,-83,-83,-88,-91,180.0,90.0,383323,-0.943728,-1.345617,-138.778465,383323,1142770524,224031312,208631,0.351974,-0.011841,0.00809,-0.9359,383323,0.023133,-0.033125,-0.198125,0.06410455703735352,114.2770524,22.4031312,208.631,-1.5300000001161607e-05,-5.899999997893701e-06,90.212,-0.6548999997662008,-1.570121158880425,90.2280395357411,90.60767010812803,0.20220266303637052,41.22153500000002,IPAD,179.58291539690973,84.64351444853591,-8.458200000255545,0.0615725509805265,-90.212,90.60767010812803,0.9956331499567769
2076,IPAD_MAC,A	E	TR4c_1	TR4c_2	TR6c_1	TR6c_2	TR8c_1	TR8c_2	TRc0_1	TRc0_2	TR60_1	TR60_2,N	N	-83	-69	-94	-86	-84	-87	-83	-83	-88	-91,"[-83, -69, -94, -86, -84, -87, -83, -83, -88, -91]",-83,-69,-94,-86,-84,-87,-83,-83,-88,-91,180.0,90.0,383523,-4.464572,-1.331967,-138.855775,383323,1142770524,224031312,208631,0.350755,-0.040542,-0.002815,-0.935585,383323,0.023133,-0.033125,-0.198125,0.048058271408081055,114.2770524,22.4031312,208.631,-1.5300000001161607e-05,-5.899999997893701e-06,90.212,-0.6548999997662008,-1.570121158880425,90.2280395357411,90.60767010812803,0.20220266303637052,41.144225000000006,IPAD,179.58291539690973,84.64351444853591,-8.458200000255545,0.0615725509805265,-90.212,90.60767010812803,0.9956331499567769
2077,IPAD_MAC,A	E	TR4c_1	TR4c_2	TR6c_1	TR6c_2	TR8c_1	TR8c_2	TRc0_1	TRc0_2	TR60_1	TR60_2,N	N	-82	-71	-90	-84	-85	-95	-81	-82	-81	-86,"[-82, -71, -90, -84, -85, -95, -81, -82, -81, -86]",-82,-71,-90,-84,-85,-95,-81,-82,-81,-86,180.0,90.0,383923,-7.652482,-0.722617,-138.851772,383923,1142770521,224031310,208594,0.350318,-0.064678,-0.017564,-0.93423,383923,-0.284592,-0.224494,-0.1057,0.0719296932220459,114.2770521,22.403131,208.594,-1.559999999756201e-05,-6.100000000230921e-06,90.175,-0.6771000000256322,-1.6009078502021572,90.1917512600508,90.56878740068,0.3775746979075796,41.14822800000002,IPAD,179.37273786547735,84.65513494629946,-8.435999999996113,0.09235924230225878,-90.175,90.56878740068,0.995652062791369
2078,IPAD_MAC,A	E	TR4c_1	TR4c_2	TR6c_1	TR6c_2	TR8c_1	TR8c_2	TRc0_1	TRc0_2	TR60_1	TR60_2,N	N	-81	-72	-90	-87	-87	-95	-81	-83	-82	-87,"[-81, -72, -90, -87, -87, -95, -81, -83, -82, -87]",-81,-72,-90,-87,-87,-95,-81,-83,-82,-87,180.0,90.0,384323,-14.750016,-0.717807,-138.802318,384123,1142770516,224031305,208600,0.348236,-0.122327,-0.039353,-0.928558,384123,-0.47736,-0.394362,-0.092071,0.09960675239562988,114.2770516,22.4031305,208.6,-1.6100000010510485e-05,-6.599999998968542e-06,90.181,-0.7325999998855082,-1.6522190065276483,90.19910914973254,90.56967584371561,0.6259960268923438,41.197681999999986,IPAD,179.01785082030418,84.68998883941902,-8.380500000136237,0.14367039862774988,-90.181,90.56967584371561,0.995708543283446
2079,IPAD_MAC,A	E	TR4c_1	TR4c_2	TR6c_1	TR6c_2	TR8c_1	TR8c_2	TRc0_1	TRc0_2	TR60_1	TR60_2,N	N	-93	-81	-85	-81	-85	-84	-76	-90	-85	-81,"[-93, -81, -85, -81, -85, -84, -76, -90, -85, -81]",-93,-81,-85,-81,-85,-84,-76,-90,-85,-81,180.0,90.0,384723,-19.449392,-0.518601,-138.665376,384723,1142770474,224031261,208661,0.347234,-0.1596,-0.055453,-0.922432,384723,-1.542752,-1.327136,-0.07777,0.053311824798583984,114.2770474,22.4031261,208.661,-2.0300000002748675e-05,-1.0999999997096666e-05,90.242,-1.2209999996777299,-2.0832327252760554,90.27430012792608,90.58826672505771,2.0365220030483346,41.33462399999996,IPAD,175.83520716899906,84.98875691388191,-7.892100000344016,0.574684117376157,-90.242,90.58826672505771,0.9961775764392464
2080,IPAD_MAC,A	E	TR4c_1	TR4c_2	TR6c_1	TR6c_2	TR8c_1	TR8c_2	TRc0_1	TRc0_2	TR60_1	TR60_2,N	N	-92	-82	-84	-80	-86	-85	-76	-90	-83	-82,"[-92, -82, -84, -80, -86, -85, -76, -90, -83, -82]",-92,-82,-84,-80,-86,-85,-76,-90,-83,-82,180.0,90.0,385123,-22.428879,-0.756306,-138.647999,384923,1142770449,224031233,208671,0.345216,-0.184218,-0.062622,-0.918133,384923,-1.987731,-1.735573,-0.074505,0.1321244239807129,114.2770449,22.4031233,208.671,-2.279999999643678e-05,-1.3799999997843315e-05,90.252,-1.531799999760608,-2.3397885260742597,90.295318403481,90.57367483709339,2.6398558979071183,41.35200099999997,IPAD,173.74288663962213,85.16970340527638,-7.5813000002611375,0.8312399181743613,-90.252,90.57367483709339,0.9964484731609713
2081,IPAD_MAC,A	E	TR4c_1	TR4c_2	TR6c_1	TR6c_2	TR8c_1	TR8c_2	TRc0_1	TRc0_2	TR60_1	TR60_2,N	N	-94	-84	-85	-80	-86	-83	-76	-91	-82	-82,"[-94, -84, -85, -80, -86, -83, -76, -91, -82, -82]",-94,-84,-85,-80,-86,-83,-76,-91,-82,-82,180.0,90.0,385523,-23.431042,-0.630046,-138.78867,385523,1142770318,224031098,208656,0.343636,-0.191934,-0.066433,-0.916877,385523,-3.434499,-3.008911,-0.082406,0.09477496147155762,114.2770318,22.4031098,208.656,-3.5900000000310683e-05,-2.729999999928623e-05,90.23700000000001,-3.0302999999207714,-3.6841410639786467,90.36300007452616,90.467949171937,4.56685006714234,41.211329999999975,IPAD,160.31974991005117,85.90512267620983,-6.082800000100974,2.175592456078748,-90.23700000000001,90.467949171937,0.9974471713568076
2082,IPAD_MAC,A	E	TR4c_1	TR4c_2	TR6c_1	TR6c_2	TR8c_1	TR8c_2	TRc0_1	TRc0_2	TR60_1	TR60_2,N	N	-92	-83	-87	-81	-86	-85	-76	-93	-81	-81,"[-92, -83, -87, -81, -86, -85, -76, -93, -81, -81]",-92,-83,-87,-81,-86,-85,-76,-93,-81,-81,179.0,90.0,385923,-23.67991,-0.406717,-138.908357,385723,1142770259,224031036,208648,0.342889,-0.193325,-0.068768,-0.916692,385723,-3.899024,-3.415671,-0.088156,0.0583195686340332,114.2770259,22.4031036,208.648,-4.180000000530981e-05,-3.3499999997133045e-05,90.229,-3.718499999681768,-4.289612907020504,90.40741375650401,90.43289483810364,5.184300146900544,42.091642999999976,IPAD,152.7276527962077,86.15178647562406,-5.394600000339977,2.7810642991206054,-90.229,90.43289483810364,0.9977453465526162
2083,IPAD_MAC,A	E	TR4c_1	TR4c_2	TR6c_1	TR6c_2	TR8c_1	TR8c_2	TRc0_1	TRc0_2	TR60_1	TR60_2,N	N	-93	-82	-87	-80	-84	-85	-77	-91	-81	-80,"[-93, -82, -87, -80, -84, -85, -77, -91, -81, -80]",-93,-82,-87,-80,-84,-85,-77,-91,-81,-80,331.0,60.0,386123,-23.758379,-0.26718,-139.019998,386123,1142770116,224030885,208645,0.34218,-0.193603,-0.069931,-0.91681,386123,-4.777647,-4.194991,-0.085498,0.07045888900756836,114.2770116,22.4030885,208.645,-5.6100000008996176e-05,-4.8599999999510146e-05,90.22600000000001,-5.394599999945626,-5.757112685078084,90.57028834903919,90.4024812434286,6.358550955578951,249.980002,IPAD,131.19361143645986,86.41930434516387,-3.7185000000761192,4.248564077178186,-90.22600000000001,90.4024812434286,0.8492974893128025
2084,IPAD_MAC,A	E	TR4c_1	TR4c_2	TR6c_1	TR6c_2	TR8c_1	TR8c_2	TRc0_1	TRc0_2	TR60_1	TR60_2,N	N	-94	-84	-85	-80	-86	-83	-127	-127	-82	-82,"[-94, -84, -85, -80, -86, -83, -127, -127, -82, -82]",-94,-84,-85,-80,-86,-83,-127,-127,-82,-82,330.0,60.0,386723,-24.113751,-0.24352,-138.790596,386723,1142769845,224030601,208636,0.343822,-0.196231,-0.071576,-0.915509,386723,-5.976629,-5.271825,-0.073366,0.08034062385559082,114.2769845,22.4030601,208.636,-8.320000000594518e-05,-7.699999999744023e-05,90.217,-8.546999999715865,-8.538179558462486,91.02229841180507,90.49222767459896,7.969793949922544,251.209404,IPAD,94.60412457126581,85.53019912602363,-0.5661000003058803,7.029630950562588,-90.217,90.49222767459896,0.8276280269257522
2085,IPAD_MAC,A	E	TR4c_1	TR4c_2	TR6c_1	TR6c_2	TR8c_1	TR8c_2	TRc0_1	TRc0_2	TR60_1	TR60_2,N	N	-84	-77	-86	-81	-85	-88	-78	-87	-127	-127,"[-84, -77, -86, -81, -85, -88, -78, -87, -127, -127]",-84,-77,-86,-81,-85,-88,-78,-87,-127,-127,331.0,59.0,387123,-24.169778,-0.356194,-138.698956,386923,1142769845,224030601,208636,0.344324,-0.196959,-0.071002,-0.915209,386923,-6.349002,-5.608731,-0.079849,0.04877424240112305,114.2769845,22.4030601,208.636,-8.320000000594518e-05,-7.699999999744023e-05,90.217,-8.546999999715865,-8.538179558462486,91.02229841180507,90.49222767459896,8.471957606667186,250.301044,IPAD,94.60412457126581,85.53019912602363,-0.5661000003058803,7.029630950562588,-90.217,90.49222767459896,0.8179785321744935
2086,IPAD_MAC,A	E	TR4c_1	TR4c_2	TR6c_1	TR6c_2	TR8c_1	TR8c_2	TRc0_1	TRc0_2	TR60_1	TR60_2,N	N	-88	-81	-87	-82	-86	-90	-85	-92	-85	-91,"[-88, -81, -87, -82, -86, -90, -85, -92, -85, -91]",-88,-81,-87,-82,-86,-90,-85,-92,-85,-91,331.0,60.0,387323,-24.167454,-0.340127,-138.688436,387323,1142769515,224030254,208594,0.344437,-0.196886,-0.071142,-0.915171,387323,-7.070614,-6.257299,-0.093101,0.10826301574707031,114.2769515,22.4030254,208.594,-0.00011620000000789332,-0.00011169999999793845,90.175,-12.398699999771168,-11.924720100801114,91.80118374055301,90.83403778830863,9.442247661896927,250.31156399999998,IPAD,72.49302700050723,83.0939230889317,3.2855999997494223,10.416171492901215,-90.175,90.83403778830863,0.7996645428668778
2087,IPAD_MAC,A	E	TR4c_1	TR4c_2	TR6c_1	TR6c_2	TR8c_1	TR8c_2	TRc0_1	TRc0_2	TR60_1	TR60_2,N	N	-88	-80	-91	-84	-85	-89	-86	-90	-87	-91,"[-88, -80, -91, -84, -85, -89, -86, -90, -87, -91]",-88,-80,-91,-84,-85,-89,-86,-90,-87,-91,331.0,60.0,387523,-23.946245,-0.19531,-138.85057,387523,1142769392,224030125,208564,0.343535,-0.194786,-0.071356,-0.915943,387523,-7.413459,-6.565963,-0.10118,0.08395648002624512,114.2769392,22.4030125,208.564,-0.00012850000000241835,-0.00012459999999947513,90.145,-13.83059999994174,-13.186976549892227,92.14826570199678,91.02066529335826,9.90360953665127,250.14943,IPAD,68.00375871747384,82.04600177784815,4.717499999919994,11.678427941992329,-90.145,91.02066529335826,0.7885533140664893
2088,IPAD_MAC,A	E	TR4c_1	TR4c_2	TR6c_1	TR6c_2	TR8c_1	TR8c_2	TRc0_1	TRc0_2	TR60_1	TR60_2,N	N	-82	-75	-91	-87	-86	-92	-81	-88	-89	-90,"[-82, -75, -91, -87, -86, -92, -81, -88, -89, -90]",-82,-75,-91,-87,-86,-92,-81,-88,-89,-90,331.0,60.0,387523,-23.946245,-0.19531,-138.85057,387523,1142769392,224030125,208564,0.343535,-0.194786,-0.071356,-0.915943,387523,-7.413459,-6.565963,-0.10118,0.07094812393188477,114.2769392,22.4030125,208.564,-0.00012850000000241835,-0.00012459999999947513,90.145,-13.83059999994174,-13.186976549892227,92.14826570199678,91.02066529335826,9.90360953665127,250.14943,IPAD,68.00375871747384,82.04600177784815,4.717499999919994,11.678427941992329,-90.145,91.02066529335826,0.7885533140664893
2089,IPAD_MAC,A	E	TR4c_1	TR4c_2	TR6c_1	TR6c_2	TR8c_1	TR8c_2	TRc0_1	TRc0_2	TR60_1	TR60_2,N	N	-82	-73	-91	-85	-87	-92	-81	-85	-87	-89,"[-82, -73, -91, -85, -87, -92, -81, -85, -87, -89]",-82,-73,-91,-85,-87,-92,-81,-85,-87,-89,179.0,90.0,387923,-24.19048,-0.418277,-138.922907,387923,1142769132,224029851,208506,0.342414,-0.197449,-0.070183,-0.915883,387923,-8.054351,-7.123072,-0.083735,0.06311416625976562,114.2769132,22.4029851,208.506,-0.00015450000000782893,-0.00015199999999992997,90.087,-16.871999999992227,-15.855161701701928,93.01461232294017,91.55158876542117,10.752568823244518,42.07709299999999,IPAD,61.59469977574331,79.73773540311235,7.758899999970481,14.346613093802029,-90.087,91.55158876542117,0.9840025849341202
2090,IPAD_MAC,A	E	TR4c_1	TR4c_2	TR6c_1	TR6c_2	TR8c_1	TR8c_2	TRc0_1	TRc0_2	TR60_1	TR60_2,N	N	-80	-73	-89	-85	-84	-91	-79	-83	-82	-86,"[-80, -73, -89, -85, -84, -91, -79, -83, -82, -86]",-80,-73,-89,-85,-84,-91,-79,-83,-82,-86,179.0,90.0,388123,-24.188002,-0.536504,-138.957975,388123,1142768991,224029705,208486,0.341931,-0.197803,-0.06917,-0.916064,388123,-8.354701,-7.37095,-0.088088,0.09480428695678711,114.2768991,22.4029705,208.486,-0.00016860000000917807,-0.00016660000000001673,90.067,-18.492600000001858,-17.30213944154282,93.55963217656779,91.92103687769279,11.14179932495847,42.04202499999997,IPAD,59.29476464643554,78.47284736084814,9.379499999980112,15.793590833642922,-90.067,91.92103687769279,0.979830113533644
2091,IPAD_MAC,A	E	TR4c_1	TR4c_2	TR6c_1	TR6c_2	TR8c_1	TR8c_2	TRc0_1	TRc0_2	TR60_1	TR60_2,N	N	-79	-71	-88	-84	-81	-87	-78	-81	-80	-85,"[-79, -71, -88, -84, -81, -87, -78, -81, -80, -85]",-79,-71,-88,-84,-81,-87,-78,-81,-80,-85,179.0,90.0,388323,-24.344107,0.24058,-139.01743,388123,1142768991,224029705,208486,0.342692,-0.196767,-0.075745,-0.915482,388123,-8.354701,-7.37095,-0.088088,0.04364275932312012,114.2768991,22.4029705,208.486,-0.00016860000000917807,-0.00016660000000001673,90.067,-18.492600000001858,-17.30213944154282,93.55963217656779,91.92103687769279,11.14179932495847,41.98257000000001,IPAD,59.29476464643554,78.47284736084814,9.379499999980112,15.793590833642922,-90.067,91.92103687769279,0.979830113533644
2092,IPAD_MAC,A	E	TR4c_1	TR4c_2	TR6c_1	TR6c_2	TR8c_1	TR8c_2	TRc0_1	TRc0_2	TR60_1	TR60_2,N	N	-79	-71	-127	-127	-80	-87	-76	-81	-80	-81,"[-79, -71, -127, -127, -80, -87, -76, -81, -80, -81]",-79,-71,-127,-127,-80,-87,-76,-81,-80,-81,180.0,90.0,388523,-24.437881,0.159144,-139.024288,388323,1142768847,224029553,208464,0.342438,-0.197764,-0.075362,-0.915394,388323,-8.649242,-7.615808,-0.073958,0.0712578296661377,114.2768847,22.4029553,208.464,-0.00018300000000692762,-0.00018180000000000973,90.045,-20.17980000000108,-18.779904294292777,94.17011818163361,92.35190090699507,11.524555889629413,40.97571199999999,IPAD,57.35009675578414,77.16672837959993,11.066699999979335,17.27135568639288,-90.045,92.35190090699507,0.9750205368342305
2093,IPAD_MAC,A	E	TR4c_1	TR4c_2	TR6c_1	TR6c_2	TR8c_1	TR8c_2	TRc0_1	TRc0_2	TR60_1	TR60_2,N	N	-80	-72	-87	-86	-82	-86	-78	-81	-127	-127,"[-80, -72, -87, -86, -82, -86, -78, -81, -127, -127]",-80,-72,-87,-86,-82,-86,-78,-81,-127,-127,180.0,90.0,388523,-24.437881,0.159144,-139.024288,388323,1142768847,224029553,208464,0.342438,-0.197764,-0.075362,-0.915394,388323,-8.649242,-7.615808,-0.073958,0.04272627830505371,114.2768847,22.4029553,208.464,-0.00018300000000692762,-0.00018180000000000973,90.045,-20.17980000000108,-18.779904294292777,94.17011818163361,92.35190090699507,11.524555889629413,40.97571199999999,IPAD,57.35009675578414,77.16672837959993,11.066699999979335,17.27135568639288,-90.045,92.35190090699507,0.9750205368342305
2094,IPAD_MAC,A	E	TR4c_1	TR4c_2	TR6c_1	TR6c_2	TR8c_1	TR8c_2	TRc0_1	TRc0_2	TR60_1	TR60_2,N	N	-80	-72	-87	-86	-82	-86	-78	-81	-80	-82,"[-80, -72, -87, -86, -82, -86, -78, -81, -80, -82]",-80,-72,-87,-86,-82,-86,-78,-81,-80,-82,180.0,90.0,388723,-24.832874,0.260542,-139.071379,388723,1142768544,224029234,208428,0.341986,-0.200648,-0.077267,-0.914776,388723,-9.213076,-8.106306,-0.047073,0.10247492790222168,114.2768544,22.4029234,208.428,-0.00021329999999863958,-0.0002136999999997613,90.009,-23.720699999973505,-21.889368880707394,95.62131644923335,93.43650193447458,12.271722870678794,40.92862100000002,IPAD,54.369593816693225,74.4330041601043,14.60759999995176,20.380820272807497,-90.009,93.43650193447458,0.9633173132179305
2095,IPAD_MAC,A	E	TR4c_1	TR4c_2	TR6c_1	TR6c_2	TR8c_1	TR8c_2	TRc0_1	TRc0_2	TR60_1	TR60_2,N	N	-82	-73	-87	-89	-83	-89	-80	-82	-80	-87,"[-82, -73, -87, -89, -83, -89, -80, -82, -80, -87]",-82,-73,-87,-89,-83,-89,-80,-82,-80,-87,180.0,90.0,388923,-24.813374,-0.013624,-138.958795,388723,1142768544,224029234,208428,0.342417,-0.201236,-0.075218,-0.914657,388723,-9.213076,-8.106306,-0.047073,0.061632394790649414,114.2768544,22.4029234,208.428,-0.00021329999999863958,-0.0002136999999997613,90.009,-23.720699999973505,-21.889368880707394,95.62131644923335,93.43650193447458,12.271722870678794,41.04120499999999,IPAD,54.369593816693225,74.4330041601043,14.60759999995176,20.380820272807497,-90.009,93.43650193447458,0.9633173132179305
2096,IPAD_MAC,A	E	TR4c_1	TR4c_2	TR6c_1	TR6c_2	TR8c_1	TR8c_2	TRc0_1	TRc0_2	TR60_1	TR60_2,N	N	-83	-73	-87	-89	-82	-86	-82	-81	-81	-85,"[-83, -73, -87, -89, -82, -86, -82, -81, -81, -85]",-83,-73,-87,-89,-82,-86,-82,-81,-81,-85,180.0,90.0,388923,-24.813374,-0.013624,-138.958795,388923,1142768544,224029234,208428,0.342417,-0.201236,-0.075218,-0.914657,388923,-9.477875,-8.368537,-0.044597,0.06904840469360352,114.2768544,22.4029234,208.428,-0.00021329999999863958,-0.0002136999999997613,90.009,-23.720699999973505,-21.889368880707394,95.62131644923335,93.43650193447458,12.64375398876469,41.04120499999999,IPAD,54.369593816693225,74.4330041601043,14.60759999995176,20.380820272807497,-90.009,93.43650193447458,0.9633173132179305
2097,IPAD_MAC,A	E	TR4c_1	TR4c_2	TR6c_1	TR6c_2	TR8c_1	TR8c_2	TRc0_1	TRc0_2	TR60_1	TR60_2,N	N	-84	-73	-127	-127	-84	-88	-83	-81	-81	-90,"[-84, -73, -127, -127, -84, -88, -83, -81, -81, -90]",-84,-73,-127,-127,-84,-88,-83,-81,-81,-90,180.0,90.0,389123,-24.776096,0.065806,-139.168497,389123,1142768222,224028895,208400,0.340907,-0.200839,-0.075373,-0.915295,389123,-9.744393,-8.579692,-0.033731,0.049546003341674805,114.2768222,22.4028895,208.4,-0.0002455000000054497,-0.0002475999999980161,89.98100000000001,-27.483599999779784,-25.193817960901946,97.3994717305744,94.8422248556273,12.983275685807262,40.831503,IPAD,52.202534631664086,71.57606835383557,18.37049999975804,23.68526935300205,-89.98100000000001,94.8422248556273,0.9487440866868396
2098,IPAD_MAC,A	E	TR4c_1	TR4c_2	TR6c_1	TR6c_2	TR8c_1	TR8c_2	TRc0_1	TRc0_2	TR60_1	TR60_2,N	N	-86	-72	-89	-91	-83	-89	-82	-81	-127	-127,"[-86, -72, -89, -91, -83, -89, -82, -81, -127, -127]",-86,-72,-89,-91,-83,-89,-82,-81,-127,-127,180.0,90.0,389323,-25.053337,-0.012336,-138.999069,389123,1142768222,224028895,208400,0.341939,-0.203173,-0.075874,-0.914353,389123,-9.744393,-8.579692,-0.033731,0.09156584739685059,114.2768222,22.4028895,208.4,-0.0002455000000054497,-0.0002475999999980161,89.98100000000001,-27.483599999779784,-25.193817960901946,97.3994717305744,94.8422248556273,12.983275685807262,41.00093100000004,IPAD,52.202534631664086,71.57606835383557,18.37049999975804,23.68526935300205,-89.98100000000001,94.8422248556273,0.9487440866868396
2099,IPAD_MAC,A	E	TR4c_1	TR4c_2	TR6c_1	TR6c_2	TR8c_1	TR8c_2	TRc0_1	TRc0_2	TR60_1	TR60_2,N	N	-86	-72	-89	-91	-83	-89	-82	-81	-84	-87,"[-86, -72, -89, -91, -83, -89, -82, -81, -84, -87]",-86,-72,-89,-91,-83,-89,-82,-81,-84,-87,180.0,90.0,389323,-25.053337,-0.012336,-138.999069,389123,1142768222,224028895,208400,0.341939,-0.203173,-0.075874,-0.914353,389123,-9.744393,-8.579692,-0.033731,0.04320669174194336,114.2768222,22.4028895,208.4,-0.0002455000000054497,-0.0002475999999980161,89.98100000000001,-27.483599999779784,-25.193817960901946,97.3994717305744,94.8422248556273,12.983275685807262,41.00093100000004,IPAD,52.202534631664086,71.57606835383557,18.37049999975804,23.68526935300205,-89.98100000000001,94.8422248556273,0.9487440866868396
2100,IPAD_MAC,A	E	TR4c_1	TR4c_2	TR6c_1	TR6c_2	TR8c_1	TR8c_2	TRc0_1	TRc0_2	TR60_1	TR60_2,N	N	-86	-72	-90	-91	-87	-90	-86	-81	-89	-91,"[-86, -72, -90, -91, -87, -90, -86, -81, -89, -91]",-86,-72,-90,-91,-87,-90,-86,-81,-89,-91,180.0,90.0,389523,-24.972255,0.122737,-138.856157,389523,1142767881,224028537,208406,0.343372,-0.202027,-0.076962,-0.913979,389523,-10.231457,-9.02235,-0.00636,0.0999748706817627,114.2767881,22.4028537,208.406,-0.00027959999999893625,-0.00028339999999715815,89.98700000000001,-31.457399999684554,-28.693251796629145,99.55164932036494,96.6226474432068,13.641317836446339,41.143843000000004,IPAD,50.5817147605685,68.6421673758966,22.34429999966281,27.184703188729248,-89.98700000000001,96.6226474432068,0.9313240982440776
2101,IPAD_MAC,A	E	TR4c_1	TR4c_2	TR6c_1	TR6c_2	TR8c_1	TR8c_2	TRc0_1	TRc0_2	TR60_1	TR60_2,N	N	-88	-73	-92	-91	-86	-88	-89	-83	-127	-127,"[-88, -73, -92, -91, -86, -88, -89, -83, -127, -127]",-88,-73,-92,-91,-86,-88,-89,-83,-127,-127,180.0,90.0,389723,-25.065832,-0.104921,-138.829558,389523,1142767881,224028537,208406,0.343119,-0.203438,-0.075473,-0.913885,389523,-10.231457,-9.02235,-0.00636,0.0455782413482666,114.2767881,22.4028537,208.406,-0.00027959999999893625,-0.00028339999999715815,89.98700000000001,-31.457399999684554,-28.693251796629145,99.55164932036494,96.6226474432068,13.641317836446339,41.17044199999998,IPAD,50.5817147605685,68.6421673758966,22.34429999966281,27.184703188729248,-89.98700000000001,96.6226474432068,0.9313240982440776
2102,IPAD_MAC,A	E	TR4c_1	TR4c_2	TR6c_1	TR6c_2	TR8c_1	TR8c_2	TRc0_1	TRc0_2	TR60_1	TR60_2,N	N	-84	-72	-91	-90	-84	-89	-88	-84	-90	-92,"[-84, -72, -91, -90, -84, -89, -88, -84, -90, -92]",-84,-72,-91,-90,-84,-89,-88,-84,-90,-92,180.0,90.0,390123,-24.747725,0.080087,-138.796935,390123,1142767342,224027969,208401,0.343916,-0.200324,-0.076053,-0.914225,390123,-10.84456,-9.606297,-0.000152,0.14314031600952148,114.2767342,22.4027969,208.401,-0.00033349999999643387,-0.00034020000000012374,89.98200000000001,-37.762200000013735,-34.22461868622601,103.4121298352307,99.93934408519745,14.487422947816254,41.20306500000004,IPAD,48.79172659724035,64.20623458308864,28.64909999999199,32.71607007832611,-89.98200000000001,99.93934408519745,0.9003661253098793
2105,IPAD_MAC,A	E	TR4c_1	TR4c_2	TR6c_1	TR6c_2	TR8c_1	TR8c_2	TRc0_1	TRc0_2	TR60_1	TR60_2,N	N	-85	-89	-90	-90	-81	-91	-86	-84	-127	-127,"[-85, -89, -90, -90, -81, -91, -86, -84, -127, -127]",-85,-89,-90,-90,-81,-91,-86,-84,-127,-127,180.0,90.0,392523,-18.830876,-0.685414,-138.521713,392523,1142764935,224025450,208489,0.348505,-0.155062,-0.052421,-0.922904,392523,-12.073161,-10.673194,0.086683,0.059325456619262695,114.2764935,22.402545,208.489,-0.0005742000000026337,-0.000592099999998652,90.07000000000001,-65.72309999985038,-58.92597201097697,126.11265182775587,120.88861613166402,16.114769642661543,41.47828700000002,IPAD,45.405702231428016,48.16476979939423,56.60999999982863,57.41742340307707,-90.07000000000001,120.88861613166402,0.7450660193007885
2106,IPAD_MAC,A	E	TR4c_1	TR4c_2	TR6c_1	TR6c_2	TR8c_1	TR8c_2	TRc0_1	TRc0_2	TR60_1	TR60_2,N	N	-80	-92	-127	-127	-80	-92	-86	-86	-87	-87,"[-80, -92, -127, -127, -80, -92, -86, -86, -87, -87]",-80,-92,-127,-127,-80,-92,-86,-86,-87,-87,180.0,90.0,392723,-18.370715,-0.761993,-138.525456,392723,1142764727,224025232,208516,0.348626,-0.151593,-0.050391,-0.923548,392723,-11.999752,-10.621231,0.088755,0.1266803741455078,114.2764727,22.4025232,208.516,-0.00059500000000412,-0.0006138999999976136,90.097,-68.1428999997351,-61.06053438815284,128.41072030457852,123.0789409581412,16.025369682690318,41.47454400000004,IPAD,45.2523055944825,47.056521125993775,59.02979999971336,59.55198578025294,-90.097,123.0789409581412,0.7320261232231575
2107,IPAD_MAC,A	E	TR4c_1	TR4c_2	TR6c_1	TR6c_2	TR8c_1	TR8c_2	TRc0_1	TRc0_2	TR60_1	TR60_2,N	N	-77	-91	-127	-127	-80	-90	-88	-86	-86	-88,"[-77, -91, -127, -127, -80, -90, -88, -86, -86, -88]",-77,-91,-127,-127,-80,-90,-88,-86,-86,-88,180.0,89.0,392923,-18.433216,-0.958806,-138.28742,392723,1142764727,224025232,208516,0.350247,-0.152592,-0.049314,-0.922828,392723,-11.999752,-10.621231,0.088755,0.05326414108276367,114.2764727,22.4025232,208.516,-0.00059500000000412,-0.0006138999999976136,90.097,-68.1428999997351,-61.06053438815284,128.41072030457852,123.0789409581412,16.025369682690318,41.71258,IPAD,45.2523055944825,47.056521125993775,59.02979999971336,59.55198578025294,-90.097,123.0789409581412,0.7437818643553145
2108,IPAD_MAC,A	E	TR4c_1	TR4c_2	TR6c_1	TR6c_2	TR8c_1	TR8c_2	TRc0_1	TRc0_2	TR60_1	TR60_2,N	N	-77	-93	-91	-92	-82	-89	-91	-90	-127	-127,"[-77, -93, -91, -92, -82, -89, -91, -90, -127, -127]",-77,-93,-91,-92,-82,-89,-91,-90,-127,-127,181.0,89.0,393123,-18.025671,-0.696699,-138.498666,393123,1142764316,224024801,208553,0.349113,-0.148603,-0.049897,-0.923876,393123,-11.837627,-10.492773,0.043899,0.04746675491333008,114.2764316,22.4024801,208.553,-0.000636100000008355,-0.0006570000000003517,90.134,-72.92700000003904,-65.27834952698649,133.05543281645103,127.5262298449701,15.818648025127148,40.50133400000004,IPAD,44.980195815774984,44.974169790077944,63.8139000000173,63.76980091908659,-90.134,127.5262298449701,0.7189888569136239
2109,IPAD_MAC,A	E	TR4c_1	TR4c_2	TR6c_1	TR6c_2	TR8c_1	TR8c_2	TRc0_1	TRc0_2	TR60_1	TR60_2,N	N	-77	-92	-127	-127	-81	-84	-88	-89	-127	-127,"[-77, -92, -127, -127, -81, -84, -88, -89, -127, -127]",-77,-92,-127,-127,-81,-84,-88,-89,-127,-127,120.0,31.0,394123,-17.474781,-0.605365,-138.452094,393923,1142763508,224023953,208598,0.349894,-0.143865,-0.049005,-0.924379,393923,-11.594145,-10.261809,0.014643,0.04919242858886719,114.2763508,22.4023953,208.598,-0.0007169000000004644,-0.0007418000000001257,90.17900000000002,-82.33980000001395,-73.5703149298776,142.56467284683,136.70149889204646,15.483188839866125,101.54790600000001,IPAD,44.5406080430439,41.275335822351195,73.2266999999922,72.0617663219777,-90.17900000000002,136.70149889204646,0.6905484150320836
2110,IPAD_MAC,A	E	TR4c_1	TR4c_2	TR6c_1	TR6c_2	TR8c_1	TR8c_2	TRc0_1	TRc0_2	TR60_1	TR60_2,N	N	-77	-91	-89	-91	-79	-82	-87	-89	-127	-127,"[-77, -91, -89, -91, -79, -82, -87, -89, -127, -127]",-77,-91,-89,-91,-79,-82,-87,-89,-127,-127,120.0,30.0,394523,-17.60433,-0.714215,-138.537574,394323,1142763111,224023534,208592,0.349,-0.145278,-0.048416,-0.924527,394323,-11.470924,-10.173662,-0.000272,0.04953145980834961,114.2763111,22.4023534,208.592,-0.0007566000000025497,-0.0007836999999994987,90.17300000000002,-86.99069999994435,-77.6444651359316,147.4015426707781,141.39578599205623,15.332498034501882,101.462426,IPAD,44.352090252708656,39.62310887871353,77.87759999992261,76.1359165280317,-90.17300000000002,141.39578599205623,0.6810969904097691
2111,RMN5_MAC,A	E	TR4c_1	TR4c_2	TR6c_1	TR6c_2	TR8c_1	TR8c_2	TRc0_1	TRc0_2	TR60_1	TR60_2,N	N	-92	-84	-127	-127	-127	-127	-95	-91	-127	-127,"[-92, -84, -127, -127, -127, -127, -95, -91, -127, -127]",-92,-84,-127,-127,-127,-127,-95,-91,-127,-127,209.0,60.0,394523,-17.60433,-0.714215,-138.537574,394323,1142763111,224023534,208592,0.349,-0.145278,-0.048416,-0.924527,394323,-11.470924,-10.173662,-0.000272,0.07042932510375977,114.2763111,22.4023534,208.592,-0.0007566000000025497,-0.0007836999999994987,90.17300000000002,-86.99069999994435,-77.6444651359316,147.4015426707781,94.1986060291578,15.332498034501882,12.462425999999994,RMN5,20.023975942934005,73.18913998585074,25.596600000206138,9.328532428304484,-90.17300000000002,94.1986060291578,0.9723646788702681
2112,IPAD_MAC,A	E	TR4c_1	TR4c_2	TR6c_1	TR6c_2	TR8c_1	TR8c_2	TRc0_1	TRc0_2	TR60_1	TR60_2,N	N	-77	-89	-88	-89	-79	-80	-87	-90	-87	-89,"[-77, -89, -88, -89, -79, -80, -87, -90, -87, -89]",-77,-89,-88,-89,-79,-80,-87,-90,-87,-89,121.0,30.0,394923,-17.795622,-0.711709,-138.599952,394723,1142762719,224023121,208578,0.348399,-0.146839,-0.048941,-0.924479,394723,-11.376472,-10.099301,-0.014951,0.045590877532958984,114.2762719,22.4023121,208.578,-0.0007958000000058973,-0.0008249999999989654,90.159,-91.57499999988516,-81.66730599426153,152.2635044071274,146.1302043326877,15.21250207519414,100.40004799999997,IPAD,44.18859306295538,38.095725914779635,82.46189999986342,80.15875738636163,-90.159,146.1302043326877,0.6875161668233187
2113,RMN5_MAC,A	E	TR4c_1	TR4c_2	TR6c_1	TR6c_2	TR8c_1	TR8c_2	TRc0_1	TRc0_2	TR60_1	TR60_2,N	N	-93	-86	-127	-127	-127	-127	-127	-127	-127	-127,"[-93, -86, -127, -127, -127, -127, -127, -127, -127, -127]",-93,-86,-127,-127,-127,-127,-127,-127,-127,-127,208.0,60.0,395123,-18.365052,-1.024605,-138.495018,394923,1142762522,224022915,208569,0.348526,-0.152333,-0.048298,-0.923576,394923,-11.345675,-10.073201,-0.005538,0.09382176399230957,114.2762522,22.4022915,208.569,-0.0008155000000016344,-0.0008455999999981145,90.14999999999999,-93.86159999979071,-83.68898958098427,154.7283730658563,97.0437629829186,15.172137300376304,13.504982000000041,RMN5,25.33711626842489,68.27363442120203,32.467500000052496,15.373056873357157,-90.14999999999999,97.0437629829186,0.9856594812424727
2114,RMN5_MAC,A	E	TR4c_1	TR4c_2	TR6c_1	TR6c_2	TR8c_1	TR8c_2	TRc0_1	TRc0_2	TR60_1	TR60_2,N	N	-96	-93	-127	-127	-127	-127	-127	-127	-127	-127,"[-96, -93, -127, -127, -127, -127, -127, -127, -127, -127]",-96,-93,-127,-127,-127,-127,-127,-127,-127,-127,122.0,30.0,395323,-17.919022,-1.246752,-138.462108,395123,1142762327,224022709,208579,0.348752,-0.149404,-0.045182,-0.924126,395123,-11.307775,-10.056457,0.014213,0.05708432197570801,114.2762327,22.4022709,208.579,-0.000835000000009245,-0.0008661999999972636,90.16000000000001,-96.14819999969626,-85.69014918153884,157.21356057902887,98.1760483258999,15.132689941079311,99.537892,RMN5,26.56131396323991,66.68608123170577,34.754099999958044,17.37421647391173,-90.16000000000001,98.1760483258999,0.5595182483635062
2115,IPAD_MAC,A	E	TR4c_1	TR4c_2	TR6c_1	TR6c_2	TR8c_1	TR8c_2	TRc0_1	TRc0_2	TR60_1	TR60_2,N	N	-77	-91	-88	-90	-79	-77	-86	-91	-89	-90,"[-77, -91, -88, -90, -79, -77, -86, -91, -89, -90]",-77,-91,-88,-90,-79,-77,-86,-91,-89,-90,122.0,30.0,395323,-17.919022,-1.246752,-138.462108,395323,1142762132,224022504,208567,0.348752,-0.149404,-0.045182,-0.924126,395323,-11.292816,-10.049062,0.0235,0.04907536506652832,114.2762132,22.4022504,208.567,-0.0008545000000026448,-0.0008866999999987968,90.14800000000001,-98.42369999986644,-87.69130931070414,159.69862978212836,153.39658868009118,15.116609822962952,99.537892,IPAD,43.978918534367644,35.992496724552595,89.3105999998447,86.18276070280425,-90.14800000000001,153.39658868009118,0.6901236118926513
2116,IPAD_MAC,A	E	TR4c_1	TR4c_2	TR6c_1	TR6c_2	TR8c_1	TR8c_2	TRc0_1	TRc0_2	TR60_1	TR60_2,N	N	-76	-92	-88	-91	-79	-77	-86	-90	-87	-88,"[-76, -92, -88, -91, -79, -77, -86, -90, -87, -88]",-76,-92,-88,-91,-79,-77,-86,-90,-87,-88,179.0,30.0,395723,-17.743876,-0.826211,-138.555593,395723,1142761744,224022097,208554,0.348638,-0.146751,-0.047916,-0.924457,395723,-11.254834,-9.997234,0.023406,0.10351848602294922,114.2761744,22.4022097,208.554,-0.000893300000001318,-0.0009273999999983573,90.135,-102.94139999981766,-91.6731065475141,164.69732397034971,158.29629058919147,15.053787691446562,42.44440700000001,IPAD,43.85925344113865,34.70887738969036,93.82829999979592,90.1645579396142,-90.135,158.29629058919147,0.9964076326086235
2117,IPAD_MAC,A	E	TR4c_1	TR4c_2	TR6c_1	TR6c_2	TR8c_1	TR8c_2	TRc0_1	TRc0_2	TR60_1	TR60_2,N	N	-78	-94	-91	-91	-81	-76	-88	-92	-127	-127,"[-78, -94, -91, -91, -81, -76, -88, -92, -127, -127]",-78,-94,-91,-91,-81,-76,-88,-92,-127,-127,179.0,30.0,396323,-18.834544,-0.61449,-138.79811,396323,1142761166,224021490,208570,0.346372,-0.155003,-0.052629,-0.923705,396323,-11.190233,-9.926536,0.03586,0.06255197525024414,114.2761166,22.402149,208.57,-0.0009511000000088643,-0.0009880999999971607,90.151,-109.67909999968484,-97.60475732071481,172.28870081748397,165.75646137001453,14.958566692473747,42.20188999999999,IPAD,43.69799036054234,32.94790281593467,100.56599999966309,96.09620871281491,-90.151,165.75646137001453,0.9984289672511102
2118,IPAD_MAC,A	E	TR4c_1	TR4c_2	TR6c_1	TR6c_2	TR8c_1	TR8c_2	TRc0_1	TRc0_2	TR60_1	TR60_2,N	N	-81	-93	-90	-92	-83	-77	-90	-92	-127	-127,"[-81, -93, -90, -92, -83, -77, -90, -92, -127, -127]",-81,-93,-90,-92,-83,-77,-90,-92,-127,-127,179.0,30.0,396923,-19.37304,-1.242802,-138.499185,396923,1142760590,224020884,208618,0.347603,-0.161105,-0.049623,-0.922364,396923,-11.166134,-9.915559,0.068312,0.061287879943847656,114.276059,22.4020884,208.618,-0.0010086999999998625,-0.0010486999999983482,90.199,-116.40569999981665,-103.51588858477733,180.00468266948874,173.35818130354923,14.933369523244945,42.50081499999999,IPAD,43.55346948143762,31.352662776908296,107.2925999997949,102.00733997687743,-90.199,173.35818130354923,0.9995965202946001
2120,IPAD_MAC,A	E	TR4c_1	TR4c_2	TR6c_1	TR6c_2	TR8c_1	TR8c_2	TRc0_1	TRc0_2	TR60_1	TR60_2,N	N	-88	-93	-91	-94	-87	-77	-127	-127	-127	-127,"[-88, -93, -91, -94, -87, -77, -127, -127, -127, -127]",-88,-93,-91,-94,-87,-77,-127,-127,-127,-127,180.0,30.0,398723,-19.137518,-1.08582,-138.594706,398723,1142758860,224019067,208989,0.347194,-0.158777,-0.050033,-0.922899,398723,-11.150098,-9.934351,0.160777,0.10169863700866699,114.275886,22.4019067,208.989,-0.001181700000003616,-0.0012303999999971893,90.57000000000001,-136.574399999688,-121.26983785827858,203.86727351256738,196.95703668698357,14.934586182567429,41.405294000000026,IPAD,43.21603865775998,27.377201571731135,127.46129999966627,119.76128925037868,-90.57000000000001,196.95703668698357,0.9985684274977547
2123,IPAD_MAC,A	E	TR4c_1	TR4c_2	TR6c_1	TR6c_2	TR8c_1	TR8c_2	TRc0_1	TRc0_2	TR60_1	TR60_2,N	N	-127	-127	-90	-91	-85	-75	-94	-90	-127	-127,"[-127, -127, -90, -91, -85, -75, -94, -90, -127, -127]",-127,-127,-90,-91,-85,-75,-94,-90,-127,-127,180.0,30.0,400123,-18.726387,-1.168125,-138.542273,399923,1142757895,224018055,209369,0.347744,-0.155697,-0.048185,-0.923315,399923,-11.176793,-9.936119,0.214136,0.06163454055786133,114.2757895,22.4018055,209.369,-0.0012782000000015614,-0.0013316000000003214,90.95,-147.80760000003568,-131.17307235895416,217.54393586091516,210.5254273237358,14.956370441170076,41.45772699999998,IPAD,43.072789256298876,25.595462230253926,138.69450000001393,129.66452375105425,-90.95,210.5254273237358,0.996736397499976
2124,IPAD_MAC,A	E	TR4c_1	TR4c_2	TR6c_1	TR6c_2	TR8c_1	TR8c_2	TRc0_1	TRc0_2	TR60_1	TR60_2,N	N	-127	-127	-127	-127	-87	-78	-92	-93	-127	-127,"[-127, -127, -127, -127, -87, -78, -92, -93, -127, -127]",-127,-127,-127,-127,-87,-78,-92,-93,-127,-127,180.0,30.0,400523,-18.638427,-0.853291,-138.687617,400323,1142757317,224017449,209577,0.347049,-0.154097,-0.050257,-0.923735,400323,-11.184134,-9.90152,0.158856,0.09418940544128418,114.2757317,22.4017449,209.577,-0.0013360000000091077,-0.0013921999999979562,91.158,-154.53419999977314,-137.10475753132513,225.80592213512324,218.73136300846951,14.938212304994599,41.31238300000001,IPAD,42.99764789345327,24.630061922369304,145.4210999997514,135.59620892342522,-91.158,218.73136300846951,0.9952706920655164
2129,IPAD_MAC,A	E	TR4c_1	TR4c_2	TR6c_1	TR6c_2	TR8c_1	TR8c_2	TRc0_1	TRc0_2	TR60_1	TR60_2,N	N	-127	-127	-127	-127	-90	-81	-127	-127	-127	-127,"[-127, -127, -127, -127, -90, -81, -127, -127, -127, -127]",-127,-127,-127,-127,-90,-81,-127,-127,-127,-127,181.0,29.0,402123,-19.18665,-0.821319,-138.664802,401923,1142755780,224015835,210030,0.346967,-0.158403,-0.052216,-0.922928,401923,-11.169141,-9.900293,0.152482,0.04980301856994629,114.275578,22.4015835,210.03,-0.0014897000000075877,-0.0015535999999976013,91.611,-172.44959999973375,-152.87813956285643,247.99831736781678,240.79896307714196,14.92611010692518,40.33519799999999,IPAD,42.822338955679925,22.36131106257826,163.336499999712,151.36959095495652,-91.611,240.79896307714196,0.9925329789155064
2130,IPAD_MAC,A	E	TR4c_1	TR4c_2	TR6c_1	TR6c_2	TR8c_1	TR8c_2	TRc0_1	TRc0_2	TR60_1	TR60_2,N	N	-127	-127	-127	-127	-90	-81	-92	-93	-127	-127,"[-127, -127, -127, -127, -90, -81, -92, -93, -127, -127]",-127,-127,-127,-127,-90,-81,-92,-93,-127,-127,239.0,29.0,402323,-19.124717,-0.973222,-138.585675,402123,1142755588,224015633,210078,0.34743,-0.158329,-0.050913,-0.922839,402123,-11.169394,-9.903481,0.149889,0.08833622932434082,114.2755588,22.4015633,210.078,-0.0015089000000045871,-0.0015737999999991814,91.659,-174.69179999990914,-154.84853212666522,250.79207557255697,243.57920420304342,14.928387888748,342.41432499999996,IPAD,42.80231478803202,22.104720513597737,165.5786999998874,153.3399835187653,-91.659,243.57920420304342,0.5828392708638721
2139,IPAD_MAC,A	E	TR4c_1	TR4c_2	TR6c_1	TR6c_2	TR8c_1	TR8c_2	TRc0_1	TRc0_2	TR60_1	TR60_2,N	N	-127	-127	-127	-127	-93	-88	-127	-127	-127	-127,"[-127, -127, -127, -127, -93, -88, -127, -127, -127, -127]",-127,-127,-127,-127,-93,-88,-127,-127,-127,-127,238.0,30.0,404923,-16.528033,-1.201596,-138.364293,404923,1142752899,224012804,210708,0.350363,-0.138018,-0.04139,-0.925464,404923,-11.074912,-9.849074,0.08019,0.05125594139099121,114.2752899,22.4012804,210.708,-0.0017777999999992744,-0.001856699999997602,92.289,-206.09369999973381,-182.44435065116247,290.30641361345187,282.94236296158493,14.82107839873064,343.635707,IPAD,42.56891352202393,19.036836066341195,196.98059999971207,180.93580204326256,-92.289,282.94236296158493,0.5855476814875389
2140,IPAD_MAC,A	E	TR4c_1	TR4c_2	TR6c_1	TR6c_2	TR8c_1	TR8c_2	TRc0_1	TRc0_2	TR60_1	TR60_2,N	N	-127	-127	-127	-127	-91	-91	-127	-127	-127	-127,"[-127, -127, -127, -127, -91, -91, -127, -127, -127, -127]",-127,-127,-127,-127,-91,-91,-127,-127,-127,-127,238.0,30.0,405123,-14.519108,-0.659079,-138.710076,405123,1142752709,224012604,210721,0.349147,-0.120247,-0.039221,-0.928493,405123,-11.001232,-9.749457,0.041614,0.09423971176147461,114.2752709,22.4012604,210.721,-0.0017968000000081474,-0.0018766999999968448,92.302,-208.31369999964977,-184.39422680784406,293.1134382651309,285.7406333283128,14.699685338049553,343.28992400000004,IPAD,42.55497979170078,18.84609695638981,199.20059999962803,182.88567819994415,-92.302,285.7406333283128,0.580383038668759
2223,IP15_MAC,A	E	TR4c_1	TR4c_2	TR6c_1	TR6c_2	TR8c_1	TR8c_2	TRc0_1	TRc0_2	TR60_1	TR60_2,N	N	-91	-95	-86	-92	-92	-89	-127	-127	-127	-127,"[-91, -95, -86, -92, -92, -89, -127, -127, -127, -127]",-91,-95,-86,-92,-92,-89,-127,-127,-127,-127,238.0,30.0,487723,-2.002768,-0.627859,-4.012493,487723,1142749242,224023244,209141,0.999216,-0.006086,-0.017273,-0.035096,487723,1.987424,-0.131031,-0.037364,0.10762333869934082,114.2749242,22.4023244,209.141,-0.0021435000000025184,-0.000812699999997335,90.722,-90.20969999970418,-219.97217253903437,254.4720573060613,115.41324965335266,1.9920891915858085,117.987507,IP15,95.66101148112276,51.819031448745534,-7.037400000214689,70.99444987309985,-90.722,115.41324965335266,0.8882308541979251
2224,IP15_MAC,A	E	TR4c_1	TR4c_2	TR6c_1	TR6c_2	TR8c_1	TR8c_2	TRc0_1	TRc0_2	TR60_1	TR60_2,N	N	-90	-96	-87	-92	-92	-89	-127	-127	-127	-127,"[-90, -96, -87, -92, -92, -89, -127, -127, -127, -127]",-90,-96,-87,-92,-92,-89,-127,-127,-127,-127,239.0,30.0,487923,-1.986585,-0.832083,-4.028442,487923,1142749239,224023280,209134,0.999201,-0.007864,-0.017068,-0.035265,487923,1.985331,-0.131789,-0.040538,0.05164051055908203,114.2749239,22.402328,209.134,-0.002143799999998919,-0.0008090999999978976,90.71499999999999,-89.81009999976663,-220.00295370859422,254.35480126680122,115.45173727001882,1.9901132755514195,116.97155799999999,IP15,95.9776164225659,51.78913255694868,-7.4370000001522385,71.0252310426597,-90.71499999999999,115.45173727001882,0.8929964788316178
2225,IP15_MAC,A	E	TR4c_1	TR4c_2	TR6c_1	TR6c_2	TR8c_1	TR8c_2	TRc0_1	TRc0_2	TR60_1	TR60_2,N	N	-92	-94	-86	-94	-91	-90	-127	-127	-127	-127,"[-92, -94, -86, -94, -91, -90, -127, -127, -127, -127]",-92,-94,-86,-94,-91,-90,-127,-127,-127,-127,239.0,30.0,488323,-1.962124,-0.738696,-4.112808,488323,1142749234,224023352,209118,0.999185,-0.007055,-0.016878,-0.035985,488323,1.980887,-0.126268,-0.039699,0.06493401527404785,114.2749234,22.4023352,209.118,-0.0021442999999976564,-0.0008018999999990228,90.699,-89.01089999989154,-220.05425375496858,254.11242298527398,115.5249620778595,1.9853042399576948,116.887192,IP15,96.60983553929152,51.73021006833246,-8.236200000027338,71.07653108903406,-90.699,115.5249620778595,0.8956954890177765
2227,IP15_MAC,A	E	TR4c_1	TR4c_2	TR6c_1	TR6c_2	TR8c_1	TR8c_2	TRc0_1	TRc0_2	TR60_1	TR60_2,N	N	-90	-94	-89	-93	-127	-127	-127	-127	-127	-127,"[-90, -94, -89, -93, -127, -127, -127, -127, -127, -127]",-90,-94,-89,-93,-127,-127,-127,-127,-127,-127,239.0,30.0,489723,-2.425985,-0.606067,-4.129921,489723,1142749214,224023602,209069,0.999109,-0.006047,-0.020963,-0.036133,489723,1.974796,-0.137405,-0.035093,0.06769394874572754,114.2749214,22.4023602,209.069,-0.0021463000000068178,-0.0007768999999981929,90.64999999999999,-86.23589999979941,-220.25945991048383,253.3145922145691,115.84366659443923,1.979881535418218,116.870079,IP15,98.78131969772143,51.49189796596463,-11.011200000119459,71.2817372445493,-90.64999999999999,115.84366659443923,0.9038198610197004
2228,IP15_MAC,A	E	TR4c_1	TR4c_2	TR6c_1	TR6c_2	TR8c_1	TR8c_2	TRc0_1	TRc0_2	TR60_1	TR60_2,N	N	-127	-127	-91	-95	-95	-92	-127	-127	-127	-127,"[-127, -127, -91, -95, -95, -92, -127, -127, -127, -127]",-127,-127,-91,-95,-95,-92,-127,-127,-127,-127,239.0,30.0,490323,-2.027862,-0.705147,-4.133704,490323,1142749207,224023710,209041,0.99917,-0.006786,-0.01746,-0.036165,490323,1.975324,-0.136199,-0.032862,0.10099434852600098,114.2749207,22.402371,209.041,-0.0021470000000078926,-0.0007660999999998808,90.622,-85.03709999998676,-220.33127879760423,252.96151422102798,115.98603776590389,1.9802865912844536,116.866296,IP15,99.71038655383468,51.38142571758544,-12.209999999932108,71.3535561316697,-90.622,115.98603776590389,0.9071241830077919
2229,IP15_MAC,A	E	TR4c_1	TR4c_2	TR6c_1	TR6c_2	TR8c_1	TR8c_2	TRc0_1	TRc0_2	TR60_1	TR60_2,N	N	-90	-96	-87	-97	-127	-127	-127	-127	-127	-127,"[-90, -96, -87, -97, -127, -127, -127, -127, -127, -127]",-90,-96,-87,-97,-127,-127,-127,-127,-127,-127,239.0,30.0,490523,-2.329729,-0.879898,-4.151997,490323,1142749207,224023710,209041,0.999102,-0.008408,-0.020036,-0.03637,490323,1.975324,-0.136199,-0.032862,0.050945281982421875,114.2749207,22.402371,209.041,-0.0021470000000078926,-0.0007660999999998808,90.622,-85.03709999998676,-220.33127879760423,252.96151422102798,115.98603776590389,1.9802865912844536,116.848003,IP15,99.71038655383468,51.38142571758544,-12.209999999932108,71.3535561316697,-90.622,115.98603776590389,0.9071750607026338
2230,IP15_MAC,A	E	TR4c_1	TR4c_2	TR6c_1	TR6c_2	TR8c_1	TR8c_2	TRc0_1	TRc0_2	TR60_1	TR60_2,N	N	-127	-127	-87	-91	-94	-93	-127	-127	-127	-127,"[-127, -127, -87, -91, -94, -93, -127, -127, -127, -127]",-127,-127,-87,-91,-94,-93,-127,-127,-127,-127,239.0,30.0,490923,-2.063638,-0.976751,-4.119097,490923,1142749198,224023817,209018,0.99915,-0.009163,-0.017688,-0.036082,490923,1.964941,-0.149538,-0.035816,0.04714632034301758,114.2749198,22.4023817,209.018,-0.002147899999997094,-0.0007553999999991845,90.599,-83.84939999990948,-220.4236224011743,252.63704002738848,116.15590279993603,1.97094838409863,116.88090299999999,IP15,100.62089000441095,51.25852271875659,-13.397700000009394,71.44589973523978,-90.599,116.15590279993603,0.9102758479955732
2231,IP15_MAC,A	E	TR4c_1	TR4c_2	TR6c_1	TR6c_2	TR8c_1	TR8c_2	TRc0_1	TRc0_2	TR60_1	TR60_2,N	N	-127	-127	-89	-96	-93	-93	-127	-127	-127	-127,"[-127, -127, -89, -96, -93, -93, -127, -127, -127, -127]",-127,-127,-89,-96,-93,-93,-127,-127,-127,-127,239.0,30.0,491523,-2.547283,-0.501989,-4.213838,491323,1142749192,224023888,209002,0.999064,-0.005193,-0.02205,-0.03685,491323,1.959713,-0.149882,-0.034841,0.09397578239440918,114.2749192,22.4023888,209.002,-0.0021485000000041055,-0.0007482999999979256,90.58300000000001,-83.06129999976974,-220.4851848499849,252.4245950476771,116.27482082827575,1.965745037275689,116.78616199999999,IP15,101.22077090729557,51.172969711983,-14.18580000014913,71.50746218405038,-90.58300000000001,116.27482082827575,0.9125806665769469
2232,IP15_MAC,A	E	TR4c_1	TR4c_2	TR6c_1	TR6c_2	TR8c_1	TR8c_2	TRc0_1	TRc0_2	TR60_1	TR60_2,N	N	-127	-127	-91	-94	-127	-127	-127	-127	-127	-127,"[-127, -127, -91, -94, -127, -127, -127, -127, -127, -127]",-127,-127,-91,-94,-127,-127,-127,-127,-127,-127,239.0,30.0,491923,-2.35102,-0.690233,-4.217652,491723,1142749186,224023958,208991,0.99909,-0.006772,-0.020278,-0.03691,491723,1.972732,-0.140607,-0.032821,0.044447898864746094,114.2749186,22.4023958,208.991,-0.0021490999999969063,-0.0007412999999978354,90.57200000000002,-82.28429999975972,-220.54674744971737,252.21986642828094,116.40145134982849,1.978008870130263,116.78234800000001,IP15,101.80863080504727,51.086964935659864,-14.962800000159149,71.56902478378285,-90.57200000000002,116.40145134982849,0.9145640925916969
2233,IP15_MAC,A	E	TR4c_1	TR4c_2	TR6c_1	TR6c_2	TR8c_1	TR8c_2	TRc0_1	TRc0_2	TR60_1	TR60_2,N	N	-127	-127	-87	-93	-93	-90	-127	-127	-127	-127,"[-127, -127, -87, -93, -93, -90, -127, -127, -127, -127]",-127,-127,-87,-93,-93,-90,-127,-127,-127,-127,239.0,30.0,491923,-2.35102,-0.690233,-4.217652,491923,1142749183,224023994,208985,0.99909,-0.006772,-0.020278,-0.03691,491923,1.973922,-0.138553,-0.034921,0.048639774322509766,114.2749183,22.4023994,208.985,-0.0021494000000075175,-0.000737699999998398,90.56600000000002,-81.88469999982217,-220.57752859001866,252.11455842323224,116.46774617090128,1.9790867773127079,116.78234800000001,IP15,102.10974011628694,51.041888363563146,-15.362400000096699,71.59980592408414,-90.56600000000002,116.46774617090128,0.9155609687762074
2235,IP15_MAC,A	E	TR4c_1	TR4c_2	TR6c_1	TR6c_2	TR8c_1	TR8c_2	TRc0_1	TRc0_2	TR60_1	TR60_2,N	N	-127	-127	-90	-94	-127	-127	-127	-127	-127	-127,"[-127, -127, -90, -94, -127, -127, -127, -127, -127, -127]",-127,-127,-90,-94,-127,-127,-127,-127,-127,-127,239.0,30.0,493123,-2.281755,-0.495792,-4.186854,493123,1142749165,224024207,208942,0.999122,-0.00505,-0.019738,-0.036605,493123,1.991999,-0.136234,-0.042069,0.04809761047363281,114.2749165,22.4024207,208.942,-0.002151200000000131,-0.000716399999998174,90.52300000000001,-79.52039999979732,-220.76221586751387,251.50320773274953,116.88311634321657,1.9970952705161564,116.81314599999999,IP15,103.87129166576607,50.75741855395798,-17.726700000121554,71.78449320157935,-90.52300000000001,116.88311634321657,0.9211727094015607
2236,IP15_MAC,A	E	TR4c_1	TR4c_2	TR6c_1	TR6c_2	TR8c_1	TR8c_2	TRc0_1	TRc0_2	TR60_1	TR60_2,N	N	-127	-127	-91	-95	-127	-127	-127	-127	-127	-127,"[-127, -127, -91, -95, -127, -127, -127, -127, -127, -127]",-127,-127,-91,-95,-127,-127,-127,-127,-127,-127,240.0,30.0,493323,-2.411062,-0.667269,-4.185663,493323,1142749162,224024242,208941,0.999091,-0.006586,-0.02081,-0.03663,493323,1.994774,-0.132095,-0.043385,0.05141401290893555,114.2749162,22.4024242,208.941,-0.002151499999996531,-0.0007128999999999053,90.522,-79.13189999998949,-220.79299715410525,251.40731428083205,116.96079088672728,1.9996136272605265,115.814337,IP15,104.15735906379297,50.710084246116665,-18.115199999929388,71.81527448817073,-90.522,116.96079088672728,0.9240708224080918
2237,IP15_MAC,A	E	TR4c_1	TR4c_2	TR6c_1	TR6c_2	TR8c_1	TR8c_2	TRc0_1	TRc0_2	TR60_1	TR60_2,N	N	-127	-127	-87	-93	-127	-127	-127	-127	-127	-127,"[-127, -127, -87, -93, -127, -127, -127, -127, -127, -127]",-127,-127,-87,-93,-127,-127,-127,-127,-127,-127,239.0,30.0,493923,-2.179705,-0.684722,-4.125356,493723,1142749156,224024314,208925,0.99915,-0.006654,-0.018791,-0.036097,493723,2.002098,-0.128134,-0.038515,0.06800031661987305,114.2749156,22.4024314,208.925,-0.002152100000003543,-0.0007056999999974778,90.50600000000001,-78.33269999972003,-220.8545594063006,251.2052633520988,117.11263904109055,2.00656376145514,116.87464399999999,IP15,104.74314755912278,50.607039221668195,-18.91440000019884,71.87683674036609,-90.50600000000001,117.11263904109055,0.9237423220300806
2238,IP15_MAC,A	E	TR4c_1	TR4c_2	TR6c_1	TR6c_2	TR8c_1	TR8c_2	TRc0_1	TRc0_2	TR60_1	TR60_2,N	N	-127	-127	-91	-95	-127	-127	-127	-127	-127	-127,"[-127, -127, -91, -95, -127, -127, -127, -127, -127, -127]",-127,-127,-91,-95,-127,-127,-127,-127,-127,-127,238.0,30.0,494123,-2.218915,-0.687708,-4.155654,494123,1142749150,224024386,208912,0.999133,-0.006698,-0.01913,-0.036363,494123,2.001588,-0.125607,-0.031429,0.1057734489440918,114.274915,22.4024386,208.912,-0.0021527000000105545,-0.000698499999998603,90.49300000000001,-77.53349999984493,-220.91612165211333,251.0066920961218,117.2720867157124,2.0057715279248534,117.844346,IP15,105.32480649224111,50.50228510888195,-19.71360000007394,71.93839898617881,-90.49300000000001,117.2720867157124,0.9235605845173923
2239,IP15_MAC,A	E	TR4c_1	TR4c_2	TR6c_1	TR6c_2	TR8c_1	TR8c_2	TRc0_1	TRc0_2	TR60_1	TR60_2,N	N	-127	-127	-89	-96	-127	-127	-127	-127	-127	-127,"[-127, -127, -89, -96, -127, -127, -127, -127, -127, -127]",-127,-127,-89,-96,-127,-127,-127,-127,-127,-127,238.0,30.0,494323,-2.271722,-0.456786,-4.182897,494123,1142749150,224024386,208912,0.999127,-0.004706,-0.019663,-0.036563,494123,2.001588,-0.125607,-0.031429,0.0655975341796875,114.274915,22.4024386,208.912,-0.0021527000000105545,-0.000698499999998603,90.49300000000001,-77.53349999984493,-220.91612165211333,251.0066920961218,117.2720867157124,2.0057715279248534,117.817103,IP15,105.32480649224111,50.50228510888195,-19.71360000007394,71.93839898617881,-90.49300000000001,117.2720867157124,0.9236172986741812
2240,IP15_MAC,A	E	TR4c_1	TR4c_2	TR6c_1	TR6c_2	TR8c_1	TR8c_2	TRc0_1	TRc0_2	TR60_1	TR60_2,N	N	-127	-127	-87	-95	-127	-127	-127	-127	-127	-127,"[-127, -127, -87, -95, -127, -127, -127, -127, -127, -127]",-127,-127,-87,-95,-127,-127,-127,-127,-127,-127,239.0,30.0,494523,-2.3552,-0.82661,-4.216566,494523,1142749143,224024457,208903,0.999081,-0.007962,-0.02027,-0.036925,494523,1.999445,-0.116587,-0.026809,0.09202313423156738,114.2749143,22.4024457,208.903,-0.0021533999999974185,-0.0006913999999973441,90.484,-76.7453999997052,-220.98794632886944,250.82440690603863,117.44422621348686,2.0030206087494458,116.783434,IP15,105.89193975497669,50.39362381396038,-20.501700000213674,72.01022366293492,-90.484,117.44422621348686,0.9273756792438169
2241,IP15_MAC,A	E	TR4c_1	TR4c_2	TR6c_1	TR6c_2	TR8c_1	TR8c_2	TRc0_1	TRc0_2	TR60_1	TR60_2,N	N	-127	-127	-86	-96	-127	-127	-127	-127	-127	-127,"[-127, -127, -86, -96, -127, -127, -127, -127, -127, -127]",-127,-127,-86,-96,-127,-127,-127,-127,-127,-127,239.0,30.0,494723,-2.267538,-0.614167,-4.22018,494523,1142749143,224024457,208903,0.999108,-0.006083,-0.019574,-0.036915,494523,1.999445,-0.116587,-0.026809,0.046950578689575195,114.2749143,22.4024457,208.903,-0.0021533999999974185,-0.0006913999999973441,90.484,-76.7453999997052,-220.98794632886944,250.82440690603863,117.44422621348686,2.0030206087494458,116.77982,IP15,105.89193975497669,50.39362381396038,-20.501700000213674,72.01022366293492,-90.484,117.44422621348686,0.9273822582138066
2242,IP15_MAC,A	E	TR4c_1	TR4c_2	TR6c_1	TR6c_2	TR8c_1	TR8c_2	TRc0_1	TRc0_2	TR60_1	TR60_2,N	N	-127	-127	-89	-95	-127	-127	-127	-127	-127	-127,"[-127, -127, -89, -95, -127, -127, -127, -127, -127, -127]",-127,-127,-89,-95,-127,-127,-127,-127,-127,-127,239.0,30.0,494923,-2.397066,-0.584305,-4.246647,494923,1142749139,224024529,208886,0.999078,-0.005869,-0.020712,-0.037146,494923,1.999545,-0.120843,-0.027996,0.09996700286865234,114.2749139,22.4024529,208.886,-0.002153800000002093,-0.0006841999999984694,90.467,-75.9461999998301,-221.02898400143476,250.61108345825548,117.59842979330266,2.003388882291703,116.753353,IP15,106.46954208182972,50.28994845039832,-21.300900000088774,72.05126133550024,-90.467,117.59842979330266,0.9290612100025163
2243,IP15_MAC,A	E	TR4c_1	TR4c_2	TR6c_1	TR6c_2	TR8c_1	TR8c_2	TRc0_1	TRc0_2	TR60_1	TR60_2,N	N	-127	-127	-87	-94	-127	-127	-127	-127	-127	-127,"[-127, -127, -87, -94, -127, -127, -127, -127, -127, -127]",-127,-127,-87,-94,-127,-127,-127,-127,-127,-127,239.0,30.0,495123,-2.279175,-0.836627,-4.244491,494923,1142749139,224024529,208886,0.999085,-0.00803,-0.019602,-0.037166,494923,1.999545,-0.120843,-0.027996,0.05314064025878906,114.2749139,22.4024529,208.886,-0.002153800000002093,-0.0006841999999984694,90.467,-75.9461999998301,-221.02898400143476,250.61108345825548,117.59842979330266,2.003388882291703,116.75550899999999,IP15,106.46954208182972,50.28994845039832,-21.300900000088774,72.05126133550024,-90.467,117.59842979330266,0.9290574926505215
2244,IP15_MAC,A	E	TR4c_1	TR4c_2	TR6c_1	TR6c_2	TR8c_1	TR8c_2	TRc0_1	TRc0_2	TR60_1	TR60_2,N	N	-127	-127	-85	-93	-127	-127	-127	-127	-127	-127,"[-127, -127, -85, -93, -127, -127, -127, -127, -127, -127]",-127,-127,-85,-93,-127,-127,-127,-127,-127,-127,239.0,30.0,495323,-2.199157,-0.925141,-4.280352,495123,1142749135,224024565,208891,0.99908,-0.008782,-0.018873,-0.037488,495123,2.001926,-0.12255,-0.028987,0.045511722564697266,114.2749135,22.4024565,208.891,-0.0021542000000067674,-0.000680599999999032,90.472,-75.54659999989255,-221.07002739558456,250.52829893692302,117.7004455619598,2.005882962225115,116.719648,IP15,106.75231666325055,50.2339958242361,-21.700500000026324,72.09230472965004,-90.472,117.7004455619598,0.9299268949928103
2245,IP15_MAC,A	E	TR4c_1	TR4c_2	TR6c_1	TR6c_2	TR8c_1	TR8c_2	TRc0_1	TRc0_2	TR60_1	TR60_2,N	N	-91	-96	-85	-93	-127	-127	-127	-127	-127	-127,"[-91, -96, -85, -93, -127, -127, -127, -127, -127, -127]",-91,-96,-85,-93,-127,-127,-127,-127,-127,-127,239.0,30.0,495323,-2.199157,-0.925141,-4.280352,495323,1142749133,224024601,208891,0.99908,-0.008782,-0.018873,-0.037488,495323,2.000005,-0.128557,-0.028838,0.04603767395019531,114.2749133,22.4024601,208.891,-0.0021544000000091046,-0.0006769999999995946,90.472,-75.146999999955,-221.09054622867544,250.4262047483995,117.78733601792428,2.0043399243935642,116.719648,IP15,107.03850058209464,50.1832317843428,-22.100099999963874,72.11282356274091,-90.472,117.78733601792428,0.9306966685408863
2246,IP15_MAC,A	E	TR4c_1	TR4c_2	TR6c_1	TR6c_2	TR8c_1	TR8c_2	TRc0_1	TRc0_2	TR60_1	TR60_2,N	N	-127	-127	-89	-94	-127	-127	-127	-127	-127	-127,"[-127, -127, -89, -94, -127, -127, -127, -127, -127, -127]",-127,-127,-89,-94,-127,-127,-127,-127,-127,-127,239.0,30.0,495523,-2.231185,-0.49875,-4.29005,495523,1142749130,224024636,208872,0.999097,-0.005077,-0.019291,-0.037503,495523,1.998364,-0.130517,-0.024442,0.04890561103820801,114.274913,22.4024636,208.872,-0.002154700000005505,-0.0006734999999977731,90.45300000000002,-74.75849999975281,-221.1213274982612,250.33022191858163,117.86510109939404,2.002770774489432,116.70994999999999,IP15,107.31329767744822,50.12350003953197,-22.48860000016606,72.14360483232667,-90.45300000000002,117.86510109939404,0.9315028563288102
2247,IP15_MAC,A	E	TR4c_1	TR4c_2	TR6c_1	TR6c_2	TR8c_1	TR8c_2	TRc0_1	TRc0_2	TR60_1	TR60_2,N	N	-127	-127	-85	-96	-127	-127	-127	-127	-127	-127,"[-127, -127, -85, -96, -127, -127, -127, -127, -127, -127]",-127,-127,-85,-96,-127,-127,-127,-127,-127,-127,240.0,30.0,495723,-2.222358,-0.803792,-4.274433,495523,1142749130,224024636,208872,0.999087,-0.007731,-0.019116,-0.037418,495523,1.998364,-0.130517,-0.024442,0.04526209831237793,114.274913,22.4024636,208.872,-0.002154700000005505,-0.0006734999999977731,90.45300000000002,-74.75849999975281,-221.1213274982612,250.33022191858163,117.86510109939404,2.002770774489432,115.72556700000001,IP15,107.31329767744822,50.12350003953197,-22.48860000016606,72.14360483232667,-90.45300000000002,117.86510109939404,0.932979417805746
2248,IP15_MAC,A	E	TR4c_1	TR4c_2	TR6c_1	TR6c_2	TR8c_1	TR8c_2	TRc0_1	TRc0_2	TR60_1	TR60_2,N	N	-92	-95	-85	-95	-127	-127	-127	-127	-127	-127,"[-92, -95, -85, -95, -127, -127, -127, -127, -127, -127]",-92,-95,-85,-95,-127,-127,-127,-127,-127,-127,240.0,30.0,495923,-2.474683,-0.679222,-4.256727,495723,1142749127,224024672,208869,0.999055,-0.006723,-0.021357,-0.037254,495723,1.996834,-0.12755,-0.029643,0.09286642074584961,114.2749127,22.4024672,208.869,-0.0021550000000019054,-0.0006698999999983357,90.45,-74.35889999981526,-221.15210860718534,250.23729468363987,117.9585273951882,2.001123118027724,115.74327299999999,IP15,107.59504916756816,50.06694175363745,-22.88820000010361,72.17438594125082,-90.45,117.9585273951882,0.933680461554719
2677,RMN5_MAC,A	E	TR4c_1	TR4c_2	TR6c_1	TR6c_2	TR8c_1	TR8c_2	TRc0_1	TRc0_2	TR60_1	TR60_2,N	N	-127	-127	-91	-85	-93	-92	-89	-94	-88	-89,"[-127, -127, -91, -85, -93, -92, -89, -94, -88, -89]",-127,-127,-91,-85,-93,-92,-89,-94,-88,-89,239.0,30.0,913723,-4.525474,-0.418372,176.276261,913523,1142767862,224029592,210109,0.032722,0.039339,-0.004933,0.998678,913523,-1.977372,0.10932,0.223913,0.10750985145568848,114.2767862,22.4029592,210.109,-0.00028149999999982356,-0.00017789999999706652,91.69000000000001,-19.746899999674383,-28.888212624597994,98.1403331369989,108.1484649858287,1.9930097642392521,297.276261,RMN5,223.43188154013373,57.97491516192217,-41.64720000006383,-39.427720083029115,-91.69000000000001,108.1484649858287,0.5516916569368623
2678,RMN5_MAC,A	E	TR4c_1	TR4c_2	TR6c_1	TR6c_2	TR8c_1	TR8c_2	TRc0_1	TRc0_2	TR60_1	TR60_2,N	N	-127	-127	-127	-127	-93	-90	-86	-92	-87	-89,"[-127, -127, -127, -127, -93, -90, -86, -92, -87, -89]",-127,-127,-127,-127,-93,-90,-86,-92,-87,-89,0.0,30.0,913923,-4.718671,-0.603269,176.253706,913723,1142767864,224029556,210148,0.032988,0.040968,-0.006607,0.998594,913723,-1.971509,0.101214,0.221491,0.10122370719909668,114.2767864,22.4029556,210.148,-0.00028129999999748634,-0.00018150000000005662,91.729,-20.146500000006284,-28.86768888707551,98.25189242417285,108.03581761278791,1.9864919516469226,176.253706,RMN5,223.7226302033967,58.109685648510904,-41.24759999973193,-39.4482438205516,-91.729,108.03581761278791,0.7338072306264651
2679,RMN5_MAC,A	E	TR4c_1	TR4c_2	TR6c_1	TR6c_2	TR8c_1	TR8c_2	TRc0_1	TRc0_2	TR60_1	TR60_2,N	N	-127	-127	-91	-85	-127	-127	-86	-95	-88	-90,"[-127, -127, -91, -85, -127, -127, -86, -95, -88, -90]",-127,-127,-91,-85,-127,-127,-86,-95,-88,-90,331.0,60.0,914123,-4.50205,-0.40264,176.234402,913923,1142767864,224029556,210148,0.033081,0.039137,-0.004804,0.998675,913923,-1.974962,0.108482,0.223022,0.04733681678771973,114.2767864,22.4029556,210.148,-0.00028129999999748634,-0.00018150000000005662,91.729,-20.146500000006284,-28.86768888707551,98.25189242417285,108.03581761278791,1.9904728227865862,205.234402,RMN5,223.7226302033967,58.109685648510904,-41.24759999973193,-39.4482438205516,-91.729,108.03581761278791,0.9858228491103325
2680,RMN5_MAC,A	E	TR4c_1	TR4c_2	TR6c_1	TR6c_2	TR8c_1	TR8c_2	TRc0_1	TRc0_2	TR60_1	TR60_2,N	N	-93	-92	-127	-127	-90	-87	-87	-93	-127	-127,"[-93, -92, -127, -127, -90, -87, -87, -93, -127, -127]",-93,-92,-127,-127,-90,-87,-87,-93,-127,-127,330.0,60.0,914123,-4.50205,-0.40264,176.234402,914123,1142767867,224029484,210251,0.033081,0.039137,-0.004804,0.998675,914123,-1.977443,0.115603,0.226494,0.0880732536315918,114.2767867,22.4029484,210.251,-0.00028100000000108594,-0.0001886999999989314,91.83200000000001,-20.945699999881384,-28.836903652982485,98.50586573791648,107.8321984457606,1.993726261023313,206.234402,RMN5,224.30514290726427,58.38825149528049,-40.44839999985683,-39.47902905464463,-91.83200000000001,107.8321984457606,0.9866770654041266
2681,RMN5_MAC,A	E	TR4c_1	TR4c_2	TR6c_1	TR6c_2	TR8c_1	TR8c_2	TRc0_1	TRc0_2	TR60_1	TR60_2,N	N	-127	-127	-90	-83	-89	-86	-86	-94	-89	-90,"[-127, -127, -90, -83, -89, -86, -86, -94, -89, -90]",-127,-127,-90,-83,-89,-86,-86,-94,-89,-90,357.0,30.0,914323,-4.28467,-0.689691,176.315578,914123,1142767867,224029484,210251,0.032462,0.037165,-0.007217,0.998756,914123,-1.977443,0.115603,0.226494,0.04582667350769043,114.2767867,22.4029484,210.251,-0.00028100000000108594,-0.0001886999999989314,91.83200000000001,-20.945699999881384,-28.836903652982485,98.50586573791648,107.8321984457606,1.993726261023313,179.315578,RMN5,224.30514290726427,58.38825149528049,-40.44839999985683,-39.47902905464463,-91.83200000000001,107.8321984457606,0.7468496579986506
2682,RMN5_MAC,A	E	TR4c_1	TR4c_2	TR6c_1	TR6c_2	TR8c_1	TR8c_2	TRc0_1	TRc0_2	TR60_1	TR60_2,N	N	-127	-127	-90	-83	-91	-87	-85	-92	-89	-88,"[-127, -127, -90, -83, -91, -87, -85, -92, -89, -88]",-127,-127,-90,-83,-91,-87,-85,-92,-89,-88,301.0,30.0,914323,-4.28467,-0.689691,176.315578,914323,1142767869,224029448,210293,0.032462,0.037165,-0.007217,0.998756,914323,-1.975119,0.117108,0.221009,0.10472750663757324,114.2767869,22.4029448,210.293,-0.0002807999999987487,-0.00019229999999836878,91.87400000000001,-21.345299999818934,-28.816379912535808,98.62473046526347,107.72628708187126,1.9908928464148945,235.315578,RMN5,224.6044035411034,58.52264685232648,-40.04879999991928,-39.499552795091304,-91.87400000000001,107.72628708187126,0.8707494754748878
2683,RMN5_MAC,A	E	TR4c_1	TR4c_2	TR6c_1	TR6c_2	TR8c_1	TR8c_2	TRc0_1	TRc0_2	TR60_1	TR60_2,N	N	-95	-93	-90	-83	-92	-87	-85	-94	-91	-89,"[-95, -93, -90, -83, -92, -87, -85, -94, -91, -89]",-95,-93,-90,-83,-92,-87,-85,-94,-91,-89,301.0,30.0,914523,-4.307342,-0.690943,176.312982,914323,1142767869,224029448,210293,0.032486,0.037362,-0.007235,0.998747,914323,-1.975119,0.117108,0.221009,0.09716010093688965,114.2767869,22.4029448,210.293,-0.0002807999999987487,-0.00019229999999836878,91.87400000000001,-21.345299999818934,-28.816379912535808,98.62473046526347,107.72628708187126,1.9908928464148945,235.312982,RMN5,224.6044035411034,58.52264685232648,-40.04879999991928,-39.499552795091304,-91.87400000000001,107.72628708187126,0.870753283040288
2684,RMN5_MAC,A	E	TR4c_1	TR4c_2	TR6c_1	TR6c_2	TR8c_1	TR8c_2	TRc0_1	TRc0_2	TR60_1	TR60_2,N	N	-127	-127	-92	-84	-95	-88	-86	-93	-90	-92,"[-127, -127, -92, -84, -95, -88, -86, -93, -90, -92]",-127,-127,-92,-84,-95,-88,-86,-93,-90,-92,301.0,30.0,914723,-4.241642,-0.513194,176.367847,914523,1142767871,224029412,210347,0.031948,0.036843,-0.00565,0.998794,914523,-1.977789,0.124361,0.22196,0.0965268611907959,114.2767871,22.4029412,210.347,-0.0002805999999964115,-0.00019589999999780616,91.92800000000001,-21.744899999756484,-28.7958561710258,98.75626153627837,107.6320244820164,1.994086564931924,235.367847,RMN5,224.90655184370155,58.659924304266895,-39.64919999998173,-39.52007653660131,-91.92800000000001,107.6320244820164,0.8699946297738939
2685,RMN5_MAC,A	E	TR4c_1	TR4c_2	TR6c_1	TR6c_2	TR8c_1	TR8c_2	TRc0_1	TRc0_2	TR60_1	TR60_2,N	N	-93	-93	-91	-82	-90	-87	-84	-93	-89	-89,"[-93, -93, -91, -82, -90, -87, -84, -93, -89, -89]",-93,-93,-91,-82,-90,-87,-84,-93,-89,-89,301.0,30.0,914923,-4.348532,-0.676863,176.365087,914723,1142767874,224029376,210388,0.032029,0.037728,-0.007106,0.998749,914723,-1.973126,0.119789,0.22187,0.10820674896240234,114.2767874,22.4029376,210.388,-0.0002803000000000111,-0.00019949999999724355,91.96900000000001,-22.144499999694034,-28.765070184971464,98.87418825953912,107.5318501070705,1.9891711623932717,235.365087,RMN5,225.2190467723476,58.78981721763926,-39.24960000004418,-39.55086252265565,-91.96900000000001,107.5318501070705,0.8693746111655616
2686,RMN5_MAC,A	E	TR4c_1	TR4c_2	TR6c_1	TR6c_2	TR8c_1	TR8c_2	TRc0_1	TRc0_2	TR60_1	TR60_2,N	N	-127	-127	-89	-82	-90	-87	-83	-90	-90	-88,"[-127, -127, -89, -82, -90, -87, -83, -90, -90, -88]",-127,-127,-89,-82,-90,-87,-83,-90,-90,-88,301.0,30.0,914923,-4.348532,-0.676863,176.365087,914723,1142767874,224029376,210388,0.032029,0.037728,-0.007106,0.998749,914723,-1.973126,0.119789,0.22187,0.0752859115600586,114.2767874,22.4029376,210.388,-0.0002803000000000111,-0.00019949999999724355,91.96900000000001,-22.144499999694034,-28.765070184971464,98.87418825953912,107.5318501070705,1.9891711623932717,235.365087,RMN5,225.2190467723476,58.78981721763926,-39.24960000004418,-39.55086252265565,-91.96900000000001,107.5318501070705,0.8693746111655616
2687,RMN5_MAC,A	E	TR4c_1	TR4c_2	TR6c_1	TR6c_2	TR8c_1	TR8c_2	TRc0_1	TRc0_2	TR60_1	TR60_2,N	N	-127	-127	-88	-82	-90	-85	-83	-91	-89	-88,"[-127, -127, -88, -82, -90, -85, -83, -91, -89, -88]",-127,-127,-88,-82,-90,-85,-83,-91,-89,-88,301.0,30.0,914923,-4.348532,-0.676863,176.365087,914723,1142767874,224029376,210388,0.032029,0.037728,-0.007106,0.998749,914723,-1.973126,0.119789,0.22187,0.04561567306518555,114.2767874,22.4029376,210.388,-0.0002803000000000111,-0.00019949999999724355,91.96900000000001,-22.144499999694034,-28.765070184971464,98.87418825953912,107.5318501070705,1.9891711623932717,235.365087,RMN5,225.2190467723476,58.78981721763926,-39.24960000004418,-39.55086252265565,-91.96900000000001,107.5318501070705,0.8693746111655616
2688,RMN5_MAC,A	E	TR4c_1	TR4c_2	TR6c_1	TR6c_2	TR8c_1	TR8c_2	TRc0_1	TRc0_2	TR60_1	TR60_2,N	N	-127	-127	-89	-81	-89	-88	-84	-91	-91	-88,"[-127, -127, -89, -81, -89, -88, -84, -91, -91, -88]",-127,-127,-89,-81,-89,-88,-84,-91,-91,-88,301.0,30.0,915123,-4.206583,-0.469852,176.373338,914923,1142767874,224029376,210388,0.031885,0.036549,-0.00526,0.998809,914923,-1.974445,0.11777,0.220847,0.09122586250305176,114.2767874,22.4029376,210.388,-0.0002803000000000111,-0.00019949999999724355,91.96900000000001,-22.144499999694034,-28.765070184971464,98.87418825953912,107.5318501070705,1.9902452683862861,235.373338,RMN5,225.2190467723476,58.78981721763926,-39.24960000004418,-39.55086252265565,-91.96900000000001,107.5318501070705,0.86936322255037
2689,RMN5_MAC,A	E	TR4c_1	TR4c_2	TR6c_1	TR6c_2	TR8c_1	TR8c_2	TRc0_1	TRc0_2	TR60_1	TR60_2,N	N	-127	-127	-91	-83	-90	-85	-84	-92	-127	-127,"[-127, -127, -91, -83, -90, -85, -84, -92, -127, -127]",-127,-127,-91,-83,-90,-85,-84,-92,-127,-127,300.0,30.0,915323,-4.049035,-0.992164,176.322586,915123,1142767878,224029303,210479,0.032484,0.035026,-0.009785,0.99881,915123,-1.972834,0.116651,0.22413,0.07730746269226074,114.2767878,22.4029303,210.479,-0.0002799000000095475,-0.00020679999999728693,92.06000000000002,-22.95479999969885,-28.72402271822782,99.13140735480076,107.33192778060834,1.9889483915519277,236.322586,RMN5,225.8462624821644,59.06077095822582,-38.43930000003937,-39.5919099893993,-92.06000000000002,107.33192778060834,0.86668276618864
2690,RMN5_MAC,A	E	TR4c_1	TR4c_2	TR6c_1	TR6c_2	TR8c_1	TR8c_2	TRc0_1	TRc0_2	TR60_1	TR60_2,N	N	-127	-127	-90	-83	-91	-85	-84	-91	-127	-127,"[-127, -127, -90, -83, -91, -85, -84, -91, -127, -127]",-127,-127,-90,-83,-91,-85,-84,-91,-127,-127,301.0,30.0,915323,-4.049035,-0.992164,176.322586,915123,1142767878,224029303,210479,0.032484,0.035026,-0.009785,0.99881,915123,-1.972834,0.116651,0.22413,0.04383969306945801,114.2767878,22.4029303,210.479,-0.0002799000000095475,-0.00020679999999728693,92.06000000000002,-22.95479999969885,-28.72402271822782,99.13140735480076,107.33192778060834,1.9889483915519277,235.322586,RMN5,225.8462624821644,59.06077095822582,-38.43930000003937,-39.5919099893993,-92.06000000000002,107.33192778060834,0.8680290154504069
2691,RMN5_MAC,A	E	TR4c_1	TR4c_2	TR6c_1	TR6c_2	TR8c_1	TR8c_2	TRc0_1	TRc0_2	TR60_1	TR60_2,N	N	-127	-127	-87	-82	-127	-127	-83	-92	-127	-127,"[-127, -127, -87, -82, -127, -127, -83, -92, -127, -127]",-127,-127,-87,-82,-127,-127,-83,-92,-127,-127,300.0,30.0,915523,-4.114778,-0.713232,176.351439,915323,1142767880,224029268,210522,0.03215,0.03568,-0.007363,0.998819,915323,-1.970013,0.113815,0.219299,0.06422877311706543,114.276788,22.4029268,210.522,-0.0002797000000072103,-0.00021029999999910842,92.103,-23.343299999901035,-28.703498951532406,99.25604825876356,107.23791725741692,1.9854463291146904,236.351439,RMN5,226.15193461652476,59.18949379394883,-38.05079999983718,-39.6124337560947,-92.103,107.23791725741692,0.8660017109401251
2692,RMN5_MAC,A	E	TR4c_1	TR4c_2	TR6c_1	TR6c_2	TR8c_1	TR8c_2	TRc0_1	TRc0_2	TR60_1	TR60_2,N	N	-127	-127	-92	-83	-127	-127	-84	-92	-127	-127,"[-127, -127, -92, -83, -127, -127, -84, -92, -127, -127]",-127,-127,-92,-83,-127,-127,-84,-92,-127,-127,300.0,30.0,915523,-4.114778,-0.713232,176.351439,915323,1142767880,224029268,210522,0.03215,0.03568,-0.007363,0.998819,915323,-1.970013,0.113815,0.219299,0.07761693000793457,114.276788,22.4029268,210.522,-0.0002797000000072103,-0.00021029999999910842,92.103,-23.343299999901035,-28.703498951532406,99.25604825876356,107.23791725741692,1.9854463291146904,236.351439,RMN5,226.15193461652476,59.18949379394883,-38.05079999983718,-39.6124337560947,-92.103,107.23791725741692,0.8660017109401251
2693,RMN5_MAC,A	E	TR4c_1	TR4c_2	TR6c_1	TR6c_2	TR8c_1	TR8c_2	TRc0_1	TRc0_2	TR60_1	TR60_2,N	N	-127	-127	-127	-127	-90	-88	-85	-92	-127	-127,"[-127, -127, -127, -127, -90, -88, -85, -92, -127, -127]",-127,-127,-127,-127,-90,-88,-85,-92,-127,-127,300.0,30.0,915923,-4.473624,-0.296828,176.317559,915723,1142767886,224029197,210615,0.032319,0.038923,-0.003845,0.998712,915723,-1.956664,0.127143,0.221468,0.09333395957946777,114.2767886,22.4029197,210.615,-0.00027910000000019863,-0.00021739999999681459,92.19600000000001,-24.13139999964642,-28.64192694459855,99.51274722889856,107.06370982074957,1.9732580739398988,236.317559,RMN5,226.7951435779559,59.44393650110666,-37.2627000000918,-39.67400576302856,-92.19600000000001,107.06370982074957,0.8647705977230227
2694,RMN5_MAC,A	E	TR4c_1	TR4c_2	TR6c_1	TR6c_2	TR8c_1	TR8c_2	TRc0_1	TRc0_2	TR60_1	TR60_2,N	N	-127	-127	-94	-86	-92	-89	-88	-94	-127	-127,"[-127, -127, -94, -86, -92, -89, -88, -94, -127, -127]",-127,-127,-94,-86,-92,-89,-88,-94,-127,-127,301.0,30.0,915923,-4.473624,-0.296828,176.317559,915723,1142767886,224029197,210615,0.032319,0.038923,-0.003845,0.998712,915723,-1.956664,0.127143,0.221468,0.04622316360473633,114.2767886,22.4029197,210.615,-0.00027910000000019863,-0.00021739999999681459,92.19600000000001,-24.13139999964642,-28.64192694459855,99.51274722889856,107.06370982074957,1.9732580739398988,235.317559,RMN5,226.7951435779559,59.44393650110666,-37.2627000000918,-39.67400576302856,-92.19600000000001,107.06370982074957,0.8659756220471182
2695,RMN5_MAC,A	E	TR4c_1	TR4c_2	TR6c_1	TR6c_2	TR8c_1	TR8c_2	TRc0_1	TRc0_2	TR60_1	TR60_2,N	N	-127	-127	-92	-85	-89	-89	-86	-94	-127	-127,"[-127, -127, -92, -85, -89, -89, -86, -94, -127, -127]",-127,-127,-92,-85,-89,-89,-86,-94,-127,-127,301.0,30.0,916123,-4.37987,-0.558195,176.238678,915923,1142767886,224029197,210615,0.033093,0.038028,-0.006123,0.99871,915923,-1.969236,0.122859,0.228798,0.05600857734680176,114.2767886,22.4029197,210.615,-0.00027910000000019863,-0.00021739999999681459,92.19600000000001,-24.13139999964642,-28.64192694459855,99.51274722889856,107.06370982074957,1.9862863042323482,235.238678,RMN5,226.7951435779559,59.44393650110666,-37.2627000000918,-39.67400576302856,-92.19600000000001,107.06370982074957,0.8660650364742309
2696,RMN5_MAC,A	E	TR4c_1	TR4c_2	TR6c_1	TR6c_2	TR8c_1	TR8c_2	TRc0_1	TRc0_2	TR60_1	TR60_2,N	N	-127	-127	-93	-90	-92	-89	-91	-94	-127	-127,"[-127, -127, -93, -90, -92, -89, -91, -94, -127, -127]",-127,-127,-93,-90,-92,-89,-91,-94,-127,-127,301.0,30.0,916723,-4.682959,0.067866,176.129018,916523,1142767896,224029054,210802,0.033835,0.040849,-0.000793,0.998592,916523,-1.956341,0.147964,0.219416,0.10094475746154785,114.2767896,22.4029054,210.802,-0.0002781000000027234,-0.00023169999999694824,92.383,-25.718699999661254,-28.539307427009664,100.05279749755098,106.72175398146409,1.974159779408192,235.129018,RMN5,228.11127352967043,59.95627384510087,-35.67540000007696,-39.77662528061745,-92.383,106.72175398146409,0.8631584723945601
2697,RMN5_MAC,A	E	TR4c_1	TR4c_2	TR6c_1	TR6c_2	TR8c_1	TR8c_2	TRc0_1	TRc0_2	TR60_1	TR60_2,N	N	-127	-127	-92	-86	-92	-86	-87	-92	-127	-127,"[-127, -127, -92, -86, -92, -86, -87, -92, -127, -127]",-127,-127,-92,-86,-92,-86,-87,-92,-127,-127,301.0,30.0,916923,-4.467436,-0.255509,176.168746,916723,1142767900,224029019,210840,0.033602,0.038876,-0.003534,0.998673,916723,-1.960954,0.147595,0.218518,0.10068559646606445,114.27679,22.4029019,210.84,-0.00027769999999804895,-0.00023519999999876973,92.421,-26.10719999986344,-28.49825915829283,100.17673336601715,106.64076931212809,1.97860430366079,235.168746,RMN5,228.4522528583828,60.07248812238526,-35.28689999987478,-39.81767354933429,-92.421,106.64076931212809,0.8624268911367103
2698,RMN5_MAC,A	E	TR4c_1	TR4c_2	TR6c_1	TR6c_2	TR8c_1	TR8c_2	TRc0_1	TRc0_2	TR60_1	TR60_2,N	N	-127	-127	-91	-84	-90	-85	-86	-91	-127	-127,"[-127, -127, -91, -84, -90, -85, -86, -91, -127, -127]",-127,-127,-91,-84,-90,-85,-86,-91,-127,-127,301.0,30.0,917123,-4.43167,0.06569,176.213432,916923,1142767900,224029019,210840,0.033104,0.038659,-0.000709,0.998704,916923,-1.969902,0.141658,0.221772,0.05259251594543457,114.27679,22.4029019,210.84,-0.00027769999999804895,-0.00023519999999876973,92.421,-26.10719999986344,-28.49825915829283,100.17673336601715,106.64076931212809,1.9874012424651446,235.213432,RMN5,228.4522528583828,60.07248812238526,-35.28689999987478,-39.81767354933429,-92.421,106.64076931212809,0.8623873492923319
2699,RMN5_MAC,A	E	TR4c_1	TR4c_2	TR6c_1	TR6c_2	TR8c_1	TR8c_2	TRc0_1	TRc0_2	TR60_1	TR60_2,N	N	-94	-91	-127	-127	-88	-84	-82	-91	-127	-127,"[-94, -91, -127, -127, -88, -84, -82, -91, -127, -127]",-94,-91,-127,-127,-88,-84,-82,-91,-127,-127,301.0,30.0,917323,-4.314081,-0.203686,176.272777,917123,1142767905,224028947,210932,0.032677,0.037558,-0.003003,0.998756,917123,-1.970671,0.142365,0.218552,0.07201957702636719,114.2767905,22.4028947,210.932,-0.00027719999999931133,-0.0002423999999976445,92.51299999999999,-26.90639999973854,-28.44694939840844,100.45814282586323,106.47813132470316,1.9878573792327257,235.272777,RMN5,229.13934834575417,60.32470589101997,-34.48769999999968,-39.86898330921868,-92.51299999999999,106.47813132470316,0.86072362670357
2700,RMN5_MAC,A	E	TR4c_1	TR4c_2	TR6c_1	TR6c_2	TR8c_1	TR8c_2	TRc0_1	TRc0_2	TR60_1	TR60_2,N	N	-94	-91	-89	-82	-88	-84	-82	-91	-127	-127,"[-94, -91, -89, -82, -88, -84, -82, -91, -127, -127]",-94,-91,-89,-82,-88,-84,-82,-91,-127,-127,302.0,30.0,917523,-4.187358,-0.292825,176.337327,917323,1142767908,224028911,210971,0.032142,0.03643,-0.003724,0.998812,917323,-1.972355,0.130834,0.222649,0.04819345474243164,114.2767908,22.4028911,210.971,-0.00027690000000291093,-0.0002459999999970819,92.552,-27.30599999967609,-28.416163393015395,100.59308466271854,106.39484412777468,1.9891893722775618,234.337327,RMN5,229.49130135034048,60.44606570197959,-34.08810000006213,-39.89976931461172,-92.552,106.39484412777468,0.8605795773667091
2701,RMN5_MAC,A	E	TR4c_1	TR4c_2	TR6c_1	TR6c_2	TR8c_1	TR8c_2	TRc0_1	TRc0_2	TR60_1	TR60_2,N	N	-91	-89	-91	-83	-89	-84	-82	-91	-127	-127,"[-91, -89, -91, -83, -89, -84, -82, -91, -127, -127]",-91,-89,-91,-83,-89,-84,-82,-91,-127,-127,302.0,30.0,917523,-4.187358,-0.292825,176.337327,917323,1142767908,224028911,210971,0.032142,0.03643,-0.003724,0.998812,917323,-1.972355,0.130834,0.222649,0.09128761291503906,114.2767908,22.4028911,210.971,-0.00027690000000291093,-0.0002459999999970819,92.552,-27.30599999967609,-28.416163393015395,100.59308466271854,106.39484412777468,1.9891893722775618,234.337327,RMN5,229.49130135034048,60.44606570197959,-34.08810000006213,-39.89976931461172,-92.552,106.39484412777468,0.8605795773667091
2702,RMN5_MAC,A	E	TR4c_1	TR4c_2	TR6c_1	TR6c_2	TR8c_1	TR8c_2	TRc0_1	TRc0_2	TR60_1	TR60_2,N	N	-93	-90	-88	-82	-86	-83	-80	-90	-127	-127,"[-93, -90, -88, -82, -86, -83, -80, -90, -127, -127]",-93,-90,-88,-82,-86,-83,-80,-90,-127,-127,302.0,30.0,917723,-4.299955,-0.181319,176.384404,917523,1142767910,224028875,211019,0.031697,0.037444,-0.002768,0.998792,917523,-1.967472,0.124579,0.222843,0.04529428482055664,114.276791,22.4028875,211.019,-0.0002767000000005737,-0.000249600000000072,92.60000000000001,-27.70560000000799,-28.395639633207523,100.7406205139686,106.31700161018169,1.9839669857822735,234.384404,RMN5,229.83917768664406,60.572741957840144,-33.688499999730226,-39.92029307441959,-92.60000000000001,106.31700161018169,0.8596459625676923
2703,RMN5_MAC,A	E	TR4c_1	TR4c_2	TR6c_1	TR6c_2	TR8c_1	TR8c_2	TRc0_1	TRc0_2	TR60_1	TR60_2,N	N	-91	-89	-91	-82	-86	-85	-80	-91	-127	-127,"[-91, -89, -91, -82, -86, -85, -80, -91, -127, -127]",-91,-89,-91,-82,-86,-85,-80,-91,-127,-127,302.0,30.0,917923,-4.128105,-0.314438,176.379104,917723,1142767912,224028839,211065,0.031784,0.035909,-0.003882,0.998842,917723,-1.967587,0.119183,0.224327,0.09117937088012695,114.2767912,22.4028839,211.065,-0.0002764999999982365,-0.0002531999999995094,92.646,-28.10519999994554,-28.375115872336323,100.887713740601,106.23888661251324,1.9839167807614815,234.379104,RMN5,230.19029269318753,60.69816126940463,-33.288899999792676,-39.94081683529079,-92.646,106.23888661251324,0.8587364721404698
2704,RMN5_MAC,A	E	TR4c_1	TR4c_2	TR6c_1	TR6c_2	TR8c_1	TR8c_2	TRc0_1	TRc0_2	TR60_1	TR60_2,N	N	-96	-91	-91	-85	-89	-85	-81	-91	-127	-127,"[-96, -91, -91, -85, -89, -85, -81, -91, -127, -127]",-96,-91,-91,-85,-89,-85,-81,-91,-127,-127,302.0,30.0,918323,-4.112804,-0.558957,176.297668,918123,1142767917,224028767,211162,0.03257,0.035703,-0.006035,0.998813,918123,-1.962396,0.102206,0.221061,0.10389399528503418,114.2767917,22.4028767,211.162,-0.00027599999999949887,-0.00026039999999838415,92.74300000000001,-28.90439999982064,-28.323806099426427,101.18777782078001,106.09531019668589,1.977450907854099,234.297668,RMN5,230.90950936063044,60.94429795192848,-32.489699999917576,-39.992126608200685,-92.74300000000001,106.09531019668589,0.856932436452207
2705,RMN5_MAC,A	E	TR4c_1	TR4c_2	TR6c_1	TR6c_2	TR8c_1	TR8c_2	TRc0_1	TRc0_2	TR60_1	TR60_2,N	N	-94	-92	-90	-85	-91	-85	-83	-93	-127	-127,"[-94, -92, -90, -85, -91, -85, -83, -93, -127, -127]",-94,-92,-90,-85,-91,-85,-83,-93,-127,-127,329.0,59.0,918523,-4.330228,-0.550869,176.261165,918323,1142767921,224028697,211252,0.032893,0.037599,-0.006037,0.998733,918323,-1.95012,0.112952,0.213777,0.09666132926940918,114.2767921,22.4028697,211.252,-0.0002756000000090353,-0.0002673999999984744,92.83300000000001,-29.68139999983066,-28.28275853047001,101.48332781813387,105.95431215850887,1.965051341424188,207.261165,RMN5,231.61512469765162,61.1826382943705,-31.712699999907557,-40.03317417715711,-92.83300000000001,105.95431215850887,0.9771833228397303
2706,RMN5_MAC,A	E	TR4c_1	TR4c_2	TR6c_1	TR6c_2	TR8c_1	TR8c_2	TRc0_1	TRc0_2	TR60_1	TR60_2,N	N	-127	-127	-90	-84	-88	-85	-82	-92	-127	-127,"[-127, -127, -90, -84, -88, -85, -82, -92, -127, -127]",-127,-127,-90,-84,-88,-85,-82,-92,-127,-127,329.0,59.0,918523,-4.330228,-0.550869,176.261165,918323,1142767921,224028697,211252,0.032893,0.037599,-0.006037,0.998733,918323,-1.95012,0.112952,0.213777,0.09733057022094727,114.2767921,22.4028697,211.252,-0.0002756000000090353,-0.0002673999999984744,92.83300000000001,-29.68139999983066,-28.28275853047001,101.48332781813387,105.95431215850887,1.965051341424188,207.261165,RMN5,231.61512469765162,61.1826382943705,-31.712699999907557,-40.03317417715711,-92.83300000000001,105.95431215850887,0.9771833228397303
2707,RMN5_MAC,A	E	TR4c_1	TR4c_2	TR6c_1	TR6c_2	TR8c_1	TR8c_2	TRc0_1	TRc0_2	TR60_1	TR60_2,N	N	-127	-127	-91	-85	-90	-85	-82	-91	-127	-127,"[-127, -127, -91, -85, -90, -85, -82, -91, -127, -127]",-127,-127,-91,-85,-90,-85,-82,-91,-127,-127,329.0,59.0,918723,-4.511254,-0.537234,176.279977,918723,1142767923,224028662,211287,0.03273,0.039181,-0.005964,0.998678,918723,-1.950903,0.119925,0.219392,0.09863901138305664,114.2767923,22.4028662,211.287,-0.00027540000000669806,-0.0002709000000002959,92.86800000000001,-30.069900000032845,-28.26223474371194,101.62390576395228,105.87714413510636,1.9668597740301672,207.279977,RMN5,231.97263245593695,61.29804965721348,-31.32419999970537,-40.05369796391517,-92.86800000000001,105.87714413510636,0.9765786188263054
2708,RMN5_MAC,A	E	TR4c_1	TR4c_2	TR6c_1	TR6c_2	TR8c_1	TR8c_2	TRc0_1	TRc0_2	TR60_1	TR60_2,N	N	-92	-92	-89	-84	-87	-84	-82	-92	-127	-127,"[-92, -92, -89, -84, -87, -84, -82, -92, -127, -127]",-92,-92,-89,-84,-87,-84,-82,-92,-127,-127,330.0,60.0,918923,-4.621794,-0.574296,176.300769,918923,1142767926,224028627,211323,0.032565,0.040135,-0.00631,0.998644,918923,-1.949627,0.123819,0.215562,0.09003305435180664,114.2767926,22.4028627,211.323,-0.00027510000001029766,-0.0002743999999985647,92.90400000000001,-30.45839999984068,-28.231448706908893,101.7638543031912,105.80612746002708,1.9654118041097646,206.300769,RMN5,232.34038806108907,61.4090754615361,-30.935699999897537,-40.08448400071822,-92.90400000000001,105.80612746002708,0.975408829539195
2709,RMN5_MAC,A	E	TR4c_1	TR4c_2	TR6c_1	TR6c_2	TR8c_1	TR8c_2	TRc0_1	TRc0_2	TR60_1	TR60_2,N	N	-93	-91	-91	-84	-89	-84	-83	-92	-127	-127,"[-93, -91, -91, -84, -89, -84, -83, -92, -127, -127]",-93,-91,-91,-84,-89,-84,-83,-92,-127,-127,329.0,59.0,918923,-4.621794,-0.574296,176.300769,918923,1142767926,224028627,211323,0.032565,0.040135,-0.00631,0.998644,918923,-1.949627,0.123819,0.215562,0.044214725494384766,114.2767926,22.4028627,211.323,-0.00027510000001029766,-0.0002743999999985647,92.90400000000001,-30.45839999984068,-28.231448706908893,101.7638543031912,105.80612746002708,1.9654118041097646,207.300769,RMN5,232.34038806108907,61.4090754615361,-30.935699999897537,-40.08448400071822,-92.90400000000001,105.80612746002708,0.9759515118055008
2710,RMN5_MAC,A	E	TR4c_1	TR4c_2	TR6c_1	TR6c_2	TR8c_1	TR8c_2	TRc0_1	TRc0_2	TR60_1	TR60_2,N	N	-95	-92	-90	-83	-90	-83	-82	-91	-127	-127,"[-95, -92, -90, -83, -90, -83, -82, -91, -127, -127]",-95,-92,-90,-83,-90,-83,-82,-91,-127,-127,302.0,30.0,919323,-4.63918,-0.207202,176.210153,919323,1142767931,224028555,211408,0.033226,0.040388,-0.003148,0.998627,919323,-1.957208,0.138216,0.217699,0.04633474349975586,114.2767931,22.4028555,211.408,-0.0002745999999973492,-0.00028159999999743945,92.98899999999999,-31.25759999971578,-28.180138917270387,102.06915257872423,105.66950693759004,1.974122506968856,234.210153,RMN5,233.0984539105128,61.64217380330405,-30.136500000022437,-40.13579379035673,-92.98899999999999,105.66950693759004,0.8512635859430762
2711,RMN5_MAC,A	E	TR4c_1	TR4c_2	TR6c_1	TR6c_2	TR8c_1	TR8c_2	TRc0_1	TRc0_2	TR60_1	TR60_2,N	N	-94	-91	-89	-83	-89	-84	-82	-92	-127	-127,"[-94, -91, -89, -83, -89, -84, -82, -92, -127, -127]",-94,-91,-89,-83,-89,-84,-82,-92,-127,-127,302.0,30.0,919523,-4.35443,-0.319521,176.240536,919523,1142767933,224028520,211450,0.032997,0.037875,-0.004035,0.998729,919523,-1.961553,0.133568,0.219025,0.10078835487365723,114.2767933,22.402852,211.45,-0.0002744000000092228,-0.00028509999999926094,93.03099999999999,-31.646099999917965,-28.159615127289157,102.22136044057454,105.60416803612566,1.9782574486294753,234.240536,RMN5,233.46876814131258,61.756037379690376,-29.74799999982025,-40.156317580337955,-93.03099999999999,105.60416803612566,0.8502595935070234
2712,RMN5_MAC,A	E	TR4c_1	TR4c_2	TR6c_1	TR6c_2	TR8c_1	TR8c_2	TRc0_1	TRc0_2	TR60_1	TR60_2,N	N	-94	-92	-90	-84	-89	-83	-83	-92	-127	-127,"[-94, -92, -90, -84, -89, -83, -83, -92, -127, -127]",-94,-92,-90,-84,-89,-83,-83,-92,-127,-127,302.0,30.0,919723,-4.284454,-0.230059,176.220386,919723,1142767935,224028484,211490,0.033142,0.037291,-0.003242,0.998749,919723,-1.958388,0.133946,0.218703,0.09909844398498535,114.2767935,22.4028484,211.49,-0.0002742000000068856,-0.00028869999999869833,93.07100000000001,-32.045699999855515,-28.139091355061133,102.37649335550236,105.53538839944814,1.975109134116138,234.220386,RMN5,233.8525993556009,61.87165661168742,-29.3483999998827,-40.17684135256598,-93.07100000000001,105.53538839944814,0.8492245828725091
2713,RMN5_MAC,A	E	TR4c_1	TR4c_2	TR6c_1	TR6c_2	TR8c_1	TR8c_2	TRc0_1	TRc0_2	TR60_1	TR60_2,N	N	-127	-127	-90	-84	-92	-84	-82	-94	-127	-127,"[-127, -127, -90, -84, -92, -84, -82, -94, -127, -127]",-127,-127,-90,-84,-92,-84,-82,-94,-127,-127,302.0,30.0,919923,-4.490879,-0.282187,176.257667,919923,1142767938,224028448,211539,0.032837,0.039076,-0.003743,0.99869,919923,-1.958969,0.128182,0.216818,0.0888972282409668,114.2767938,22.4028448,211.539,-0.0002739000000104852,-0.0002922999999981357,93.11999999999999,-32.445299999793065,-28.108305331436963,102.53832805678985,105.4799541176397,1.9750949884015705,234.257667,RMN5,234.24676191215337,61.98464829088982,-28.94879999994515,-40.207627376190146,-93.11999999999999,105.4799541176397,0.8481900437846908
2714,RMN5_MAC,A	E	TR4c_1	TR4c_2	TR6c_1	TR6c_2	TR8c_1	TR8c_2	TRc0_1	TRc0_2	TR60_1	TR60_2,N	N	-127	-127	-90	-85	-92	-87	-83	-94	-127	-127,"[-127, -127, -90, -85, -92, -87, -83, -94, -127, -127]",-127,-127,-90,-85,-92,-87,-83,-94,-127,-127,302.0,30.0,920123,-4.365168,-0.506482,176.254402,920123,1142767940,224028412,211577,0.032938,0.037916,-0.005663,0.998722,920123,-1.959372,0.13214,0.219518,0.04550457000732422,114.276794,22.4028412,211.577,-0.000273700000008148,-0.0002958999999975731,93.158,-32.844899999730615,-28.08778155681649,102.69432259271078,105.4123993164604,1.9760535838655793,234.254402,RMN5,234.63735861070725,62.09784475820878,-28.549200000007602,-40.22815115081062,-93.158,105.4123993164604,0.8471328574913257
2715,RMN5_MAC,A	E	TR4c_1	TR4c_2	TR6c_1	TR6c_2	TR8c_1	TR8c_2	TRc0_1	TRc0_2	TR60_1	TR60_2,N	N	-127	-127	-90	-87	-91	-83	-82	-93	-127	-127,"[-127, -127, -90, -87, -91, -83, -82, -93, -127, -127]",-127,-127,-90,-87,-91,-83,-82,-93,-127,-127,302.0,30.0,920523,-4.468517,-0.356796,176.274553,920523,1142767945,224028340,211674,0.032715,0.03886,-0.004381,0.998699,920523,-1.956815,0.136186,0.220279,0.09552836418151855,114.2767945,22.402834,211.674,-0.00027320000000941036,-0.0003031000000000006,93.25500000000001,-33.644100000000066,-28.036471753255338,103.02652201341697,105.30428528678321,1.9738780126091886,234.274553,RMN5,235.4356165916665,62.322548807957645,-27.74999999973815,-40.27946095437177,-93.25500000000001,105.30428528678321,0.8449688819946908
2722,RMN5_MAC,A	E	TR4c_1	TR4c_2	TR6c_1	TR6c_2	TR8c_1	TR8c_2	TRc0_1	TRc0_2	TR60_1	TR60_2,N	N	-93	-92	-92	-91	-87	-85	-91	-90	-127	-127,"[-93, -92, -92, -91, -87, -85, -91, -90, -127, -127]",-93,-92,-92,-91,-87,-85,-91,-90,-127,-127,302.0,30.0,926723,-4.588541,-0.292398,176.266957,926523,1142768021,224027271,213008,0.03276,0.039924,-0.003856,0.998658,926523,-1.954743,0.141703,0.229964,0.12117624282836914,114.2768021,22.4027271,213.008,-0.00026560000000586115,-0.0004099999999986892,94.58900000000001,-45.5099999998545,-27.2565615841246,108.44887814254206,104.33242789690951,1.9733178602429968,234.266957,RMN5,248.85069513158908,65.04123455915868,-15.884099999883716,-41.059371123502515,-94.58900000000001,104.33242789690951,0.8069650305061364
2723,RMN5_MAC,A	E	TR4c_1	TR4c_2	TR6c_1	TR6c_2	TR8c_1	TR8c_2	TRc0_1	TRc0_2	TR60_1	TR60_2,N	N	-92	-92	-91	-93	-87	-86	-91	-90	-127	-127,"[-92, -92, -91, -93, -87, -86, -91, -90, -127, -127]",-92,-92,-91,-93,-87,-86,-91,-90,-127,-127,302.0,30.0,926723,-4.588541,-0.292398,176.266957,926723,1142768024,224027237,213064,0.03276,0.039924,-0.003856,0.998658,926723,-1.946696,0.13455,0.226298,0.04702258110046387,114.2768024,22.4027237,213.064,-0.00026530000000946075,-0.00041339999999934207,94.645,-45.88739999992697,-27.225775471593252,108.64884883781744,104.3385585081859,1.9644184390602732,234.266957,RMN5,249.32437872684756,65.10695910999277,-15.506699999811246,-41.09015723603386,-94.645,104.3385585081859,0.8055640026364261
2724,RMN5_MAC,A	E	TR4c_1	TR4c_2	TR6c_1	TR6c_2	TR8c_1	TR8c_2	TRc0_1	TRc0_2	TR60_1	TR60_2,N	N	-127	-127	-127	-127	-89	-88	-93	-92	-127	-127,"[-127, -127, -127, -127, -89, -88, -93, -92, -127, -127]",-127,-127,-127,-127,-89,-88,-93,-92,-127,-127,180.0,29.0,927323,-5.000128,-0.304065,176.410074,927123,1142768030,224027167,213161,0.031522,0.043512,-0.004021,0.998547,927123,-1.955473,0.123086,0.228479,0.10266947746276855,114.276803,22.4027167,213.161,-0.0002647000000024491,-0.00042039999999943234,94.742,-46.66439999993699,-27.164203279640923,109.0481853639563,104.338274190243,1.972619443928808,356.410074,RMN5,250.30586503859587,65.23414498219928,-14.729699999801227,-41.15172942798619,-94.742,104.338274190243,0.3385897886918259
2725,RMN5_MAC,A	E	TR4c_1	TR4c_2	TR6c_1	TR6c_2	TR8c_1	TR8c_2	TRc0_1	TRc0_2	TR60_1	TR60_2,N	N	-127	-127	-127	-127	-89	-89	-93	-92	-127	-127,"[-127, -127, -127, -127, -89, -89, -93, -92, -127, -127]",-127,-127,-127,-127,-89,-89,-93,-92,-127,-127,180.0,29.0,927323,-5.000128,-0.304065,176.410074,927323,1142768032,224027132,213211,0.031522,0.043512,-0.004021,0.998547,927323,-1.969098,0.102505,0.230519,0.0481722354888916,114.2768032,22.4027132,213.211,-0.00026450000000011187,-0.0004238999999977011,94.79200000000002,-47.052899999744824,-27.14367944211741,109.25327453235631,104.33766204204063,1.9851934963599895,356.410074,RMN5,250.795650713197,65.30050044544959,-14.341199999993393,-41.1722532655097,-94.79200000000002,104.33766204204063,0.34208512029373433
2726,RMN5_MAC,A	E	TR4c_1	TR4c_2	TR6c_1	TR6c_2	TR8c_1	TR8c_2	TRc0_1	TRc0_2	TR60_1	TR60_2,N	N	-127	-127	-127	-127	-127	-127	-93	-91	-127	-127,"[-127, -127, -127, -127, -127, -127, -93, -91, -127, -127]",-127,-127,-127,-127,-127,-127,-93,-91,-127,-127,179.0,29.0,927523,-4.815619,-0.794999,176.372409,927523,1142768034,224027096,213258,0.032027,0.041766,-0.008262,0.99858,927523,-1.977781,0.09798,0.234421,0.1020042896270752,114.2768034,22.4027096,213.258,-0.00026429999999777465,-0.0004274999999971385,94.83900000000001,-47.452499999682374,-27.123155623074396,109.46159713878366,104.33431370119425,1.994033843645087,357.372409,RMN5,251.3017294146583,65.36634855565987,-13.941600000055843,-41.192777084552716,-94.83900000000001,104.33431370119425,0.33977078317885634
2727,RMN5_MAC,A	E	TR4c_1	TR4c_2	TR6c_1	TR6c_2	TR8c_1	TR8c_2	TRc0_1	TRc0_2	TR60_1	TR60_2,N	N	-127	-127	-127	-127	-87	-87	-93	-91	-127	-127,"[-127, -127, -127, -127, -87, -87, -93, -91, -127, -127]",-127,-127,-127,-127,-87,-87,-93,-91,-127,-127,121.0,29.0,927923,-4.585332,-0.680334,176.327832,927723,1142768037,224027061,213306,0.032365,0.039789,-0.007215,0.998658,927723,-1.977581,0.109392,0.230921,0.05712008476257324,114.2768037,22.4027061,213.306,-0.00026400000000137425,-0.00043099999999896,94.88700000000001,-47.84099999988456,-27.09236952289495,109.66449077232815,104.3389258630337,1.9940204937427297,55.327832,RMN5,251.80064966138838,65.42412627327651,-13.553099999853657,-41.223563184732164,-94.88700000000001,104.3389258630337,0.09206931342568354
2728,RMN5_MAC,A	E	TR4c_1	TR4c_2	TR6c_1	TR6c_2	TR8c_1	TR8c_2	TRc0_1	TRc0_2	TR60_1	TR60_2,N	N	-127	-127	-90	-93	-86	-85	-93	-89	-127	-127,"[-127, -127, -90, -93, -86, -85, -93, -89, -127, -127]",-127,-127,-90,-93,-86,-85,-93,-89,-127,-127,121.0,30.0,928123,-4.900254,-0.411063,176.361562,927923,1142768038,224027026,213366,0.031983,0.04261,-0.004944,0.998568,927923,-1.97578,0.114095,0.227966,0.11254668235778809,114.2768038,22.4027026,213.366,-0.00026390000000731106,-0.00043449999999722877,94.94700000000002,-48.22949999969239,-27.0821079442873,109.88383889328931,104.34782128427514,1.9921578186933384,55.36156199999999,RMN5,252.2934325890481,65.49275028527312,-13.164600000045823,-41.23382476333981,-94.94700000000002,104.34782128427514,0.1112919996181261
2729,RMN5_MAC,A	E	TR4c_1	TR4c_2	TR6c_1	TR6c_2	TR8c_1	TR8c_2	TRc0_1	TRc0_2	TR60_1	TR60_2,N	N	-91	-92	-89	-93	-86	-85	-92	-89	-127	-127,"[-91, -92, -89, -93, -86, -85, -92, -89, -127, -127]",-91,-92,-89,-93,-86,-85,-92,-89,-127,-127,178.0,30.0,928123,-4.900254,-0.411063,176.361562,928123,1142768041,224026990,213412,0.031983,0.04261,-0.004944,0.998568,928123,-1.975722,0.11572,0.223889,0.10029029846191406,114.2768041,22.402699,213.412,-0.0002635999999966998,-0.00043810000000021887,94.99300000000001,-48.629100000024295,-27.051321859527707,110.09193172144872,104.35220832564005,1.9917316144513548,358.361562,RMN5,252.81080989351108,65.54841378853857,-12.764999999713922,-41.26461084809941,-94.99300000000001,104.35220832564005,0.3590530957784196
2730,RMN5_MAC,A	E	TR4c_1	TR4c_2	TR6c_1	TR6c_2	TR8c_1	TR8c_2	TRc0_1	TRc0_2	TR60_1	TR60_2,N	N	-127	-127	-89	-93	-86	-85	-94	-89	-127	-127,"[-127, -127, -89, -93, -86, -85, -94, -89, -127, -127]",-127,-127,-89,-93,-86,-85,-94,-89,-127,-127,178.0,30.0,928323,-4.860808,-0.748576,176.423981,928323,1142768044,224026954,213457,0.031563,0.042177,-0.007851,0.998581,928323,-1.987933,0.119748,0.224679,0.10232281684875488,114.2768044,22.4026954,213.457,-0.0002633000000002994,-0.00044169999999965626,95.038,-49.028699999961844,-27.020535774631544,110.30024578954664,104.35724396997139,2.004170114794151,358.423981,RMN5,253.3303159188029,65.60207742230271,-12.365399999776372,-41.29539693299557,-95.038,104.35724396997139,0.3621971416159298
2731,RMN5_MAC,A	E	TR4c_1	TR4c_2	TR6c_1	TR6c_2	TR8c_1	TR8c_2	TRc0_1	TRc0_2	TR60_1	TR60_2,N	N	-127	-127	-127	-127	-87	-87	-93	-90	-127	-127,"[-127, -127, -127, -127, -87, -87, -93, -90, -127, -127]",-127,-127,-127,-127,-87,-87,-93,-90,-127,-127,178.0,30.0,928523,-4.576422,-0.455499,176.367997,928323,1142768044,224026954,213457,0.031936,0.039776,-0.005239,0.998684,928323,-1.987933,0.119748,0.224679,0.04488563537597656,114.2768044,22.4026954,213.457,-0.0002633000000002994,-0.00044169999999965626,95.038,-49.028699999961844,-27.020535774631544,110.30024578954664,104.35724396997139,2.004170114794151,358.367997,RMN5,253.3303159188029,65.60207742230271,-12.365399999776372,-41.29539693299557,-95.038,104.35724396997139,0.36253466753873875
2732,RMN5_MAC,A	E	TR4c_1	TR4c_2	TR6c_1	TR6c_2	TR8c_1	TR8c_2	TRc0_1	TRc0_2	TR60_1	TR60_2,N	N	-127	-127	-127	-127	-89	-90	-94	-92	-127	-127,"[-127, -127, -127, -127, -89, -90, -94, -92, -127, -127]",-127,-127,-127,-127,-89,-90,-94,-92,-127,-127,121.0,30.0,928723,-4.150103,-0.30932,176.309157,928523,1142768046,224026919,213491,0.032393,0.0361,-0.003866,0.998816,928523,-1.999818,0.123097,0.226276,0.09649658203125,114.2768046,22.4026919,213.491,-0.0002630999999979622,-0.00044519999999792503,95.07200000000002,-49.41719999976968,-27.000011930344236,110.49771709884314,104.35102600014991,2.0163396868357775,55.309157,RMN5,253.8338751513238,65.65485193865415,-11.976899999968538,-41.31592077728288,-95.07200000000002,104.35102600014991,0.11703318221867684
2733,RMN5_MAC,A	E	TR4c_1	TR4c_2	TR6c_1	TR6c_2	TR8c_1	TR8c_2	TRc0_1	TRc0_2	TR60_1	TR60_2,N	N	-127	-127	-91	-93	-89	-90	-94	-92	-127	-127,"[-127, -127, -91, -93, -89, -90, -94, -92, -127, -127]",-127,-127,-91,-93,-89,-90,-94,-92,-127,-127,122.0,30.0,928723,-4.150103,-0.30932,176.309157,928723,1142768048,224026882,213547,0.032393,0.0361,-0.003866,0.998816,928723,-1.998408,0.119753,0.2221,0.053012847900390625,114.2768048,22.4026882,213.547,-0.0002629000000098358,-0.00044889999999853103,95.128,-49.827899999836944,-26.9794881253033,110.72510456936644,104.36385876894953,2.0142749875508557,54.309157,RMN5,254.36804234361009,65.71392793076537,-11.566199999901272,-41.336444582323814,-95.128,104.36385876894953,0.12116789974985998
2734,RMN5_MAC,A	E	TR4c_1	TR4c_2	TR6c_1	TR6c_2	TR8c_1	TR8c_2	TRc0_1	TRc0_2	TR60_1	TR60_2,N	N	-127	-127	-90	-95	-127	-127	-92	-92	-127	-127,"[-127, -127, -90, -95, -127, -127, -92, -92, -127, -127]",-127,-127,-90,-95,-127,-127,-92,-92,-127,-127,122.0,30.0,928923,-4.314847,-0.697506,176.332272,928923,1142768051,224026846,213583,0.03232,0.037427,-0.007288,0.99875,928923,-1.998237,0.113695,0.228253,0.10266542434692383,114.2768051,22.4026846,213.583,-0.00026259999999922456,-0.0004524999999979684,95.164,-50.227499999774494,-26.94870203469564,110.92890152517583,104.36535644123826,2.0144421295244497,54.33227199999999,RMN5,254.89371977807485,65.760199855074,-11.166599999963722,-41.36723067293147,-95.164,104.36535644123826,0.12301527150678199
2735,RMN5_MAC,A	E	TR4c_1	TR4c_2	TR6c_1	TR6c_2	TR8c_1	TR8c_2	TRc0_1	TRc0_2	TR60_1	TR60_2,N	N	-127	-127	-91	-96	-90	-91	-96	-92	-127	-127,"[-127, -127, -91, -96, -90, -91, -96, -92, -127, -127]",-127,-127,-91,-96,-90,-91,-96,-92,-127,-127,122.0,30.0,929123,-4.131244,-0.907708,176.378748,929123,1142768054,224026810,213645,0.031973,0.035771,-0.009054,0.998807,929123,-1.988892,0.124328,0.229502,0.04744291305541992,114.2768054,22.402681,213.645,-0.00026230000000282416,-0.0004560999999974058,95.22600000000001,-50.627099999712044,-26.917915943951417,111.15605484698743,104.39212210203479,2.005946162600582,54.378748,RMN5,255.4212262657586,65.81050653846889,-10.767000000026172,-41.3980167636757,-95.22600000000001,104.39212210203479,0.1249026806098524
2736,RMN5_MAC,A	E	TR4c_1	TR4c_2	TR6c_1	TR6c_2	TR8c_1	TR8c_2	TRc0_1	TRc0_2	TR60_1	TR60_2,N	N	-127	-127	-89	-94	-89	-90	-93	-90	-127	-127,"[-127, -127, -89, -94, -89, -90, -93, -90, -127, -127]",-127,-127,-89,-94,-89,-90,-93,-90,-127,-127,121.0,30.0,929323,-4.352017,-0.430405,176.395866,929323,1142768057,224026774,213696,0.03168,0.037829,-0.004949,0.99877,929323,-1.977797,0.127179,0.232984,0.10608196258544922,114.2768057,22.4026774,213.696,-0.00026200000000642376,-0.0004596999999968432,95.277,-51.026699999649594,-26.887129851612283,111.37481130628998,104.41041814801997,1.9955292569907361,55.39586600000001,RMN5,255.95048148960274,65.85649704291059,-10.367400000088622,-41.428802856014826,-95.277,104.41041814801997,0.1245879326349182
2737,RMN5_MAC,A	E	TR4c_1	TR4c_2	TR6c_1	TR6c_2	TR8c_1	TR8c_2	TRc0_1	TRc0_2	TR60_1	TR60_2,N	N	-127	-127	-127	-127	-91	-91	-127	-127	-127	-127,"[-127, -127, -127, -127, -91, -91, -127, -127, -127, -127]",-127,-127,-127,-127,-91,-91,-127,-127,-127,-127,121.0,30.0,929523,-4.434222,-0.347058,176.421495,929523,1142768059,224026738,213731,0.03143,0.038569,-0.004237,0.998753,929523,-1.978206,0.116653,0.234563,0.09883904457092285,114.2768059,22.4026738,213.731,-0.00026180000000408654,-0.0004632999999998333,95.312,-51.426299999981495,-26.86660602063667,111.58340465658954,104.41159448854332,1.9954765600763142,55.42149499999999,RMN5,256.4781792795547,65.90205360780371,-9.967799999756721,-41.449326686990446,-95.312,104.41159448854332,0.12643942566511196
2738,RMN5_MAC,A	E	TR4c_1	TR4c_2	TR6c_1	TR6c_2	TR8c_1	TR8c_2	TRc0_1	TRc0_2	TR60_1	TR60_2,N	N	-127	-127	-127	-127	-91	-92	-127	-127	-127	-127,"[-127, -127, -127, -127, -91, -92, -127, -127, -127, -127]",-127,-127,-127,-127,-91,-92,-127,-127,-127,-127,121.0,30.0,929723,-4.346321,-0.528048,176.354978,929723,1142768062,224026702,213782,0.032068,0.03775,-0.005812,0.998756,929723,-1.97989,0.107659,0.231447,0.06175398826599121,114.2768062,22.4026702,213.782,-0.00026150000000768614,-0.0004668999999992707,95.36300000000001,-51.825899999919045,-26.835819925373507,111.80423476268099,104.4330023348224,1.9962771817034828,55.35497799999999,RMN5,257.01080446333344,65.9443590169263,-9.568199999819171,-41.480112782253606,-95.36300000000001,104.4330023348224,0.12847916289480832
2739,RMN5_MAC,A	E	TR4c_1	TR4c_2	TR6c_1	TR6c_2	TR8c_1	TR8c_2	TRc0_1	TRc0_2	TR60_1	TR60_2,N	N	-127	-127	-127	-127	-127	-127	-95	-93	-127	-127,"[-127, -127, -127, -127, -127, -127, -95, -93, -127, -127]",-127,-127,-127,-127,-127,-127,-95,-93,-127,-127,121.0,30.0,930123,-4.507552,-0.713864,176.351084,930123,1142768065,224026630,213880,0.03217,0.039103,-0.007478,0.998689,930123,-1.966386,0.115501,0.219091,0.07877922058105469,114.2768065,22.402663,213.88,-0.0002611999999970749,-0.00047409999999814545,95.461,-52.625099999794145,-26.805034521329972,112.2528999477431,104.46459950735535,1.9819221095386166,55.351083999999986,RMN5,258.0718776437045,66.03756848480118,-8.768999999944072,-41.51089818629714,-95.461,104.46459950735535,0.1324751480044915
2740,RMN5_MAC,A	E	TR4c_1	TR4c_2	TR6c_1	TR6c_2	TR8c_1	TR8c_2	TRc0_1	TRc0_2	TR60_1	TR60_2,N	N	-127	-127	-89	-94	-127	-127	-94	-92	-127	-127,"[-127, -127, -89, -94, -127, -127, -94, -92, -127, -127]",-127,-127,-89,-94,-127,-127,-94,-92,-127,-127,122.0,30.0,930323,-4.417421,-0.688429,176.432765,930323,1142768068,224026594,213919,0.031446,0.03833,-0.007204,0.998744,930323,-1.966284,0.109035,0.220096,0.07843947410583496,114.2768068,22.4026594,213.919,-0.0002609000000006745,-0.00047769999999758284,95.50000000000001,-53.024699999731695,-26.774248422079474,112.46656920449193,104.47970324249694,1.9815659588055603,54.43276499999999,RMN5,258.6091092392782,66.0716151463165,-8.369400000006522,-41.54168428554764,-95.50000000000001,104.47970324249694,0.13658029165698823
2742,RMN5_MAC,A	E	TR4c_1	TR4c_2	TR6c_1	TR6c_2	TR8c_1	TR8c_2	TRc0_1	TRc0_2	TR60_1	TR60_2,N	N	-127	-127	-91	-94	-127	-127	-127	-127	-127	-127,"[-127, -127, -91, -94, -127, -127, -127, -127, -127, -127]",-127,-127,-91,-94,-127,-127,-127,-127,-127,-127,179.0,29.0,931723,-4.331712,-1.091896,176.23294,931723,1142768082,224026345,214187,0.033316,0.037453,-0.010762,0.998685,931723,-1.980494,0.142454,0.223597,0.05075716972351074,114.2768082,22.4026345,214.187,-0.0002594999999985248,-0.0005025999999972441,95.76800000000001,-55.7885999996941,-26.630581487823108,113.98712902913844,104.59732291301204,1.9981604651681506,357.23294,RMN5,262.34128194390536,66.28929617468559,-5.605500000044117,-41.685351219804005,-95.76800000000001,104.59732291301204,0.4138954186861089
2744,RMN5_MAC,A	E	TR4c_1	TR4c_2	TR6c_1	TR6c_2	TR8c_1	TR8c_2	TRc0_1	TRc0_2	TR60_1	TR60_2,N	N	-127	-127	-92	-92	-127	-127	-127	-127	-127	-127,"[-127, -127, -92, -92, -127, -127, -127, -127, -127, -127]",-127,-127,-92,-92,-127,-127,-127,-127,-127,-127,180.0,29.0,933123,-4.010766,-0.414848,176.294294,933123,1142768104,224026094,214482,0.032553,0.034855,-0.004751,0.998851,933123,-1.978889,0.119653,0.222463,0.10688424110412598,114.2768104,22.4026094,214.482,-0.0002573000000012371,-0.0005276999999992427,96.063,-58.574699999915936,-26.404816394116132,115.56950193665774,104.84555620532349,1.9949456887592203,356.29429400000004,RMN5,266.15145769663536,66.38149729694165,-2.8193999998222807,-41.91111631351098,-96.063,104.84555620532349,0.44332520127903635
2746,RMN5_MAC,A	E	TR4c_1	TR4c_2	TR6c_1	TR6c_2	TR8c_1	TR8c_2	TRc0_1	TRc0_2	TR60_1	TR60_2,N	N	-127	-127	-91	-93	-127	-127	-127	-127	-127	-127,"[-127, -127, -91, -93, -127, -127, -127, -127, -127, -127]",-127,-127,-91,-93,-127,-127,-127,-127,-127,-127,120.0,30.0,934123,-4.610824,-0.440247,176.265209,933923,1142768114,224025951,214659,0.032827,0.040076,-0.005152,0.998644,933923,-1.962268,0.125085,0.218432,0.07544565200805664,114.2768114,22.4025951,214.659,-0.00025630000000376185,-0.0005419999999993763,96.24,-60.16199999993077,-26.302196417213263,116.50497577512016,105.01813989730518,1.978346405378239,56.265209,RMN5,268.3202183593971,66.40721095479884,-1.2320999998074456,-42.013736290413846,-96.24,105.01813989730518,0.16443892149029055
2749,RMN5_MAC,A	E	TR4c_1	TR4c_2	TR6c_1	TR6c_2	TR8c_1	TR8c_2	TRc0_1	TRc0_2	TR60_1	TR60_2,N	N	-127	-127	-92	-93	-127	-127	-127	-127	-127	-127,"[-127, -127, -92, -93, -127, -127, -127, -127, -127, -127]",-127,-127,-92,-93,-127,-127,-127,-127,-127,-127,300.0,30.0,934923,-4.292704,-0.862947,176.332204,934723,1142768122,224025808,214861,0.032374,0.037187,-0.008724,0.998746,934723,-1.985496,0.133155,0.217261,0.05143094062805176,114.2768122,22.4025808,214.861,-0.00025550000000862383,-0.00055629999999951,96.442,-61.749299999945606,-26.220100960300666,117.47990938390973,105.22948532393077,2.0017809475969144,236.332204,RMN5,270.48344401515465,66.41853255382391,0.3552000002073896,-42.09583174732644,-96.442,105.22948532393077,0.7449585085041948
2750,RMN5_MAC,A	E	TR4c_1	TR4c_2	TR6c_1	TR6c_2	TR8c_1	TR8c_2	TRc0_1	TRc0_2	TR60_1	TR60_2,N	N	-127	-127	-90	-93	-127	-127	-127	-127	-127	-127,"[-127, -127, -90, -93, -127, -127, -127, -127, -127, -127]",-127,-127,-90,-93,-127,-127,-127,-127,-127,-127,300.0,30.0,935123,-4.074269,-0.592285,176.335988,934923,1142768125,224025772,214902,0.032245,0.03536,-0.006303,0.998834,934923,-1.983316,0.132116,0.214669,0.10851764678955078,114.2768125,22.4025772,214.902,-0.00025519999999801257,-0.0005598999999989474,96.48299999999999,-62.148899999883156,-26.189314826231428,117.71718341543405,105.28148434632438,1.9992698099238633,236.335988,RMN5,271.02648229437307,66.40947869485589,0.7548000001449395,-42.12661788139569,-96.48299999999999,105.28148434632438,0.7431868229426237
2751,RMN5_MAC,A	E	TR4c_1	TR4c_2	TR6c_1	TR6c_2	TR8c_1	TR8c_2	TRc0_1	TRc0_2	TR60_1	TR60_2,N	N	-127	-127	-92	-93	-127	-127	-127	-127	-127	-127,"[-127, -127, -92, -93, -127, -127, -127, -127, -127, -127]",-127,-127,-92,-93,-127,-127,-127,-127,-127,-127,300.0,30.0,935323,-3.978231,-0.337721,176.421167,935123,1142768128,224025738,214981,0.031423,0.034598,-0.004031,0.998899,935123,-1.983598,0.134157,0.216138,0.04919886589050293,114.2768128,22.4025738,214.981,-0.00025490000000161217,-0.0005632999999996002,96.562,-62.526299999955626,-26.15852865438537,117.9746865096354,105.36958022763864,1.999843684215594,236.421167,RMN5,271.53839386994537,66.40712329022753,1.1322000002174093,-42.15740405324174,-96.562,105.36958022763864,0.7417282661332308
2752,RMN5_MAC,A	E	TR4c_1	TR4c_2	TR6c_1	TR6c_2	TR8c_1	TR8c_2	TRc0_1	TRc0_2	TR60_1	TR60_2,N	N	-127	-127	-90	-91	-127	-127	-91	-94	-127	-127,"[-127, -127, -90, -91, -127, -127, -91, -94, -127, -127]",-127,-127,-90,-91,-127,-127,-91,-94,-127,-127,300.0,30.0,935523,-4.562367,-0.218042,176.473572,935323,1142768131,224025702,215025,0.030934,0.039723,-0.003129,0.998727,935323,-1.976571,0.135008,0.213645,0.10765194892883301,114.2768131,22.4025702,215.025,-0.00025460000000521177,-0.0005668999999990376,96.60600000000001,-62.925899999893176,-26.12774251862898,118.21610320052142,105.42726895193461,1.9926626066973807,236.473572,RMN5,272.07942405850787,66.39508650527628,1.5318000001549592,-42.188190188998135,-96.60600000000001,105.42726895193461,0.7401110549807921
2753,RMN5_MAC,A	E	TR4c_1	TR4c_2	TR6c_1	TR6c_2	TR8c_1	TR8c_2	TRc0_1	TRc0_2	TR60_1	TR60_2,N	N	-127	-127	-91	-93	-127	-127	-127	-127	-127	-127,"[-127, -127, -91, -93, -127, -127, -127, -127, -127, -127]",-127,-127,-91,-93,-127,-127,-127,-127,-127,-127,300.0,30.0,935723,-4.3948,-0.393694,176.446331,935523,1142768136,224025668,215068,0.031229,0.038214,-0.004624,0.998771,935523,-1.970192,0.130819,0.212502,0.10142993927001953,114.2768136,22.4025668,215.068,-0.00025410000000647415,-0.0005702999999996905,96.64900000000002,-63.303299999965645,-26.07643180055042,118.44119759329695,105.49336321551135,1.9859323320871232,236.446331,RMN5,272.58797328662655,66.37127473443054,1.909200000227429,-42.23950090707669,-96.64900000000002,105.49336321551135,0.738393810854974
2817,RMN10_MAC,A	E	TR4c_1	TR4c_2	TR6c_1	TR6c_2	TR8c_1	TR8c_2	TRc0_1	TRc0_2	TR60_1	TR60_2,N	N	-127	-127	-88	-94	-127	-127	-127	-127	-127	-127,"[-127, -127, -88, -94, -127, -127, -127, -127, -127, -127]",-127,-127,-88,-94,-127,-127,-127,-127,-127,-127,240.0,30.0,988323,-3.675475,-1.35405,176.41476,988123,1142768795,224016297,226475,0.031756,0.031678,-0.01281,0.998911,988123,-1.985927,0.087031,0.216164,0.10576319694519043,114.2768795,22.4016297,226.475,-0.00018819999999664105,-0.0015073999999977161,108.056,-167.3213999997465,-19.313725113808218,200.11389260030626,189.74957265880855,1.9995517795711117,296.41476,RMN10,295.87766539074835,34.7130223608612,68.07629999974552,-140.33680403424154,-108.056,189.74957265880855,0.9965874602470355
2818,RMN10_MAC,A	E	TR4c_1	TR4c_2	TR6c_1	TR6c_2	TR8c_1	TR8c_2	TRc0_1	TRc0_2	TR60_1	TR60_2,N	N	-127	-127	-87	-97	-127	-127	-127	-127	-127	-127,"[-127, -127, -87, -97, -127, -127, -127, -127, -127, -127]",-127,-127,-87,-97,-127,-127,-127,-127,-127,-127,240.0,30.0,988923,-3.912311,-1.500085,176.218828,988723,1142768800,224016189,226598,0.033529,0.033678,-0.014204,0.998769,988723,-1.970877,0.097245,0.209309,0.05076956748962402,114.27688,22.4016189,226.598,-0.00018769999999790343,-0.001518199999999581,108.17900000000002,-168.5201999999535,-19.262414907319904,201.17851395486065,190.29072006031097,1.9843444752953052,296.21882800000003,RMN10,296.2642274037775,34.64522589043906,69.27509999995252,-140.38811424072983,-108.17900000000002,190.29072006031097,0.9967150400009995
2819,RMN10_MAC,A	E	TR4c_1	TR4c_2	TR6c_1	TR6c_2	TR8c_1	TR8c_2	TRc0_1	TRc0_2	TR60_1	TR60_2,N	N	-127	-127	-85	-91	-127	-127	-127	-127	-127	-127,"[-127, -127, -85, -91, -127, -127, -127, -127, -127, -127]",-127,-127,-85,-91,-127,-127,-127,-127,-127,-127,240.0,30.0,989323,-3.547288,-1.752008,176.257626,989123,1142768804,224016117,226683,0.033219,0.030428,-0.016286,0.998852,989123,-1.98276,0.097218,0.212529,0.05045819282531738,114.2768804,22.4016117,226.683,-0.00018730000000743985,-0.0015253999999984558,108.264,-169.3193999998286,-19.221366538133307,201.8901033827444,190.66161367141578,1.9964861965375569,296.25762599999996,RMN10,296.51924452110745,34.59926811168642,70.07429999982762,-140.42916260991643,-108.264,190.66161367141578,0.9967724714835369
2820,RMN10_MAC,A	E	TR4c_1	TR4c_2	TR6c_1	TR6c_2	TR8c_1	TR8c_2	TRc0_1	TRc0_2	TR60_1	TR60_2,N	N	-127	-127	-86	-95	-127	-127	-127	-127	-127	-127,"[-127, -127, -86, -95, -127, -127, -127, -127, -127, -127]",-127,-127,-86,-95,-127,-127,-127,-127,-127,-127,239.0,30.0,989923,-3.670144,-1.539367,176.278747,989723,1142768810,224016010,226804,0.032992,0.031563,-0.014461,0.998852,989723,-1.971811,0.112228,0.214888,0.04948067665100098,114.276881,22.401601,226.804,-0.0001867000000004282,-0.001536099999999152,108.385,-170.50709999990588,-19.15979396040748,202.94599547658774,191.21513418804136,1.9866581478072667,297.278747,RMN10,296.8957775305902,34.52893021807748,71.2619999999049,-140.49073518764226,-108.385,191.21513418804136,0.9968616528166161
2821,RMN10_MAC,A	E	TR4c_1	TR4c_2	TR6c_1	TR6c_2	TR8c_1	TR8c_2	TRc0_1	TRc0_2	TR60_1	TR60_2,N	N	-127	-127	-84	-92	-127	-127	-127	-127	-127	-127,"[-127, -127, -84, -92, -127, -127, -127, -127, -127, -127]",-127,-127,-84,-92,-127,-127,-127,-127,-127,-127,239.0,30.0,990123,-3.83729,-1.579474,176.335715,989923,1142768812,224015974,226844,0.032525,0.033016,-0.014841,0.998815,989923,-1.968414,0.115096,0.217141,0.05450105667114258,114.2768812,22.4015974,226.844,-0.00018649999999809097,-0.0015396999999985894,108.425,-170.90669999984343,-19.139269770315217,203.30123555251055,191.4021409270398,1.9836962918987877,297.335715,RMN10,297.0218591464866,34.50495229095932,71.66159999984245,-140.51125937773452,-108.425,191.4021409270398,0.9968998411264074
2822,RMN10_MAC,A	E	TR4c_1	TR4c_2	TR6c_1	TR6c_2	TR8c_1	TR8c_2	TRc0_1	TRc0_2	TR60_1	TR60_2,N	N	-127	-127	-84	-94	-127	-127	-127	-127	-127	-127,"[-127, -127, -84, -94, -127, -127, -127, -127, -127, -127]",-127,-127,-84,-94,-127,-127,-127,-127,-127,-127,239.0,30.0,990923,-3.831358,-1.755293,176.395265,990923,1142768824,224015797,227056,0.032056,0.032922,-0.016355,0.99881,990923,-1.965609,0.113873,0.214799,0.05133318901062012,114.2768824,22.4015797,227.056,-0.0001852999999982785,-0.001557399999999376,108.63700000000001,-172.87139999993073,-19.016124075342802,205.05641097460202,192.35609091170957,1.980586885600074,297.395265,RMN10,297.63339694872906,34.38633946463979,73.62629999992976,-140.63440507270695,-108.63700000000001,192.35609091170957,0.9970648426474643
2823,RMN10_MAC,A	E	TR4c_1	TR4c_2	TR6c_1	TR6c_2	TR8c_1	TR8c_2	TRc0_1	TRc0_2	TR60_1	TR60_2,N	N	-127	-127	-84	-93	-127	-127	-127	-127	-127	-127,"[-127, -127, -84, -93, -127, -127, -127, -127, -127, -127]",-127,-127,-84,-93,-127,-127,-127,-127,-127,-127,239.0,30.0,992123,-3.795706,-1.395698,176.258952,992123,1142768840,224015585,227302,0.033137,0.032696,-0.01325,0.998828,992123,-1.964449,0.124087,0.213778,0.10121989250183105,114.276884,22.4015585,227.302,-0.00018370000000800246,-0.0015785999999984313,108.883,-175.22459999982587,-18.851929442059273,207.1583051141985,193.52683996901084,1.9799390118016262,297.258952,RMN10,298.35274126150836,34.23751535162545,75.9794999998249,-140.79859970599045,-108.883,193.52683996901084,0.9971358535729347
2824,RMN10_MAC,A	E	TR4c_1	TR4c_2	TR6c_1	TR6c_2	TR8c_1	TR8c_2	TRc0_1	TRc0_2	TR60_1	TR60_2,N	N	-127	-127	-87	-94	-127	-127	-127	-127	-127	-127,"[-127, -127, -87, -94, -127, -127, -127, -127, -127, -127]",-127,-127,-87,-94,-127,-127,-127,-127,-127,-127,239.0,30.0,992523,-4.093013,-1.490575,176.388844,992323,1142768843,224015549,227349,0.032063,0.035276,-0.014121,0.998763,992323,-1.962749,0.124364,0.213201,0.10329723358154297,114.2768843,22.4015549,227.349,-0.0001833999999973912,-0.0015821999999978686,108.92999999999999,-175.62419999976342,-18.82114289068949,207.51828821881858,193.73287756702135,1.9782074481454164,297.388844,RMN10,298.4732793582242,34.2128630024566,76.37909999976245,-140.82938625736026,-108.92999999999999,193.73287756702135,0.9971697381592379
2825,RMN10_MAC,A	E	TR4c_1	TR4c_2	TR6c_1	TR6c_2	TR8c_1	TR8c_2	TRc0_1	TRc0_2	TR60_1	TR60_2,N	N	-127	-127	-84	-97	-127	-127	-127	-127	-127	-127,"[-127, -127, -84, -97, -127, -127, -127, -127, -127, -127]",-127,-127,-84,-97,-127,-127,-127,-127,-127,-127,239.0,30.0,992723,-3.957009,-1.399169,176.396044,992723,1142768848,224015477,227430,0.031959,0.034117,-0.013285,0.998818,992723,-1.970212,0.124297,0.216326,0.08966970443725586,114.2768848,22.4015477,227.43,-0.00018289999999865358,-0.0015894000000002961,109.01100000000001,-176.42340000003287,-18.76983213218284,208.23285232364734,194.13206562433578,1.9859461239995913,297.39604399999996,RMN10,298.7151335304434,34.16168116812275,77.1783000000319,-140.8806970158669,-109.01100000000001,194.13206562433578,0.9971733330230128
2826,RMN10_MAC,A	E	TR4c_1	TR4c_2	TR6c_1	TR6c_2	TR8c_1	TR8c_2	TRc0_1	TRc0_2	TR60_1	TR60_2,N	N	-127	-127	-82	-94	-127	-127	-127	-127	-127	-127,"[-127, -127, -82, -94, -127, -127, -127, -127, -127, -127]",-127,-127,-82,-94,-127,-127,-127,-127,-127,-127,239.0,30.0,993123,-3.834899,-1.613576,176.308829,993123,1142768853,224015405,227529,0.032769,0.032982,-0.015146,0.998804,993123,-1.961819,0.111889,0.219412,0.09534597396850586,114.2768853,22.4015405,227.529,-0.00018239999999991596,-0.001596599999999171,109.11,-177.22259999990797,-18.718521368360122,208.95747197203823,194.54385989552586,1.9772188960319999,297.308829,RMN10,298.9556994069506,34.11462840674451,77.977499999907,-140.93200777968963,-109.11,194.54385989552586,0.9971263328536809
2827,RMN10_MAC,A	E	TR4c_1	TR4c_2	TR6c_1	TR6c_2	TR8c_1	TR8c_2	TRc0_1	TRc0_2	TR60_1	TR60_2,N	N	-127	-127	-82	-95	-127	-127	-127	-127	-127	-127,"[-127, -127, -82, -95, -127, -127, -127, -127, -127, -127]",-127,-127,-82,-95,-127,-127,-127,-127,-127,-127,239.0,30.0,993123,-3.834899,-1.613576,176.308829,993123,1142768853,224015405,227529,0.032769,0.032982,-0.015146,0.998804,993123,-1.961819,0.111889,0.219412,0.06047177314758301,114.2768853,22.4015405,227.529,-0.00018239999999991596,-0.001596599999999171,109.11,-177.22259999990797,-18.718521368360122,208.95747197203823,194.54385989552586,1.9772188960319999,297.308829,RMN10,298.9556994069506,34.11462840674451,77.977499999907,-140.93200777968963,-109.11,194.54385989552586,0.9971263328536809
2828,RMN10_MAC,A	E	TR4c_1	TR4c_2	TR6c_1	TR6c_2	TR8c_1	TR8c_2	TRc0_1	TRc0_2	TR60_1	TR60_2,N	N	-127	-127	-84	-95	-127	-127	-127	-127	-127	-127,"[-127, -127, -84, -95, -127, -127, -127, -127, -127, -127]",-127,-127,-84,-95,-127,-127,-127,-127,-127,-127,239.0,30.0,993523,-3.871038,-1.623658,176.252449,993523,1142768857,224015335,227593,0.033267,0.033286,-0.01526,0.998775,993523,-1.961096,0.118281,0.2171,0.09070134162902832,114.2768857,22.4015335,227.593,-0.00018200000000945238,-0.0016035999999992612,109.17399999999999,-177.999599999918,-18.677472920969276,209.64653078657025,194.9221283698711,1.9766184068193333,297.252449,RMN10,299.1898786841164,34.062045176455186,78.75449999991702,-140.97305622708046,-109.17399999999999,194.9221283698711,0.9970777956835494
2829,RMN10_MAC,A	E	TR4c_1	TR4c_2	TR6c_1	TR6c_2	TR8c_1	TR8c_2	TRc0_1	TRc0_2	TR60_1	TR60_2,N	N	-127	-127	-83	-94	-127	-127	-127	-127	-127	-127,"[-127, -127, -83, -94, -127, -127, -127, -127, -127, -127]",-127,-127,-83,-94,-127,-127,-127,-127,-127,-127,239.0,30.0,993723,-4.020199,-1.797376,176.300755,993723,1142768859,224015299,227631,0.032916,0.034543,-0.016801,0.99872,993723,-1.966679,0.119385,0.215394,0.09276080131530762,114.2768859,22.4015299,227.631,-0.00018180000000711516,-0.0016071999999986986,109.212,-178.39919999985554,-18.656948708416454,210.0038505354055,195.12002002863346,1.9820377500194089,297.300755,RMN10,299.30994812443384,34.03623141302954,79.15409999985457,-140.9935804396333,-109.212,195.12002002863346,0.9970785320887305
2830,RMN10_MAC,A	E	TR4c_1	TR4c_2	TR6c_1	TR6c_2	TR8c_1	TR8c_2	TRc0_1	TRc0_2	TR60_1	TR60_2,N	N	-127	-127	-84	-96	-127	-127	-127	-127	-127	-127,"[-127, -127, -84, -96, -127, -127, -127, -127, -127, -127]",-127,-127,-84,-96,-127,-127,-127,-127,-127,-127,239.0,30.0,993923,-4.098781,-1.732189,176.345387,993923,1142768861,224015264,227670,0.032516,0.035253,-0.016241,0.998717,993923,-1.970801,0.122476,0.215844,0.047185420989990234,114.2768861,22.4015264,227.67,-0.00018160000000477794,-0.0016106999999969673,109.25099999999999,-178.78769999966337,-18.63642448139285,210.35241617252768,195.31457685140953,1.9863649172579039,297.34538699999996,RMN10,299.42627956201915,34.01149179915264,79.5425999996624,-141.0141046666569,-109.25099999999999,195.31457685140953,0.997076645542508
2831,RMN10_MAC,A	E	TR4c_1	TR4c_2	TR6c_1	TR6c_2	TR8c_1	TR8c_2	TRc0_1	TRc0_2	TR60_1	TR60_2,N	N	-127	-127	-86	-96	-127	-127	-127	-127	-127	-127,"[-127, -127, -86, -96, -127, -127, -127, -127, -127, -127]",-127,-127,-86,-96,-127,-127,-127,-127,-127,-127,239.0,30.0,994123,-3.978915,-1.686067,176.31275,994123,1142768863,224015228,227713,0.032773,0.034217,-0.015816,0.998752,994123,-1.972622,0.124958,0.217451,0.07642841339111328,114.2768863,22.4015228,227.713,-0.00018140000000244072,-0.0016142999999999574,109.294,-179.18729999999528,-18.61590026672834,210.71264475590704,195.51649628747734,1.988501192870902,297.31275,RMN10,299.54572439861386,33.986767711463095,79.9421999999943,-141.0346288813214,-109.294,195.51649628747734,0.9970348660484513
2832,RMN10_MAC,A	E	TR4c_1	TR4c_2	TR6c_1	TR6c_2	TR8c_1	TR8c_2	TRc0_1	TRc0_2	TR60_1	TR60_2,N	N	-127	-127	-86	-95	-127	-127	-127	-127	-127	-127,"[-127, -127, -86, -95, -127, -127, -127, -127, -127, -127]",-127,-127,-86,-95,-127,-127,-127,-127,-127,-127,239.0,30.0,994323,-4.075044,-1.753745,176.340824,994323,1142768866,224015192,227762,0.03256,0.035039,-0.016424,0.99872,994323,-1.974579,0.128974,0.218188,0.0845499038696289,114.2768866,22.4015192,227.762,-0.00018110000000604032,-0.0016178999999993948,109.343,-179.58689999993283,-18.585113702795844,211.0752300766997,195.72978289205537,1.9907793758377648,297.340824,RMN10,299.663060373529,33.961978206478186,80.34179999993185,-141.0654154452539,-109.343,195.72978289205537,0.9970202229663248
2833,RMN10_MAC,A	E	TR4c_1	TR4c_2	TR6c_1	TR6c_2	TR8c_1	TR8c_2	TRc0_1	TRc0_2	TR60_1	TR60_2,N	N	-127	-127	-88	-94	-127	-127	-127	-127	-127	-127,"[-127, -127, -88, -94, -127, -127, -127, -127, -127, -127]",-127,-127,-88,-94,-127,-127,-127,-127,-127,-127,239.0,30.0,994523,-3.862,-1.728131,176.345537,994523,1142768868,224015156,227804,0.032485,0.03319,-0.016141,0.998791,994523,-1.978835,0.132356,0.218245,0.08718538284301758,114.2768868,22.4015156,227.804,-0.0001809000000037031,-0.0016214999999988322,109.385,-179.98649999987038,-18.56458948573909,211.43524396367167,195.93237167281995,1.9952285453015148,297.34553700000004,RMN10,299.7818687881087,33.936887680874825,80.7413999998694,-141.08593966231064,-109.385,195.93237167281995,0.9969908127412463
2834,RMN10_MAC,A	E	TR4c_1	TR4c_2	TR6c_1	TR6c_2	TR8c_1	TR8c_2	TRc0_1	TRc0_2	TR60_1	TR60_2,N	N	-127	-127	-90	-95	-127	-127	-127	-127	-127	-127,"[-127, -127, -90, -95, -127, -127, -127, -127, -127, -127]",-127,-127,-90,-95,-127,-127,-127,-127,-127,-127,239.0,30.0,994723,-3.777312,-1.540101,176.374472,994723,1142768871,224015120,227852,0.032169,0.032509,-0.014471,0.998849,994723,-1.979355,0.131626,0.218313,0.1436171531677246,114.2768871,22.401512,227.852,-0.0001806000000073027,-0.0016250999999982696,109.433,-180.38609999980793,-18.533802918882778,211.79761191471613,196.14630710672668,1.9957034313419417,297.37447199999997,RMN10,299.8985608268739,33.911740030454155,81.14099999980695,-141.11672622916697,-109.433,196.14630710672668,0.996973022299149
2835,RMN10_MAC,A	E	TR4c_1	TR4c_2	TR6c_1	TR6c_2	TR8c_1	TR8c_2	TRc0_1	TRc0_2	TR60_1	TR60_2,N	N	-127	-127	-87	-95	-127	-127	-127	-127	-127	-127,"[-127, -127, -87, -95, -127, -127, -127, -127, -127, -127]",-127,-127,-87,-95,-127,-127,-127,-127,-127,-127,239.0,30.0,994923,-3.706502,-1.625146,176.340005,994923,1142768874,224015084,227891,0.032486,0.031863,-0.015202,0.998848,994923,-1.980015,0.126942,0.218097,0.10086584091186523,114.2768874,22.4015084,227.891,-0.00018029999999669144,-0.001628699999997707,109.472,-180.78569999974547,-18.503016348973297,212.15548478040424,196.355821410224,1.9960310551186324,297.340005,RMN10,300.0149294700542,33.8843575468905,81.5405999997445,-141.14751279907645,-109.472,196.355821410224,0.9969194464915877
2836,RMN10_MAC,A	E	TR4c_1	TR4c_2	TR6c_1	TR6c_2	TR8c_1	TR8c_2	TRc0_1	TRc0_2	TR60_1	TR60_2,N	N	-127	-127	-82	-96	-127	-127	-127	-127	-127	-127,"[-127, -127, -82, -96, -127, -127, -127, -127, -127, -127]",-127,-127,-82,-96,-127,-127,-127,-127,-127,-127,239.0,30.0,995123,-3.711586,-1.737482,176.356303,995123,1142768876,224015048,227932,0.032376,0.031878,-0.016178,0.998836,995123,-1.978966,0.128111,0.216825,0.05545234680175781,114.2768876,22.4015048,227.932,-0.00018010000000856508,-0.0016322999999971444,109.51299999999999,-181.18529999968302,-18.482492129653654,212.51544089853294,196.5596810656121,1.9949265495506345,297.356303,RMN10,300.13278338637923,33.85885005417057,81.94019999968205,-141.1680370183961,-109.51299999999999,196.5596810656121,0.996888654284851
2839,RMN10_MAC,A	E	TR4c_1	TR4c_2	TR6c_1	TR6c_2	TR8c_1	TR8c_2	TRc0_1	TRc0_2	TR60_1	TR60_2,N	N	-127	-127	-84	-98	-127	-127	-127	-127	-127	-127,"[-127, -127, -84, -98, -127, -127, -127, -127, -127, -127]",-127,-127,-84,-98,-127,-127,-127,-127,-127,-127,239.0,30.0,996523,-3.759427,-1.530277,176.415894,996323,1142768891,224014833,228202,0.031804,0.032361,-0.014368,0.998867,996323,-1.9768,0.13734,0.211318,0.10052776336669922,114.2768891,22.4014833,228.202,-0.00017859999999814136,-0.0016537999999997055,109.783,-183.5717999999673,-18.328559715425552,214.67847806771388,197.82618245874303,1.9928009967691205,297.415894,RMN10,300.82449195473964,33.70704816977856,84.32669999996634,-141.3219694326242,-109.783,197.82618245874303,0.9966331643149969
2840,RMN10_MAC,A	E	TR4c_1	TR4c_2	TR6c_1	TR6c_2	TR8c_1	TR8c_2	TRc0_1	TRc0_2	TR60_1	TR60_2,N	N	-127	-127	-83	-94	-127	-127	-127	-127	-127	-127,"[-127, -127, -83, -94, -127, -127, -127, -127, -127, -127]",-127,-127,-83,-94,-127,-127,-127,-127,-127,-127,239.0,30.0,996923,-3.516513,-1.820988,176.421181,996923,1142768899,224014725,228329,0.031808,0.030164,-0.016835,0.998897,996923,-1.967658,0.134333,0.213901,0.0499875545501709,114.2768899,22.4014725,228.329,-0.00017780000000300333,-0.0016645999999980177,109.91000000000001,-184.77059999977996,-18.246462321921104,215.7621748860165,198.46896322896546,1.983803669130088,297.421181,RMN10,301.16683049617495,33.62736928552186,85.52549999977899,-141.40406682612863,-109.91000000000001,198.46896322896546,0.9964562649095849
2841,RMN10_MAC,A	E	TR4c_1	TR4c_2	TR6c_1	TR6c_2	TR8c_1	TR8c_2	TRc0_1	TRc0_2	TR60_1	TR60_2,N	N	-127	-127	-87	-91	-127	-127	-127	-127	-127	-127,"[-127, -127, -87, -91, -127, -127, -127, -127, -127, -127]",-127,-127,-87,-91,-127,-127,-127,-127,-127,-127,239.0,30.0,997323,-3.621821,-1.415849,176.412191,997323,1142768904,224014654,228427,0.03179,0.031193,-0.013335,0.998919,997323,-1.965366,0.147112,0.216074,0.04619169235229492,114.2768904,22.4014654,228.427,-0.0001773000000042657,-0.0016716999999992765,110.008,-185.5586999999197,-18.195151490134787,216.48292022099375,198.900531616407,1.9826733033901476,297.412191,RMN10,301.39081241069084,33.5786040080933,86.31359999991872,-141.45537765791497,-110.008,198.900531616407,0.9963112743149556
2842,RMN10_MAC,A	E	TR4c_1	TR4c_2	TR6c_1	TR6c_2	TR8c_1	TR8c_2	TRc0_1	TRc0_2	TR60_1	TR60_2,N	N	-127	-127	-85	-95	-127	-127	-127	-127	-127	-127,"[-127, -127, -85, -95, -127, -127, -127, -127, -127, -127]",-127,-127,-85,-95,-127,-127,-127,-127,-127,-127,239.0,30.0,997923,-3.355773,-1.394345,176.39297,997723,1142768909,224014582,228513,0.031926,0.028877,-0.01308,0.998987,997723,-1.978436,0.144824,0.220819,0.08001136779785156,114.2768909,22.4014582,228.513,-0.0001768000000055281,-0.0016788999999981513,110.09400000000001,-186.3578999997948,-18.14384066615939,217.20763035043794,199.33256544005758,1.9959819708186244,297.39297,RMN10,301.6168289074985,33.52585089825662,87.11279999979382,-141.50668848189036,-110.09400000000001,199.33256544005758,0.9961462578685732
2843,RMN10_MAC,A	E	TR4c_1	TR4c_2	TR6c_1	TR6c_2	TR8c_1	TR8c_2	TRc0_1	TRc0_2	TR60_1	TR60_2,N	N	-127	-127	-84	-87	-127	-127	-127	-127	-127	-127,"[-127, -127, -84, -87, -127, -127, -127, -127, -127, -127]",-127,-127,-84,-87,-127,-127,-127,-127,-127,-127,239.0,30.0,997923,-3.355773,-1.394345,176.39297,997923,1142768909,224014582,228513,0.031926,0.028877,-0.01308,0.998987,997923,-1.978153,0.141105,0.221416,0.09368777275085449,114.2768909,22.4014582,228.513,-0.0001768000000055281,-0.0016788999999981513,110.09400000000001,-186.3578999997948,-18.14384066615939,217.20763035043794,199.33256544005758,1.995501179526086,297.39297,RMN10,301.6168289074985,33.52585089825662,87.11279999979382,-141.50668848189036,-110.09400000000001,199.33256544005758,0.9961462578685732
2844,RMN10_MAC,A	E	TR4c_1	TR4c_2	TR6c_1	TR6c_2	TR8c_1	TR8c_2	TRc0_1	TRc0_2	TR60_1	TR60_2,N	N	-127	-127	-85	-94	-127	-127	-127	-127	-127	-127,"[-127, -127, -85, -94, -127, -127, -127, -127, -127, -127]",-127,-127,-85,-94,-127,-127,-127,-127,-127,-127,239.0,30.0,998323,-3.493157,-1.404362,176.372314,998123,1142768915,224014510,228605,0.032122,0.03007,-0.01321,0.998944,998123,-1.976434,0.136749,0.223314,0.1063539981842041,114.2768915,22.401451,228.605,-0.00017619999999851643,-0.001686099999997026,110.18599999999999,-187.1570999996699,-18.082267482169627,217.93508912881185,199.777493855141,1.9937052911483684,297.37231399999996,RMN10,301.83972882924064,33.47297558854506,87.91199999966892,-141.56826166588013,-110.18599999999999,199.777493855141,0.9959687068698236
2845,RMN10_MAC,A	E	TR4c_1	TR4c_2	TR6c_1	TR6c_2	TR8c_1	TR8c_2	TRc0_1	TRc0_2	TR60_1	TR60_2,N	N	-127	-127	-83	-95	-127	-127	-127	-127	-127	-127,"[-127, -127, -83, -95, -127, -127, -127, -127, -127, -127]",-127,-127,-83,-95,-127,-127,-127,-127,-127,-127,239.0,30.0,998523,-3.547028,-1.410871,176.367614,998523,1142768920,224014439,228696,0.03217,0.030537,-0.013283,0.998928,998523,-1.972126,0.13019,0.219263,0.11734676361083984,114.276892,22.4014439,228.696,-0.0001756999999997788,-0.001693199999998285,110.277,-187.94519999980963,-18.030956634058672,218.65390535983516,200.21195715546472,1.9885438539657605,297.367614,RMN10,302.06000692510275,33.42200072663295,88.70009999980866,-141.61957251399107,-110.277,200.21195715546472,0.9957942868531884
2846,RMN10_MAC,A	E	TR4c_1	TR4c_2	TR6c_1	TR6c_2	TR8c_1	TR8c_2	TRc0_1	TRc0_2	TR60_1	TR60_2,N	N	-127	-127	-85	-94	-127	-127	-127	-127	-127	-127,"[-127, -127, -85, -94, -127, -127, -127, -127, -127, -127]",-127,-127,-85,-94,-127,-127,-127,-127,-127,-127,239.0,30.0,998723,-3.709507,-1.619192,176.290373,998723,1142768923,224014403,228734,0.032917,0.031885,-0.015165,0.998834,998723,-1.971135,0.134583,0.218575,0.04909157752990723,114.2768923,22.4014403,228.734,-0.0001754000000033784,-0.0016967999999977224,110.31500000000001,-188.34479999974718,-18.000170037499124,219.01408409808636,200.4319834786672,1.9877778554805867,297.290373,RMN10,302.17036354815536,33.39351270883064,89.0996999997462,-141.65035911055062,-110.31500000000001,200.4319834786672,0.9956255152494494
2847,RMN10_MAC,A	E	TR4c_1	TR4c_2	TR6c_1	TR6c_2	TR8c_1	TR8c_2	TRc0_1	TRc0_2	TR60_1	TR60_2,N	N	-127	-127	-87	-94	-127	-127	-127	-127	-127	-127,"[-127, -127, -87, -94, -127, -127, -127, -127, -127, -127]",-127,-127,-87,-94,-127,-127,-127,-127,-127,-127,239.0,30.0,998923,-3.657989,-1.513835,176.288843,998923,1142768925,224014368,228784,0.032895,0.031466,-0.014233,0.998862,998923,-1.970067,0.143398,0.218398,0.11552619934082031,114.2768925,22.4014368,228.784,-0.0001752000000010412,-0.0017002999999995438,110.365,-188.73329999994937,-17.979645780705518,219.37173796154903,200.64697943979724,1.9873159429987473,297.28884300000004,RMN10,302.27907085173706,33.370145412456566,89.48819999994839,-141.67088336734423,-110.365,200.64697943979724,0.9955291590990727
2848,RMN10_MAC,A	E	TR4c_1	TR4c_2	TR6c_1	TR6c_2	TR8c_1	TR8c_2	TRc0_1	TRc0_2	TR60_1	TR60_2,N	N	-127	-127	-84	-94	-127	-127	-127	-127	-127	-127,"[-127, -127, -84, -94, -127, -127, -127, -127, -127, -127]",-127,-127,-84,-94,-127,-127,-127,-127,-127,-127,239.0,30.0,999123,-3.536867,-1.308229,176.248132,999123,1142768928,224014333,228833,0.033183,0.030464,-0.012417,0.998908,999123,-1.965692,0.146738,0.215801,0.04442167282104492,114.2768928,22.4014333,228.833,-0.0001749000000046408,-0.0017037999999978126,110.414,-189.1217999997572,-17.94885916833148,219.72816882819725,200.86920090916666,1.9829390185048554,297.248132,RMN10,302.3856098988852,33.34513671748105,89.87669999975623,-141.70166997971825,-110.414,200.86920090916666,0.9953898244769334
2853,RMN10_MAC,A	E	TR4c_1	TR4c_2	TR6c_1	TR6c_2	TR8c_1	TR8c_2	TRc0_1	TRc0_2	TR60_1	TR60_2,N	N	-93	-95	-82	-92	-91	-90	-127	-127	-127	-127,"[-93, -95, -82, -92, -91, -90, -127, -127, -127, -127]",-93,-95,-82,-92,-91,-90,-127,-127,-127,-127,240.0,30.0,1001523,-3.602232,-1.116725,176.318625,1001523,1142768961,224013907,229356,0.032522,0.031096,-0.010748,0.998929,1001523,-1.978712,0.137517,0.222336,0.07761049270629883,114.2768961,22.4013907,229.356,-0.0001716000000016038,-0.0017463999999982605,110.937,-193.8503999998069,-17.61020684494574,224.04266320102275,203.5500771727266,1.9959071624524523,296.318625,RMN10,303.66541618595807,33.02540489186905,94.60529999980594,-142.040322303104,-110.937,203.5500771727266,0.9926451924632632
2854,RMN10_MAC,A	E	TR4c_1	TR4c_2	TR6c_1	TR6c_2	TR8c_1	TR8c_2	TRc0_1	TRc0_2	TR60_1	TR60_2,N	N	-92	-95	-81	-95	-92	-88	-127	-127	-127	-127,"[-92, -95, -81, -95, -92, -88, -127, -127, -127, -127]",-92,-95,-81,-95,-92,-88,-127,-127,-127,-127,240.0,30.0,1001923,-3.797888,-1.181946,176.37118,1001923,1142768966,224013835,229447,0.032098,0.032788,-0.011355,0.998882,1001923,-1.977806,0.118457,0.213267,0.11157870292663574,114.2768966,22.4013835,229.447,-0.00017110000000286618,-0.0017535999999971352,111.028,-194.649599999682,-17.55889596309223,224.77543992055473,204.00800872847532,1.9927948835176188,296.37118,RMN10,303.87857252303075,32.972301727191926,95.40449999968104,-142.09163318495752,-111.028,204.00800872847532,0.9924268441273912
2855,RMN10_MAC,A	E	TR4c_1	TR4c_2	TR6c_1	TR6c_2	TR8c_1	TR8c_2	TRc0_1	TRc0_2	TR60_1	TR60_2,N	N	-127	-127	-87	-96	-92	-90	-127	-127	-127	-127,"[-127, -127, -87, -96, -92, -90, -127, -127, -127, -127]",-127,-127,-87,-96,-92,-90,-127,-127,-127,-127,240.0,30.0,1002323,-3.482154,-1.399679,176.311917,1002323,1142768970,224013763,229540,0.032646,0.029968,-0.013182,0.998931,1002323,-1.978385,0.122882,0.211058,0.10321187973022461,114.276897,22.4013763,229.54,-0.00017069999999819174,-0.0017607999999995627,111.121,-195.44879999995146,-17.51784743467775,225.51049873823095,204.46204475578145,1.9934022859204812,296.311917,RMN10,304.0924367572132,32.920842523816134,96.20369999995049,-142.132681713372,-111.121,204.46204475578145,0.9920084302452566
2856,RMN10_MAC,A	E	TR4c_1	TR4c_2	TR6c_1	TR6c_2	TR8c_1	TR8c_2	TRc0_1	TRc0_2	TR60_1	TR60_2,N	N	-127	-127	-90	-95	-127	-127	-127	-127	-127	-127,"[-127, -127, -90, -95, -127, -127, -127, -127, -127, -127]",-127,-127,-90,-95,-127,-127,-127,-127,-127,-127,240.0,30.0,1002923,-3.617626,-1.321933,176.303023,1002723,1142768975,224013691,229619,0.032715,0.03117,-0.012545,0.9989,1002723,-1.97095,0.128783,0.210719,0.06413078308105469,114.2768975,22.4013691,229.619,-0.00017019999999945412,-0.0017679999999984375,111.2,-196.24799999982656,-17.46653654272379,226.2383641267109,204.9177648754923,1.986361362026054,296.303023,RMN10,304.3031778939591,32.86467635788335,97.00289999982559,-142.18399260532595,-111.2,204.9177648754923,0.9916708640026183
2857,RMN10_MAC,A	E	TR4c_1	TR4c_2	TR6c_1	TR6c_2	TR8c_1	TR8c_2	TRc0_1	TRc0_2	TR60_1	TR60_2,N	N	-127	-127	-89	-93	-89	-91	-127	-127	-127	-127,"[-127, -127, -89, -93, -89, -91, -127, -127, -127, -127]",-127,-127,-89,-93,-89,-91,-127,-127,-127,-127,239.0,30.0,1003123,-3.674047,-1.295314,176.303665,1002923,1142768977,224013655,229666,0.032708,0.03167,-0.012328,0.998887,1002923,-1.962902,0.127256,0.207667,0.08843755722045898,114.2768977,22.4013655,229.666,-0.0001699999999971169,-0.0017715999999978749,111.247,-196.6475999997641,-17.446012274529508,226.6065686138649,205.14693913006636,1.9779544822945243,297.303665,RMN10,304.4090607847803,32.83895630622704,97.40249999976314,-142.20451687352022,-111.247,205.14693913006636,0.9931846856259088
2858,RMN10_MAC,A	E	TR4c_1	TR4c_2	TR6c_1	TR6c_2	TR8c_1	TR8c_2	TRc0_1	TRc0_2	TR60_1	TR60_2,N	N	-127	-127	-87	-90	-127	-127	-127	-127	-127	-127,"[-127, -127, -87, -90, -127, -127, -127, -127, -127, -127]",-127,-127,-87,-90,-127,-127,-127,-127,-127,-127,239.0,30.0,1003923,-3.556928,-1.348719,176.328461,1003723,1142768987,224013512,229834,0.032495,0.030636,-0.012754,0.998921,1003723,-1.970926,0.129686,0.211348,0.10367059707641602,114.2768987,22.4013512,229.834,-0.00016899999999964166,-0.0017858999999980085,111.415,-198.23489999977895,-17.343390457411928,228.05957773240002,206.06699020297373,1.9864631215242834,297.328461,RMN10,304.8227335716987,32.72951163282055,98.98979999977797,-142.30713869063783,-111.415,206.06699020297373,0.9926423176693657
2859,RMN10_MAC,A	E	TR4c_1	TR4c_2	TR6c_1	TR6c_2	TR8c_1	TR8c_2	TRc0_1	TRc0_2	TR60_1	TR60_2,N	N	-127	-127	-127	-127	-94	-93	-127	-127	-127	-127,"[-127, -127, -127, -127, -94, -93, -127, -127, -127, -127]",-127,-127,-127,-127,-94,-93,-127,-127,-127,-127,239.0,30.0,1003923,-3.556928,-1.348719,176.328461,1003923,1142768989,224013477,229883,0.032495,0.030636,-0.012754,0.998921,1003923,-1.967002,0.124588,0.214534,0.04866790771484375,114.2768989,22.4013477,229.883,-0.00016879999999730444,-0.00178939999999983,111.46400000000001,-198.62339999998113,-17.322866170922335,228.41970146186645,206.2945308422325,1.9825851494712654,297.328461,RMN10,304.92413243705755,32.70507512035566,99.37829999998016,-142.3276629771274,-111.46400000000001,206.2945308422325,0.9924914934610405
2860,RMN10_MAC,A	E	TR4c_1	TR4c_2	TR6c_1	TR6c_2	TR8c_1	TR8c_2	TRc0_1	TRc0_2	TR60_1	TR60_2,N	N	-127	-127	-86	-96	-94	-93	-127	-127	-127	-127,"[-127, -127, -86, -96, -94, -93, -127, -127, -127, -127]",-127,-127,-86,-96,-94,-93,-127,-127,-127,-127,239.0,30.0,1004323,-3.776198,-1.506332,176.346002,1004123,1142768992,224013442,229929,0.032408,0.032505,-0.014184,0.998845,1004123,-1.960792,0.127791,0.211895,0.0935971736907959,114.2768992,22.4013442,229.929,-0.00016850000000090404,-0.0017928999999980988,111.51,-199.01189999978897,-17.29207952227409,228.77769221611328,206.52801907259993,1.976343921985746,297.346002,RMN10,305.0233108943164,32.678651841673144,99.76679999978799,-142.35844962577565,-111.51,206.52801907259993,0.9923732383454379
2861,RMN10_MAC,A	E	TR4c_1	TR4c_2	TR6c_1	TR6c_2	TR8c_1	TR8c_2	TRc0_1	TRc0_2	TR60_1	TR60_2,N	N	-127	-127	-86	-96	-94	-90	-127	-127	-127	-127,"[-127, -127, -86, -96, -94, -90, -127, -127, -127, -127]",-127,-127,-86,-96,-94,-90,-127,-127,-127,-127,240.0,30.0,1004323,-3.776198,-1.506332,176.346002,1004323,1142768995,224013407,229963,0.032408,0.032505,-0.014184,0.998845,1004323,-1.959627,0.137066,0.210208,0.04499411582946777,114.2768995,22.4013407,229.963,-0.00016820000000450364,-0.0017963999999999203,111.544,-199.40039999999115,-17.26129287207536,229.12995371136446,206.7555142223377,1.975629639064215,296.346002,RMN10,305.12220657470556,32.64941071536433,100.15529999999018,-142.38923627597438,-111.544,206.7555142223377,0.9903936870519953
2862,RMN10_MAC,A	E	TR4c_1	TR4c_2	TR6c_1	TR6c_2	TR8c_1	TR8c_2	TRc0_1	TRc0_2	TR60_1	TR60_2,N	N	-127	-127	-88	-99	-93	-92	-127	-127	-127	-127,"[-127, -127, -88, -99, -93, -92, -127, -127, -127, -127]",-127,-127,-88,-99,-93,-92,-127,-127,-127,-127,240.0,30.0,1004523,-3.823339,-1.129595,176.398626,1004523,1142768998,224013372,230009,0.031846,0.033027,-0.010898,0.998888,1004523,-1.964685,0.143923,0.214605,0.1018674373626709,114.2768998,22.4013372,230.009,-0.00016790000000810323,-0.001799899999998189,111.58999999999999,-199.78889999979899,-17.23050622032614,229.4881761828665,206.98996774996778,1.9816044724361621,296.39862600000004,RMN10,305.22082009890727,32.622954408712545,100.54379999979801,-142.4200229277236,-111.58999999999999,206.98996774996778,0.9903228399335545
2863,RMN10_MAC,A	E	TR4c_1	TR4c_2	TR6c_1	TR6c_2	TR8c_1	TR8c_2	TRc0_1	TRc0_2	TR60_1	TR60_2,N	N	-127	-127	-86	-98	-94	-93	-127	-127	-127	-127,"[-127, -127, -86, -98, -94, -93, -127, -127, -127, -127]",-127,-127,-86,-98,-94,-93,-127,-127,-127,-127,240.0,30.0,1005123,-3.585925,-1.505996,176.518668,1004923,1142769003,224013301,230097,0.030883,0.030868,-0.014082,0.998947,1004923,-1.981488,0.116879,0.227046,0.09761357307434082,114.2769003,22.4013301,230.097,-0.0001674000000093656,-0.001806999999999448,111.67800000000001,-200.57699999993872,-17.179195286693908,230.2134517435369,207.456527045623,1.9978751915224835,296.518668,RMN10,305.42211676792317,32.569347810991054,101.33189999993775,-142.47133386135584,-111.67800000000001,207.456527045623,0.9902005897652415
2864,RMN10_MAC,A	E	TR4c_1	TR4c_2	TR6c_1	TR6c_2	TR8c_1	TR8c_2	TRc0_1	TRc0_2	TR60_1	TR60_2,N	N	-127	-127	-88	-94	-97	-91	-127	-127	-127	-127,"[-127, -127, -88, -94, -97, -91, -127, -127, -127, -127]",-127,-127,-88,-94,-97,-91,-127,-127,-127,-127,239.0,30.0,1005723,-3.463159,-1.410183,176.458831,1005723,1142769012,224013158,230291,0.031366,0.029817,-0.01323,0.998976,1005723,-1.981847,0.108365,0.223012,0.04310202598571777,114.2769012,22.4013158,230.291,-0.00016650000000595355,-0.0018212999999995816,111.872,-202.16429999995356,-17.086835779209913,231.6845021476769,208.40372544557553,1.9972968874901897,297.45883100000003,RMN10,305.8261703967786,32.46635232952449,102.91919999995258,-142.56369336883984,-111.872,208.40372544557553,0.9912959915686594
2866,RMN10_MAC,A	E	TR4c_1	TR4c_2	TR6c_1	TR6c_2	TR8c_1	TR8c_2	TRc0_1	TRc0_2	TR60_1	TR60_2,N	N	-127	-127	-127	-127	-93	-93	-127	-127	-127	-127,"[-127, -127, -127, -127, -93, -93, -127, -127, -127, -127]",-127,-127,-127,-127,-93,-93,-127,-127,-127,-127,239.0,30.0,1007123,-3.409489,-1.600074,176.455375,1007123,1142769028,224012906,230619,0.031439,0.029296,-0.014872,0.998966,1007123,-1.977037,0.116808,0.216058,0.10192561149597168,114.2769028,22.4012906,230.619,-0.00016490000000146665,-0.001846499999999196,112.2,-204.96149999991076,-16.9226410254207,234.27426717735915,210.08580931820848,1.9922350432609601,297.455375,RMN10,306.52679161352086,32.28069268161874,105.71639999990978,-142.72788812262905,-112.2,210.08580931820848,0.9900502561826829
2867,RMN10_MAC,A	E	TR4c_1	TR4c_2	TR6c_1	TR6c_2	TR8c_1	TR8c_2	TRc0_1	TRc0_2	TR60_1	TR60_2,N	N	-127	-127	-91	-95	-127	-127	-127	-127	-127	-127,"[-127, -127, -91, -95, -127, -127, -127, -127, -127, -127]",-127,-127,-91,-95,-127,-127,-127,-127,-127,-127,239.0,30.0,1007523,-3.469454,-1.804371,176.329499,1007323,1142769031,224012870,230663,0.032597,0.029745,-0.016702,0.998886,1007323,-1.971442,0.111511,0.216199,0.10390257835388184,114.2769031,22.401287,230.663,-0.00016460000000506625,-0.0018500999999986334,112.24400000000001,-205.3610999998483,-16.891854366199016,234.64277460232304,210.33154831702691,1.9863937852515545,297.329499,RMN10,306.6243210575273,32.25258733898137,106.11599999984733,-142.75867478185071,-112.24400000000001,210.33154831702691,0.9896110704755327
2868,RMN10_MAC,A	E	TR4c_1	TR4c_2	TR6c_1	TR6c_2	TR8c_1	TR8c_2	TRc0_1	TRc0_2	TR60_1	TR60_2,N	N	-127	-127	-90	-94	-127	-127	-127	-127	-127	-127,"[-127, -127, -90, -94, -127, -127, -127, -127, -127, -127]",-127,-127,-90,-94,-127,-127,-127,-127,-127,-127,239.0,30.0,1007723,-3.550896,-1.667998,176.276042,1007723,1142769034,224012800,230715,0.033037,0.030486,-0.01555,0.998868,1007723,-1.957171,0.125639,0.213678,0.09293556213378906,114.2769034,22.40128,230.715,-0.00016430000000866585,-0.0018570999999987237,112.296,-206.13809999985833,-16.86106811780812,235.34571061658414,210.77318436242405,1.9728055578910964,297.27604199999996,RMN10,306.8187342764683,32.19356580498896,106.89299999985735,-142.78946103024163,-112.296,210.77318436242405,0.9891259291891773
2869,RMN10_MAC,A	E	TR4c_1	TR4c_2	TR6c_1	TR6c_2	TR8c_1	TR8c_2	TRc0_1	TRc0_2	TR60_1	TR60_2,N	N	-127	-127	-90	-93	-127	-127	-127	-127	-127	-127,"[-127, -127, -90, -93, -127, -127, -127, -127, -127, -127]",-127,-127,-90,-93,-127,-127,-127,-127,-127,-127,240.0,30.0,1008523,-3.543877,-1.185354,176.392738,1008323,1142769042,224012693,230852,0.03189,0.030575,-0.01131,0.99896,1008323,-1.971204,0.14447,0.210677,0.0993199348449707,114.2769042,22.4012693,230.852,-0.00016349999999931697,-0.00186779999999942,112.433,-207.3257999999356,-16.778970476663396,236.44597836476314,211.5062634502044,1.9876874977835426,296.392738,RMN10,307.10708858015965,32.11243141054105,108.08069999993464,-142.87155867138634,-112.433,211.5062634502044,0.9865322637362095
2870,RMN10_MAC,A	E	TR4c_1	TR4c_2	TR6c_1	TR6c_2	TR8c_1	TR8c_2	TRc0_1	TRc0_2	TR60_1	TR60_2,N	N	-127	-127	-91	-95	-127	-127	-127	-127	-127	-127,"[-127, -127, -91, -95, -127, -127, -127, -127, -127, -127]",-127,-127,-91,-95,-127,-127,-127,-127,-127,-127,240.0,30.0,1009523,-3.532805,-1.632378,176.380511,1009323,1142769054,224012514,231097,0.032115,0.030353,-0.015207,0.998907,1009323,-1.974293,0.132458,0.214389,0.0835256576538086,114.2769054,22.4012514,231.097,-0.0001622999999995045,-0.001885699999998991,112.67800000000001,-209.312699999888,-16.655824214380445,238.2971979388416,212.74090789691175,1.9903116878855935,296.380511,RMN10,307.586630023655,31.981739342088897,110.06759999988702,-142.9947049336693,-112.67800000000001,212.74090789691175,0.9853967442360738
2871,RMN10_MAC,A	E	TR4c_1	TR4c_2	TR6c_1	TR6c_2	TR8c_1	TR8c_2	TRc0_1	TRc0_2	TR60_1	TR60_2,N	N	-127	-127	-95	-94	-127	-127	-127	-127	-127	-127,"[-127, -127, -95, -94, -127, -127, -127, -127, -127, -127]",-127,-127,-95,-94,-127,-127,-127,-127,-127,-127,240.0,30.0,1009723,-3.442346,-1.449245,176.248952,1009523,1142769057,224012478,231132,0.033204,0.0296,-0.01362,0.998917,1009523,-1.977102,0.140504,0.216297,0.07625341415405273,114.2769057,22.4012478,231.132,-0.0001620000000031041,-0.0018892999999984283,112.71300000000001,-209.71229999982555,-16.625037539565287,238.662651065073,212.98712142908994,1.9938550811503328,296.24895200000003,RMN10,307.68107017351565,31.951486245405405,110.46719999982457,-143.02549160848446,-112.71300000000001,212.98712142908994,0.9848413617286426
2872,RMN10_MAC,A	E	TR4c_1	TR4c_2	TR6c_1	TR6c_2	TR8c_1	TR8c_2	TRc0_1	TRc0_2	TR60_1	TR60_2,N	N	-127	-127	-92	-94	-127	-127	-127	-127	-127	-127,"[-127, -127, -92, -94, -127, -127, -127, -127, -127, -127]",-127,-127,-92,-94,-127,-127,-127,-127,-127,-127,239.0,30.0,1009923,-3.385262,-1.259277,176.266684,1009723,1142769061,224012442,231200,0.032995,0.029159,-0.011943,0.998959,1009723,-1.974857,0.150422,0.219172,0.10332179069519043,114.2769061,22.4012442,231.2,-0.00016159999999842967,-0.0018928999999978657,112.78099999999999,-210.1118999997631,-16.583988493189068,239.04307803584834,213.25814488111857,1.9926673867248896,297.266684,RMN10,307.77323997631856,31.927606431375576,110.86679999976212,-143.06654065486066,-112.78099999999999,213.25814488111857,0.9871109757116062
2873,RMN10_MAC,A	E	TR4c_1	TR4c_2	TR6c_1	TR6c_2	TR8c_1	TR8c_2	TRc0_1	TRc0_2	TR60_1	TR60_2,N	N	-127	-127	-92	-98	-127	-127	-127	-127	-127	-127,"[-127, -127, -92, -98, -127, -127, -127, -127, -127, -127]",-127,-127,-92,-98,-127,-127,-127,-127,-127,-127,239.0,30.0,1010723,-3.436476,-0.910997,176.166232,1010523,1142769072,224012298,231364,0.033785,0.029698,-0.008947,0.998948,1010523,-1.962799,0.156891,0.212615,0.06255102157592773,114.2769072,22.4012298,231.364,-0.00016050000000689124,-0.001907299999999168,112.94500000000001,-211.71029999990765,-16.471104140109475,240.51844299896263,214.25531961102715,1.9805049453376782,297.16623200000004,RMN10,308.14908062246633,31.8131902943734,112.46519999990667,-143.17942500794027,-112.94500000000001,214.25531961102715,0.9860203160199242
2874,RMN10_MAC,A	E	TR4c_1	TR4c_2	TR6c_1	TR6c_2	TR8c_1	TR8c_2	TRc0_1	TRc0_2	TR60_1	TR60_2,N	N	-127	-127	-92	-95	-127	-127	-127	-127	-127	-127,"[-127, -127, -92, -95, -127, -127, -127, -127, -127, -127]",-127,-127,-92,-95,-127,-127,-127,-127,-127,-127,239.0,30.0,1010923,-3.432676,-0.876913,176.149906,1010723,1142769076,224012263,231406,0.033918,0.029673,-0.008654,0.998946,1010723,-1.958711,0.154611,0.21957,0.10526156425476074,114.2769076,22.4012263,231.406,-0.0001601000000022168,-0.0019107999999974368,112.98700000000001,-212.09879999971548,-16.430055072610397,240.87737511025878,214.50903003607834,1.977034225232836,297.149906,RMN10,308.23711442598074,31.78435768161729,112.85369999971451,-143.22047407543934,-112.98700000000001,214.50903003607834,0.9857752558018712
2875,RMN10_MAC,A	E	TR4c_1	TR4c_2	TR6c_1	TR6c_2	TR8c_1	TR8c_2	TRc0_1	TRc0_2	TR60_1	TR60_2,N	N	-127	-127	-89	-96	-127	-127	-127	-127	-127	-127,"[-127, -127, -89, -96, -127, -127, -127, -127, -127, -127]",-127,-127,-89,-96,-127,-127,-127,-127,-127,-127,239.0,30.0,1011123,-3.590437,-0.928373,176.225618,1010923,1142769080,224012228,231447,0.033281,0.031039,-0.009128,0.998922,1010923,-1.960384,0.142184,0.218705,0.044461965560913086,114.276908,22.4012228,231.447,-0.00015969999999754236,-0.0019142999999992583,113.028,-212.48729999991767,-16.389006003044038,241.2359445916442,214.76263329231213,1.977663670682404,297.225618,RMN10,308.32488531235094,31.75530608943889,113.24219999991669,-143.2615231450057,-113.028,214.76263329231213,0.9857567804625211
2877,RMN10_MAC,A	E	TR4c_1	TR4c_2	TR6c_1	TR6c_2	TR8c_1	TR8c_2	TRc0_1	TRc0_2	TR60_1	TR60_2,N	N	-127	-127	-92	-93	-127	-127	-127	-127	-127	-127,"[-127, -127, -92, -93, -127, -127, -127, -127, -127, -127]",-127,-127,-92,-93,-127,-127,-127,-127,-127,-127,239.0,30.0,1012123,-3.483046,-1.033936,176.173226,1011923,1142769094,224012051,231679,0.033759,0.030068,-0.010031,0.998927,1011923,-1.972618,0.109714,0.225846,0.061403751373291016,114.2769094,22.4012051,231.679,-0.00015830000000960354,-0.0019320000000000448,113.26,-214.45200000000497,-16.245334883148452,243.06665507524426,216.0220061701238,1.9885334675172053,297.173226,RMN10,308.7772217825438,31.621026316267688,115.206900000004,-143.4051942649013,-113.26,216.0220061701238,0.9845272139095628
2878,RMN10_MAC,A	E	TR4c_1	TR4c_2	TR6c_1	TR6c_2	TR8c_1	TR8c_2	TRc0_1	TRc0_2	TR60_1	TR60_2,N	N	-127	-127	-92	-95	-127	-127	-127	-127	-127	-127,"[-127, -127, -92, -95, -127, -127, -127, -127, -127, -127]",-127,-127,-92,-95,-127,-127,-127,-127,-127,-127,239.0,30.0,1012923,-3.572358,-0.737103,176.173322,1012723,1142769102,224011908,231874,0.033684,0.030934,-0.007469,0.998926,1012723,-1.965306,0.12365,0.216787,0.057163238525390625,114.2769102,22.4011908,231.874,-0.00015750000000025466,-0.0019463000000001784,113.455,-216.0393000000198,-16.16323756897376,244.5531975219495,217.02885758198877,1.9810889933329598,297.173322,RMN10,309.1445192522119,31.517877554529875,116.79420000001883,-143.487291579076,-113.455,217.02885758198877,0.9835932780267782
2879,RMN10_MAC,A	E	TR4c_1	TR4c_2	TR6c_1	TR6c_2	TR8c_1	TR8c_2	TRc0_1	TRc0_2	TR60_1	TR60_2,N	N	-127	-127	-90	-93	-127	-127	-127	-127	-127	-127,"[-127, -127, -90, -93, -127, -127, -127, -127, -127, -127]",-127,-127,-90,-93,-127,-127,-127,-127,-127,-127,239.0,30.0,1013123,-3.880793,-1.371448,176.03291,1012923,1142769105,224011872,231920,0.035108,0.033419,-0.013129,0.998738,1012923,-1.959995,0.121898,0.215299,0.09677410125732422,114.2769105,22.4011872,231.92,-0.00015720000000385426,-0.0019498999999996158,113.50099999999999,-216.43889999995736,-16.132450867977692,244.92556094699313,217.28852374811393,1.9755488305354538,297.03291,RMN10,309.23434202935147,31.49012228852389,117.19379999995638,-143.51807828007205,-113.50099999999999,217.28852374811393,0.9829798754183784
2880,RMN10_MAC,A	E	TR4c_1	TR4c_2	TR6c_1	TR6c_2	TR8c_1	TR8c_2	TRc0_1	TRc0_2	TR60_1	TR60_2,N	N	-127	-127	-92	-94	-127	-127	-127	-127	-127	-127,"[-127, -127, -92, -94, -127, -127, -127, -127, -127, -127]",-127,-127,-92,-94,-127,-127,-127,-127,-127,-127,239.0,30.0,1013323,-3.647022,-1.279824,176.025957,1013323,1142769109,224011801,232022,0.035122,0.031409,-0.012262,0.998814,1013323,-1.968047,0.135313,0.222837,0.049072980880737305,114.2769109,22.4011801,232.022,-0.00015679999999917982,-0.001956999999997322,113.603,-217.22699999970274,-16.091402196120338,245.66673434249938,217.79484215136918,1.9852392628464208,297.025957,RMN10,309.4145588855627,31.44001084720571,117.98189999970177,-143.55912695192941,-113.603,217.79484215136918,0.9824793142162167
2881,RMN10_MAC,A	E	TR4c_1	TR4c_2	TR6c_1	TR6c_2	TR8c_1	TR8c_2	TRc0_1	TRc0_2	TR60_1	TR60_2,N	N	-127	-127	-90	-96	-127	-127	-127	-127	-127	-127,"[-127, -127, -90, -96, -127, -127, -127, -127, -127, -127]",-127,-127,-90,-96,-127,-127,-127,-127,-127,-127,239.0,30.0,1013723,-3.646937,-0.862201,176.014372,1013723,1142769114,224011730,232110,0.035108,0.031535,-0.008625,0.998849,1013723,-1.96493,0.140209,0.224525,0.05020904541015625,114.2769114,22.401173,232.11,-0.0001563000000004422,-0.001964099999998581,113.69100000000002,-218.01509999984248,-16.0400911463047,246.4011197882897,218.30234603415377,1.9826799903680876,297.014372,RMN10,309.59173569846496,31.38566426519087,118.7699999998415,-143.61043800174505,-113.69100000000002,218.30234603415377,0.9819662638200188
2882,RMN10_MAC,A	E	TR4c_1	TR4c_2	TR6c_1	TR6c_2	TR8c_1	TR8c_2	TRc0_1	TRc0_2	TR60_1	TR60_2,N	N	-127	-127	-90	-95	-127	-127	-127	-127	-127	-127,"[-127, -127, -90, -95, -127, -127, -127, -127, -127, -127]",-127,-127,-90,-95,-127,-127,-127,-127,-127,-127,239.0,30.0,1013923,-3.616497,-0.696099,176.062474,1013923,1142769117,224011695,232156,0.034642,0.031324,-0.007155,0.998883,1013923,-1.965246,0.134704,0.227229,0.06124424934387207,114.2769117,22.4011695,232.156,-0.0001560000000040418,-0.0019675999999968496,113.73700000000001,-218.4035999996503,-16.009304426659106,246.7641292611888,218.55812666342902,1.9829195713828134,297.062474,RMN10,309.6776214243293,31.358887253634915,119.15849999964934,-143.64122472139064,-113.73700000000001,218.55812666342902,0.9818660474543409
2883,RMN10_MAC,A	E	TR4c_1	TR4c_2	TR6c_1	TR6c_2	TR8c_1	TR8c_2	TRc0_1	TRc0_2	TR60_1	TR60_2,N	N	-127	-127	-90	-96	-127	-127	-127	-127	-127	-127,"[-127, -127, -90, -96, -127, -127, -127, -127, -127, -127]",-127,-127,-90,-96,-127,-127,-127,-127,-127,-127,239.0,30.0,1014123,-3.530306,-0.943476,176.131832,1014123,1142769120,224011659,232211,0.034099,0.030503,-0.009267,0.99891,1014123,-1.963545,0.133573,0.228515,0.060160160064697266,114.276912,22.4011659,232.211,-0.0001557000000076414,-0.0019711999999998397,113.79200000000002,-218.8031999999822,-15.978517716958217,247.1411997677914,218.82505662803155,1.9813050796328668,297.13183200000003,RMN10,309.7658729685712,31.333162087094994,119.55809999998124,-143.67201143109153,-113.79200000000002,218.82505662803155,0.9818183981102716
2884,RMN10_MAC,A	E	TR4c_1	TR4c_2	TR6c_1	TR6c_2	TR8c_1	TR8c_2	TRc0_1	TRc0_2	TR60_1	TR60_2,N	N	-127	-127	-90	-94	-127	-127	-127	-127	-127	-127,"[-127, -127, -90, -94, -127, -127, -127, -127, -127, -127]",-127,-127,-90,-94,-127,-127,-127,-127,-127,-127,239.0,30.0,1014323,-3.771974,-0.850297,176.141819,1014323,1142769122,224011623,232264,0.034001,0.032638,-0.008523,0.998852,1014323,-1.961582,0.134425,0.230385,0.09657168388366699,114.2769122,22.4011623,232.264,-0.00015550000000530417,-0.001974799999999277,113.84500000000001,-219.20279999991976,-15.95799338021708,247.5180985413549,219.08463809601162,1.9796341256843395,297.141819,RMN10,309.85587420980244,31.308063244069256,119.95769999991879,-143.69253576783265,-113.84500000000001,219.08463809601162,0.9815970071246594
2885,RMN10_MAC,A	E	TR4c_1	TR4c_2	TR6c_1	TR6c_2	TR8c_1	TR8c_2	TRc0_1	TRc0_2	TR60_1	TR60_2,N	N	-127	-127	-88	-95	-127	-127	-127	-127	-127	-127,"[-127, -127, -88, -95, -127, -127, -127, -127, -127, -127]",-127,-127,-88,-95,-127,-127,-127,-127,-127,-127,239.0,30.0,1014523,-3.628684,-0.884751,176.094837,1014523,1142769125,224011588,232314,0.034412,0.031375,-0.008794,0.998876,1014523,-1.963751,0.134492,0.228588,0.04874396324157715,114.2769125,22.4011588,232.314,-0.00015520000000890377,-0.001978299999997546,113.895,-219.5912999997276,-15.927206656134182,247.88321034801362,219.34373095096507,1.9815798146451231,297.094837,RMN10,309.94099942884407,31.282191064876287,120.34619999972662,-143.72332249191555,-113.895,219.34373095096507,0.9812247366420518
2886,RMN10_MAC,A	E	TR4c_1	TR4c_2	TR6c_1	TR6c_2	TR8c_1	TR8c_2	TRc0_1	TRc0_2	TR60_1	TR60_2,N	N	-127	-127	-89	-94	-127	-127	-127	-127	-127	-127,"[-127, -127, -89, -94, -127, -127, -127, -127, -127, -127]",-127,-127,-89,-94,-127,-127,-127,-127,-127,-127,239.0,30.0,1014723,-3.619138,-0.92695,176.075684,1014723,1142769128,224011553,232360,0.03459,0.031278,-0.009164,0.99887,1014723,-1.965035,0.138086,0.224497,0.05722832679748535,114.2769128,22.4011553,232.36,-0.00015489999999829251,-0.0019817999999993674,113.94100000000002,-219.97979999992978,-15.896419929042445,248.24657108522078,219.60114567648114,1.9826318865664398,297.075684,RMN10,310.0258770461674,31.255431931979874,120.73469999992881,-143.7541092190073,-113.94100000000002,219.60114567648114,0.9809297713770208
2887,RMN10_MAC,A	E	TR4c_1	TR4c_2	TR6c_1	TR6c_2	TR8c_1	TR8c_2	TRc0_1	TRc0_2	TR60_1	TR60_2,N	N	-127	-127	-91	-95	-127	-127	-127	-127	-127	-127,"[-127, -127, -91, -95, -127, -127, -127, -127, -127, -127]",-127,-127,-91,-95,-127,-127,-127,-127,-127,-127,239.0,30.0,1014923,-3.677475,-0.659489,176.089154,1014923,1142769130,224011517,232410,0.034401,0.031868,-0.006847,0.998876,1014923,-1.966365,0.13845,0.219059,0.09596753120422363,114.276913,22.4011517,232.41,-0.00015470000001016615,-0.001985399999998805,113.991,-220.37939999986733,-15.875895590068044,248.62234832389518,219.86043748748784,1.9833674801221282,297.089154,RMN10,310.11510998053535,31.229665468881095,121.13429999986636,-143.7746335579817,-113.991,219.86043748748784,0.9807143078657737
2888,RMN10_MAC,A	E	TR4c_1	TR4c_2	TR6c_1	TR6c_2	TR8c_1	TR8c_2	TRc0_1	TRc0_2	TR60_1	TR60_2,N	N	-127	-127	-91	-96	-127	-127	-127	-127	-127	-127,"[-127, -127, -91, -96, -127, -127, -127, -127, -127, -127]",-127,-127,-91,-96,-127,-127,-127,-127,-127,-127,239.0,30.0,1015723,-3.582294,-0.992989,176.154128,1015723,1142769140,224011374,232586,0.033921,0.030944,-0.009708,0.998898,1015723,-1.978066,0.141386,0.214809,0.04794740676879883,114.276914,22.4011374,232.586,-0.00015369999999848005,-0.0019996999999989384,114.16700000000002,-221.96669999988217,-15.773273452098604,250.10421018693862,220.89671727331972,1.9947125125774392,297.154128,RMN10,310.4628647054973,31.120141076979127,122.72159999988119,-143.87725569595113,-114.16700000000002,220.89671727331972,0.9798979237464862
2889,RMN10_MAC,A	E	TR4c_1	TR4c_2	TR6c_1	TR6c_2	TR8c_1	TR8c_2	TRc0_1	TRc0_2	TR60_1	TR60_2,N	N	-127	-127	-91	-93	-127	-127	-127	-127	-127	-127,"[-127, -127, -91, -93, -127, -127, -127, -127, -127, -127]",-127,-127,-91,-93,-127,-127,-127,-127,-127,-127,239.0,30.0,1016323,-3.702288,-0.840591,176.330906,1016323,1142769149,224011267,232722,0.032346,0.032047,-0.008365,0.998928,1016323,-1.972512,0.134602,0.213639,0.047149658203125,114.2769149,22.4011267,232.722,-0.00015280000000927885,-0.0020103999999996347,114.30300000000001,-223.15439999995945,-15.680913267260618,251.21495395226228,221.68883763586672,1.9886082849241578,297.330906,RMN10,310.717355652811,31.037639237179413,123.90929999995848,-143.96961588078912,-114.30300000000001,221.68883763586672,0.9796753993072491
3080,IPAD_MAC,A	E	TR4c_1	TR4c_2	TR6c_1	TR6c_2	TR8c_1	TR8c_2	TRc0_1	TRc0_2	TR60_1	TR60_2,N	N	-90	-91	-127	-127	-127	-127	-91	-90	-86	-86,"[-90, -91, -127, -127, -127, -127, -91, -90, -86, -86]",-90,-91,-127,-127,-127,-127,-91,-90,-86,-86,239.0,30.0,1207323,-2.451281,-1.042812,-3.433876,1207323,1142787655,224027308,222325,0.999275,-0.009734,-0.021105,-0.030146,1207323,1.999229,-0.100709,-0.061598,0.06606602668762207,114.2787655,22.4027308,222.325,0.001697800000002303,-0.0004062999999980832,103.90599999999999,-45.099299999787235,174.23263940014309,207.815823095382,207.30757002314564,2.002711464671334,117.566124,IPAD,281.57237800579907,30.080523771162497,35.98619999976549,-175.741188008043,-103.90599999999999,207.30757002314564,-0.46977480774506775
3125,IP11_MAC,A	E	TR4c_1	TR4c_2	TR6c_1	TR6c_2	TR8c_1	TR8c_2	TRc0_1	TRc0_2	TR60_1	TR60_2,N	N	-94	-92	-127	-127	-127	-127	-127	-127	-127	-127,"[-94, -92, -127, -127, -127, -127, -127, -127, -127, -127]",-94,-92,-127,-127,-127,-127,-127,-127,-127,-127,60.0,30.0,1252323,-3.241556,-0.97073,-3.325745,1252123,1142787147,224035338,219471,0.999136,-0.009284,-0.028023,-0.029243,1252123,1.9801,-0.105439,-0.064117,0.08888030052185059,114.2787147,22.4035338,219.471,0.0016469999999912943,0.0003967000000031362,101.052,44.03370000034812,169.01843514448757,201.78628510979632,108.99662149538115,1.9839416277728534,296.674255,IP11,267.5394075972106,67.98890626659438,-1.7538000003831655,-40.81275510139005,-101.052,108.99662149538115,0.7470635948926968
3126,IP11_MAC,A	E	TR4c_1	TR4c_2	TR6c_1	TR6c_2	TR8c_1	TR8c_2	TRc0_1	TRc0_2	TR60_1	TR60_2,N	N	-94	-92	-127	-127	-127	-127	-95	-89	-127	-127,"[-94, -92, -127, -127, -127, -127, -95, -89, -127, -127]",-94,-92,-127,-127,-127,-127,-95,-89,-127,-127,60.0,30.0,1252523,-3.468195,-1.116325,-3.386793,1252323,1142787146,224035375,219463,0.99905,-0.010626,-0.029957,-0.029829,1252323,1.96961,-0.118454,-0.066606,0.10990333557128906,114.2787146,22.4035375,219.463,0.0016468999999972311,0.0004004000000001895,101.044,44.444400000021034,169.00816844578372,201.86370557571828,108.99274313504357,1.974292597730134,296.613207,IP11,266.963406321611,67.98272946941401,-2.16450000005608,-40.80248840268621,-101.044,108.99274313504357,0.7456869160426265
3127,IP11_MAC,A	E	TR4c_1	TR4c_2	TR6c_1	TR6c_2	TR8c_1	TR8c_2	TRc0_1	TRc0_2	TR60_1	TR60_2,N	N	-127	-127	-127	-127	-127	-127	-95	-82	-127	-127,"[-127, -127, -127, -127, -127, -127, -95, -82, -127, -127]",-127,-127,-127,-127,-127,-127,-95,-82,-127,-127,60.0,30.0,1252523,-3.468195,-1.116325,-3.386793,1252523,1142787143,224035411,219438,0.99905,-0.010626,-0.029957,-0.029829,1252523,1.968589,-0.121207,-0.068687,0.0542597770690918,114.2787143,22.4035411,219.438,0.0016466000000008307,0.0004040000000031796,101.01899999999999,44.844000000352935,168.97737746991842,201.9137855463142,108.96671180170678,1.973512526369924,296.613207,IP11,266.4014526224296,67.98151330710435,-2.564100000387981,-40.77169742682091,-101.01899999999999,108.96671180170678,0.7441088759193696
3128,IP11_MAC,A	E	TR4c_1	TR4c_2	TR6c_1	TR6c_2	TR8c_1	TR8c_2	TRc0_1	TRc0_2	TR60_1	TR60_2,N	N	-127	-127	-127	-127	-127	-127	-97	-82	-127	-127,"[-127, -127, -127, -127, -127, -127, -97, -82, -127, -127]",-127,-127,-127,-127,-127,-127,-97,-82,-127,-127,61.0,30.0,1252923,-3.242231,-0.791843,-3.497371,1252723,1142787140,224035447,219428,0.999105,-0.007767,-0.028063,-0.030696,1252723,1.972119,-0.130158,-0.072112,0.06300950050354004,114.278714,22.4035447,219.428,0.0016462999999902195,0.000407600000002617,101.009,45.243600000290485,168.946586494189,201.97215280831358,108.95606021304421,1.9777246005622218,295.502629,IP11,265.83934349185694,67.98133754608457,-2.963700000325531,-40.74090645109149,-101.009,108.95606021304421,0.7456615027494577
3129,IP11_MAC,A	E	TR4c_1	TR4c_2	TR6c_1	TR6c_2	TR8c_1	TR8c_2	TRc0_1	TRc0_2	TR60_1	TR60_2,N	N	-127	-127	-127	-127	-127	-127	-94	-83	-127	-127,"[-127, -127, -127, -127, -127, -127, -94, -83, -127, -127]",-127,-127,-127,-127,-127,-127,-94,-83,-127,-127,61.0,29.0,1253523,-3.189691,-0.62765,-3.405955,1253323,1142787133,224035555,219387,0.999152,-0.006299,-0.027654,-0.029856,1253323,1.970401,-0.126349,-0.076408,0.10940957069396973,114.2787133,22.4035555,219.387,0.0016456000000033555,0.00041840000000092914,100.968,46.442400000103135,168.8747379781154,202.16357404079181,108.93041679702227,1.9759256952289477,295.594045,IP11,264.15609558950024,67.95718123308662,-4.162500000138181,-40.66905793501789,-100.968,108.93041679702227,0.7294316104247835
3130,IP11_MAC,A	E	TR4c_1	TR4c_2	TR6c_1	TR6c_2	TR8c_1	TR8c_2	TRc0_1	TRc0_2	TR60_1	TR60_2,N	N	-127	-127	-127	-127	-127	-127	-95	-81	-127	-127,"[-127, -127, -127, -127, -127, -127, -95, -81, -127, -127]",-127,-127,-127,-127,-127,-127,-95,-81,-127,-127,90.0,60.0,1253523,-3.189691,-0.62765,-3.405955,1253523,1142787131,224035591,219381,0.999152,-0.006299,-0.027654,-0.029856,1253523,1.964632,-0.118925,-0.077533,0.05264425277709961,114.2787131,22.4035591,219.381,0.0016454000000010183,0.0004220000000003665,100.962,46.842000000040684,168.85420920728174,202.23561104568176,108.93319569177352,1.969754659123313,266.594045,IP11,263.59632936760295,67.9451656438417,-4.562100000075731,-40.648529164184225,-100.962,108.93319569177352,0.9901439004720293
3131,IP11_MAC,A	E	TR4c_1	TR4c_2	TR6c_1	TR6c_2	TR8c_1	TR8c_2	TRc0_1	TRc0_2	TR60_1	TR60_2,N	N	-127	-127	-127	-127	-127	-127	-92	-84	-127	-127,"[-127, -127, -127, -127, -127, -127, -92, -84, -127, -127]",-127,-127,-127,-127,-127,-127,-92,-84,-127,-127,90.0,60.0,1253723,-3.369828,-1.024306,-3.414871,1253723,1142787128,224035627,219363,0.999076,-0.009806,-0.02912,-0.030042,1253723,1.965801,-0.113747,-0.07211,0.05072331428527832,114.2787128,22.4035627,219.363,0.001645099999990407,0.0004255999999998039,100.944,47.241599999978234,168.82341823872588,202.29386162799332,108.92249656989478,1.9704090447696385,266.585129,IP11,263.0354822904021,67.93384395313842,-4.9617000000132805,-40.61773819562836,-100.944,108.92249656989478,0.9900677402101458
3132,IP11_MAC,A	E	TR4c_1	TR4c_2	TR6c_1	TR6c_2	TR8c_1	TR8c_2	TRc0_1	TRc0_2	TR60_1	TR60_2,N	N	-94	-90	-127	-127	-127	-127	-94	-87	-127	-127,"[-94, -90, -127, -127, -127, -127, -94, -87, -127, -127]",-94,-90,-127,-127,-127,-127,-94,-87,-127,-127,91.0,60.0,1254123,-3.084727,-0.7565,-3.396286,1253923,1142787127,224035663,219357,0.999172,-0.007393,-0.026706,-0.029798,1253923,1.968916,-0.12159,-0.074634,0.1094048023223877,114.2787127,22.4035663,219.357,0.0016449999999963438,0.000429200000002794,100.938,47.641200000310135,168.81315166880213,202.37599649618417,108.93204364890116,1.9740781588154002,265.60371399999997,IP11,262.4788851345969,67.91306521029547,-5.361300000345182,-40.60747162570462,-100.938,108.93204364890116,0.9901985568821464
3133,IP11_MAC,A	E	TR4c_1	TR4c_2	TR6c_1	TR6c_2	TR8c_1	TR8c_2	TRc0_1	TRc0_2	TR60_1	TR60_2,N	N	-95	-92	-127	-127	-127	-127	-93	-86	-127	-127,"[-95, -92, -127, -127, -127, -127, -93, -86, -127, -127]",-95,-92,-127,-127,-127,-127,-93,-86,-127,-127,90.0,60.0,1254123,-3.084727,-0.7565,-3.396286,1254123,1142787124,224035699,219326,0.999172,-0.007393,-0.026706,-0.029798,1254123,1.965342,-0.120627,-0.076454,0.04972720146179199,114.2787124,22.4035699,219.326,0.0016446999999999434,0.0004328000000022314,100.907,48.040800000247685,168.7823607043614,202.42931210326472,108.91224738889306,1.9705241090149086,266.60371399999997,IP11,261.91940029279436,67.89536446960341,-5.7609000002827315,-40.57668066126388,-100.907,108.91224738889306,0.989892119337512
3134,IP11_MAC,A	E	TR4c_1	TR4c_2	TR6c_1	TR6c_2	TR8c_1	TR8c_2	TRc0_1	TRc0_2	TR60_1	TR60_2,N	N	-93	-91	-127	-127	-127	-127	-93	-87	-90	-96,"[-93, -91, -127, -127, -127, -127, -93, -87, -90, -96]",-93,-91,-127,-127,-127,-127,-93,-87,-90,-96,90.0,60.0,1254523,-3.337045,-0.950972,-3.36625,1254523,1142787119,224035770,219282,0.999103,-0.009146,-0.028858,-0.029598,1254523,1.954055,-0.110755,-0.085385,0.09419512748718262,114.2787119,22.403577,219.282,0.0016442000000012058,0.00043989999999993756,100.86300000000001,48.82889999999307,168.73104109792774,202.5531300034633,108.89691941751484,1.959052886288423,266.63375,IP11,260.82022040336545,67.85373678499553,-6.549000000028116,-40.52536105483023,-100.86300000000001,108.89691941751484,0.9896507008418018
3135,IP11_MAC,A	E	TR4c_1	TR4c_2	TR6c_1	TR6c_2	TR8c_1	TR8c_2	TRc0_1	TRc0_2	TR60_1	TR60_2,N	N	-127	-127	-127	-127	-127	-127	-93	-83	-127	-127,"[-127, -127, -127, -127, -127, -127, -93, -83, -127, -127]",-127,-127,-127,-127,-127,-127,-93,-83,-127,-127,90.0,60.0,1254923,-3.31545,-0.82355,-3.264379,1254923,1142787115,224035841,219257,0.999144,-0.008004,-0.02871,-0.028676,1254923,1.971264,-0.103575,-0.081619,0.06723785400390625,114.2787115,22.4035841,219.257,0.0016437999999965314,0.00044700000000119644,100.83800000000001,49.617000000132805,168.68998369248024,202.697951472585,108.90874217613519,1.9756698103382557,266.735621,IP11,259.7276011770516,67.80361928490382,-7.337100000167851,-40.484303649382724,-100.83800000000001,108.90874217613519,0.9893280755596833
3136,IP11_MAC,A	E	TR4c_1	TR4c_2	TR6c_1	TR6c_2	TR8c_1	TR8c_2	TRc0_1	TRc0_2	TR60_1	TR60_2,N	N	-127	-127	-127	-127	-127	-127	-93	-84	-127	-127,"[-127, -127, -127, -127, -127, -127, -93, -84, -127, -127]",-127,-127,-127,-127,-127,-127,-93,-84,-127,-127,90.0,60.0,1255123,-3.467475,-0.967931,-3.276728,1255123,1142787114,224035877,219222,0.999091,-0.009304,-0.029998,-0.02883,1255123,1.97302,-0.103326,-0.078917,0.09689617156982422,114.2787114,22.4035877,219.222,0.0016437000000024682,0.0004506000000006338,100.80300000000001,50.016600000070355,168.6797171275882,202.77019518363693,108.90017912661283,1.9772991871654124,266.723272,IP11,259.1783320316237,67.76594757562897,-7.736700000105401,-40.474037084490675,-100.80300000000001,108.90017912661283,0.9891903040153199
3137,IP11_MAC,A	E	TR4c_1	TR4c_2	TR6c_1	TR6c_2	TR8c_1	TR8c_2	TRc0_1	TRc0_2	TR60_1	TR60_2,N	N	-127	-127	-127	-127	-127	-127	-93	-89	-127	-127,"[-127, -127, -127, -127, -127, -127, -93, -89, -127, -127]",-127,-127,-127,-127,-127,-127,-93,-89,-127,-127,90.0,60.0,1255523,-3.143373,-1.299351,-3.260357,1255323,1142787110,224035912,219233,0.999146,-0.012109,-0.02709,-0.028744,1255323,1.979516,-0.104283,-0.078856,0.10405850410461426,114.278711,22.4035912,219.233,0.0016432999999977937,0.0004541000000024553,100.81400000000001,50.40510000027254,168.63866409600197,202.83770786054959,108.92340276757528,1.983828825045397,266.739643,IP11,258.6374782929911,67.75135993264482,-8.125200000307586,-40.43298405290446,-100.81400000000001,108.92340276757528,0.9889730339254671
3138,IP11_MAC,A	E	TR4c_1	TR4c_2	TR6c_1	TR6c_2	TR8c_1	TR8c_2	TRc0_1	TRc0_2	TR60_1	TR60_2,N	N	-127	-127	-127	-127	-127	-127	-96	-85	-127	-127,"[-127, -127, -127, -127, -127, -127, -96, -85, -127, -127]",-127,-127,-127,-127,-127,-127,-96,-85,-127,-127,90.0,60.0,1255723,-3.650586,-0.708499,-3.238364,1255523,1142787107,224035947,219191,0.999069,-0.007077,-0.031662,-0.028436,1255523,1.970479,-0.104798,-0.07547,0.10438203811645508,114.2787107,22.4035947,219.191,0.0016430000000013933,0.0004576000000007241,100.772,50.793600000080374,168.60787326290452,202.88814827684695,108.90278365892483,1.9747065177248493,266.761636,IP11,258.10051259435085,67.71953873664738,-8.51370000011542,-40.402193219807,-100.772,108.90278365892483,0.9887756465294458
3139,IP11_MAC,A	E	TR4c_1	TR4c_2	TR6c_1	TR6c_2	TR8c_1	TR8c_2	TRc0_1	TRc0_2	TR60_1	TR60_2,N	N	-127	-127	-127	-127	-127	-127	-94	-87	-127	-127,"[-127, -127, -127, -127, -127, -127, -94, -87, -127, -127]",-127,-127,-127,-127,-127,-127,-94,-87,-127,-127,90.0,60.0,1255923,-3.805633,-0.590832,-3.237602,1255723,1142787105,224035983,219182,0.999032,-0.006089,-0.033043,-0.028403,1255923,1.975317,-0.100057,-0.064835,0.04752755165100098,114.2787105,22.4035983,219.182,0.0016427999999990561,0.0004612000000001615,100.76299999999999,51.193200000017924,168.58734450476348,202.9670382658466,108.9188133913766,1.9789118805452153,266.762398,IP11,257.5528884895041,67.68649482395472,-8.91330000005297,-40.38166446166596,-100.76299999999999,108.9188133913766,0.9885676996453514
3140,IP11_MAC,A	E	TR4c_1	TR4c_2	TR6c_1	TR6c_2	TR8c_1	TR8c_2	TRc0_1	TRc0_2	TR60_1	TR60_2,N	N	-127	-127	-127	-127	-127	-127	-95	-89	-127	-127,"[-127, -127, -127, -127, -127, -127, -95, -89, -127, -127]",-127,-127,-127,-127,-127,-127,-95,-89,-127,-127,91.0,60.0,1256323,-3.508258,-1.20133,-3.259605,1256123,1142787100,224036053,219145,0.999063,-0.011344,-0.030296,-0.028745,1256123,1.981395,-0.09673,-0.063834,0.14109015464782715,114.27871,22.4036053,219.145,0.0016423000000003185,0.00046820000000025175,100.72600000000001,51.970200000027944,168.53602504002671,203.10347239851765,108.93193157959954,1.984781503964857,265.74039500000003,IP11,256.4894683592472,67.61852312913884,-9.69030000006299,-40.3303449969292,-100.72600000000001,108.93193157959954,0.9886965301253938
3141,IP11_MAC,A	E	TR4c_1	TR4c_2	TR6c_1	TR6c_2	TR8c_1	TR8c_2	TRc0_1	TRc0_2	TR60_1	TR60_2,N	N	-127	-127	-127	-127	-127	-127	-95	-90	-127	-127,"[-127, -127, -127, -127, -127, -127, -95, -90, -127, -127]",-127,-127,-127,-127,-127,-127,-95,-90,-127,-127,91.0,60.0,1256523,-3.595345,-0.867162,-3.236944,1256523,1142787096,224036126,219110,0.999074,-0.008446,-0.031141,-0.028464,1256523,1.981785,-0.112996,-0.070815,0.05365872383117676,114.2787096,22.4036126,219.11,0.001641899999995644,0.00047550000000029513,100.69100000000002,52.78050000003276,168.49496741042296,203.26094731623425,108.95947300684028,1.9862665094256609,265.763056,IP11,255.3919742176305,67.53516590742855,-10.500600000067806,-40.28928736732544,-100.69100000000002,108.95947300684028,0.9882431418361814
3142,IP11_MAC,A	E	TR4c_1	TR4c_2	TR6c_1	TR6c_2	TR8c_1	TR8c_2	TRc0_1	TRc0_2	TR60_1	TR60_2,N	N	-127	-127	-127	-127	-127	-127	-96	-88	-127	-127,"[-127, -127, -127, -127, -127, -127, -96, -88, -127, -127]",-127,-127,-127,-127,-127,-127,-96,-88,-127,-127,91.0,60.0,1256723,-3.554223,-0.758138,-3.194932,1256723,1142787093,224036162,219112,0.999103,-0.007474,-0.030812,-0.028066,1256723,1.979679,-0.111134,-0.072435,0.11516070365905762,114.2787093,22.4036162,219.112,0.0016415999999992437,0.0004790999999997325,100.693,53.18009999997031,168.46417646446974,203.34055679293013,108.98917901860605,1.984118579677636,265.805068,IP11,254.85009916636855,67.50017616637706,-10.900200000005356,-40.25849642137223,-100.693,108.98917901860605,0.9879576361885432
3143,IP11_MAC,A	E	TR4c_1	TR4c_2	TR6c_1	TR6c_2	TR8c_1	TR8c_2	TRc0_1	TRc0_2	TR60_1	TR60_2,N	N	-127	-127	-127	-127	-127	-127	-96	-84	-127	-127,"[-127, -127, -127, -127, -127, -127, -96, -84, -127, -127]",-127,-127,-127,-127,-127,-127,-96,-84,-127,-127,91.0,60.0,1256923,-3.288209,-0.820557,-3.238858,1256723,1142787093,224036162,219112,0.999158,-0.007965,-0.028475,-0.028452,1256723,1.979679,-0.111134,-0.072435,0.0668478012084961,114.2787093,22.4036162,219.112,0.0016415999999992437,0.0004790999999997325,100.693,53.18009999997031,168.46417646446974,203.34055679293013,108.98917901860605,1.984118579677636,265.761142,IP11,254.85009916636855,67.50017616637706,-10.900200000005356,-40.25849642137223,-100.693,108.98917901860605,0.987985457889146
3144,IP11_MAC,A	E	TR4c_1	TR4c_2	TR6c_1	TR6c_2	TR8c_1	TR8c_2	TRc0_1	TRc0_2	TR60_1	TR60_2,N	N	-127	-127	-127	-127	-127	-127	-94	-83	-92	-94,"[-127, -127, -127, -127, -127, -127, -94, -83, -92, -94]",-127,-127,-127,-127,-127,-127,-94,-83,-92,-94,91.0,60.0,1257123,-3.250555,-0.905578,-3.208192,1257123,1142787089,224036234,219063,0.999169,-0.00869,-0.028127,-0.028203,1257123,1.982941,-0.096775,-0.076046,0.09647965431213379,114.2787089,22.4036234,219.063,0.0016411999999945692,0.00048630000000216,100.64399999999999,53.97930000023976,168.42311896303497,203.49281698810034,109.01161905799458,1.9867570068385314,265.791808,IP11,253.78009342705434,67.40459516849288,-11.699400000274807,-40.21743891993745,-100.64399999999999,109.01161905799458,0.9874545808878804
3145,IP11_MAC,A	E	TR4c_1	TR4c_2	TR6c_1	TR6c_2	TR8c_1	TR8c_2	TRc0_1	TRc0_2	TR60_1	TR60_2,N	N	-127	-127	-127	-127	-127	-127	-91	-87	-127	-127,"[-127, -127, -127, -127, -127, -127, -91, -87, -127, -127]",-127,-127,-127,-127,-127,-127,-91,-87,-127,-127,91.0,60.0,1257323,-3.376525,-1.025163,-3.153878,1257123,1142787089,224036234,219063,0.99914,-0.009749,-0.029201,-0.027768,1257123,1.982941,-0.096775,-0.076046,0.04978466033935547,114.2787089,22.4036234,219.063,0.0016411999999945692,0.00048630000000216,100.64399999999999,53.97930000023976,168.42311896303497,203.49281698810034,109.01161905799458,1.9867570068385314,265.846122,IP11,253.78009342705434,67.40459516849288,-11.699400000274807,-40.21743891993745,-100.64399999999999,109.01161905799458,0.98741659665682
3146,IP11_MAC,A	E	TR4c_1	TR4c_2	TR6c_1	TR6c_2	TR8c_1	TR8c_2	TRc0_1	TRc0_2	TR60_1	TR60_2,N	N	-127	-127	-127	-127	-127	-127	-97	-90	-127	-127,"[-127, -127, -127, -127, -127, -127, -97, -90, -127, -127]",-127,-127,-127,-127,-127,-127,-97,-90,-127,-127,91.0,60.0,1257523,-3.519402,-1.042247,-3.107809,1257323,1142787087,224036271,219041,0.999112,-0.009919,-0.030446,-0.027381,1257323,1.976935,-0.098147,-0.075827,0.07496190071105957,114.2787087,22.4036271,219.041,0.001640999999992232,0.000490000000002766,100.622,54.390000000307026,168.40259009274547,203.57428947187475,109.02858791875539,1.9808216885330694,265.892191,IP11,253.23405182839565,67.35313324549365,-12.110100000342072,-40.196910049647954,-100.622,109.02858791875539,0.9870968399768654
3147,IP11_MAC,A	E	TR4c_1	TR4c_2	TR6c_1	TR6c_2	TR8c_1	TR8c_2	TRc0_1	TRc0_2	TR60_1	TR60_2,N	N	-127	-127	-127	-127	-127	-127	-96	-86	-127	-127,"[-127, -127, -127, -127, -127, -127, -96, -86, -127, -127]",-127,-127,-127,-127,-127,-127,-96,-86,-127,-127,91.0,60.0,1257723,-3.168423,-1.255985,-3.132328,1257523,1142787086,224036307,219028,0.999176,-0.011707,-0.027333,-0.02762,1257523,1.979935,-0.094992,-0.074337,0.050408363342285156,114.2787086,22.4036307,219.028,0.0016408999999981688,0.0004936000000022034,100.609,54.789600000244576,168.39232353846316,203.6665062691194,109.05791943055125,1.983605826231109,265.86767199999997,IP11,252.7091573637502,67.29852343457507,-12.509700000279622,-40.186643495365644,-100.609,109.05791943055125,0.9868312275959973
3148,IP11_MAC,A	E	TR4c_1	TR4c_2	TR6c_1	TR6c_2	TR8c_1	TR8c_2	TRc0_1	TRc0_2	TR60_1	TR60_2,N	N	-127	-127	-127	-127	-127	-127	-93	-91	-127	-127,"[-127, -127, -127, -127, -127, -127, -93, -91, -127, -127]",-127,-127,-127,-127,-127,-127,-93,-91,-127,-127,91.0,60.0,1258123,-3.420629,-2.052433,-3.280438,1257923,1142787085,224036379,218995,0.99897,-0.018747,-0.029315,-0.029138,1257923,1.981019,-0.099446,-0.070526,0.051201820373535156,114.2787085,22.4036379,218.995,0.0016407999999898948,0.0005008000000010782,100.57600000000001,55.588800000119676,168.38205262180702,203.8581911687296,109.1182821932118,1.9847669137591448,265.719562,IP11,251.6719353691891,67.17816270048174,-13.308900000154722,-40.176372578709504,-100.57600000000001,109.1182821932118,0.9863626812628398
3149,IP11_MAC,A	E	TR4c_1	TR4c_2	TR6c_1	TR6c_2	TR8c_1	TR8c_2	TRc0_1	TRc0_2	TR60_1	TR60_2,N	N	-127	-127	-127	-127	-127	-127	-95	-90	-127	-127,"[-127, -127, -127, -127, -127, -127, -95, -90, -127, -127]",-127,-127,-127,-127,-127,-127,-95,-90,-127,-127,91.0,60.0,1258323,-3.283995,-1.519438,-3.329197,1258123,1142787083,224036415,218989,0.999069,-0.014079,-0.028253,-0.029412,1258123,1.987927,-0.111456,-0.066051,0.0795745849609375,114.2787083,22.4036415,218.989,0.0016406000000017684,0.0005044000000005155,100.57000000000001,55.988400000057226,168.36152387734373,203.9476122852822,109.15465938883645,1.99214430498044,265.670803,IP11,251.15099631104817,67.12472630662774,-13.708500000092272,-40.15584383424621,-100.57000000000001,109.15465938883645,0.986070744279607
3150,IP11_MAC,A	E	TR4c_1	TR4c_2	TR6c_1	TR6c_2	TR8c_1	TR8c_2	TRc0_1	TRc0_2	TR60_1	TR60_2,N	N	-127	-127	-127	-127	-127	-127	-95	-89	-127	-127,"[-127, -127, -127, -127, -127, -127, -95, -89, -127, -127]",-127,-127,-127,-127,-127,-127,-95,-89,-127,-127,91.0,60.0,1258323,-3.283995,-1.519438,-3.329197,1258323,1142787081,224036451,218964,0.999069,-0.014079,-0.028253,-0.029412,1258323,1.996272,-0.135644,-0.066026,0.0763692855834961,114.2787081,22.4036451,218.964,0.0016403999999994312,0.0005079999999999529,100.545,56.387999999994776,168.3409951324846,204.0284152053204,109.1749926857576,2.001964191836607,265.670803,IP11,250.63274312614539,67.0657541784887,-14.108100000029822,-40.13531508938709,-100.545,109.1749926857576,0.9857331805794735
3151,IP11_MAC,A	E	TR4c_1	TR4c_2	TR6c_1	TR6c_2	TR8c_1	TR8c_2	TRc0_1	TRc0_2	TR60_1	TR60_2,N	N	-127	-127	-127	-127	-127	-127	-95	-86	-127	-127,"[-127, -127, -127, -127, -127, -127, -95, -86, -127, -127]",-127,-127,-127,-127,-127,-127,-95,-86,-127,-127,91.0,60.0,1258523,-3.236769,-0.875017,-3.361678,1258323,1142787081,224036451,218964,0.999136,-0.008457,-0.028003,-0.029533,1258323,1.996272,-0.135644,-0.066026,0.04904365539550781,114.2787081,22.4036451,218.964,0.0016403999999994312,0.0005079999999999529,100.545,56.387999999994776,168.3409951324846,204.0284152053204,109.1749926857576,2.001964191836607,265.638322,IP11,250.63274312614539,67.0657541784887,-14.108100000029822,-40.13531508938709,-100.545,109.1749926857576,0.9857618086259862
3152,IP11_MAC,A	E	TR4c_1	TR4c_2	TR6c_1	TR6c_2	TR8c_1	TR8c_2	TRc0_1	TRc0_2	TR60_1	TR60_2,N	N	-127	-127	-127	-127	-127	-127	-94	-86	-127	-127,"[-127, -127, -127, -127, -127, -127, -94, -86, -127, -127]",-127,-127,-127,-127,-127,-127,-94,-86,-127,-127,91.0,60.0,1258723,-3.345633,-0.831939,-3.34885,1258523,1142787078,224036488,218933,0.999115,-0.008106,-0.028965,-0.029417,1258523,1.992041,-0.137478,-0.069024,0.050652503967285156,114.2787078,22.4036488,218.933,0.0016401000000030308,0.0005117000000005589,100.514,56.79870000006204,168.310204076612,204.1016445646821,109.18897653791595,1.9979719364247837,265.65115000000003,IP11,250.098528495848,67.00673881250813,-14.518800000097087,-40.10452403351448,-100.514,109.18897653791595,0.9853804070099247
3153,IP11_MAC,A	E	TR4c_1	TR4c_2	TR6c_1	TR6c_2	TR8c_1	TR8c_2	TRc0_1	TRc0_2	TR60_1	TR60_2,N	N	-127	-127	-127	-127	-127	-127	-96	-87	-127	-127,"[-127, -127, -127, -127, -127, -127, -96, -87, -127, -127]",-127,-127,-127,-127,-127,-127,-96,-87,-127,-127,91.0,60.0,1258923,-2.989229,-1.06731,-3.434676,1258723,1142787075,224036523,218923,0.99916,-0.010087,-0.025789,-0.030198,1258723,1.996251,-0.132353,-0.069985,0.05874776840209961,114.2787075,22.4036523,218.923,0.0016397999999924195,0.0005152000000023804,100.504,57.18720000026423,168.27941326307456,204.17980014691673,109.22081167746748,2.001857455423587,265.56532400000003,IP11,249.5949606727464,66.95401020663988,-14.907300000299273,-40.07373321997704,-100.504,109.22081167746748,0.9850890956192798
3154,IP11_MAC,A	E	TR4c_1	TR4c_2	TR6c_1	TR6c_2	TR8c_1	TR8c_2	TRc0_1	TRc0_2	TR60_1	TR60_2,N	N	-127	-127	-127	-127	-127	-127	-94	-89	-127	-127,"[-127, -127, -127, -127, -127, -127, -94, -89, -127, -127]",-127,-127,-127,-127,-127,-127,-94,-89,-127,-127,91.0,60.0,1259123,-3.346443,-1.023574,-3.443391,1258923,1142787072,224036559,218899,0.999075,-0.009801,-0.028914,-0.030289,1258923,1.995255,-0.131949,-0.06902,0.10933995246887207,114.2787072,22.4036559,218.899,0.0016394999999960191,0.0005188000000018178,100.48,57.58680000020178,168.24862233149,204.25491144818918,109.24270600240907,2.0008040418856616,265.556609,IP11,249.0800383617632,66.89493479540054,-15.306900000236823,-40.04294228839248,-100.48,109.24270600240907,0.9847107830561981
3155,IP11_MAC,A	E	TR4c_1	TR4c_2	TR6c_1	TR6c_2	TR8c_1	TR8c_2	TRc0_1	TRc0_2	TR60_1	TR60_2,N	N	-92	-92	-127	-127	-127	-127	-93	-91	-127	-127,"[-92, -92, -127, -127, -127, -127, -93, -91, -127, -127]",-92,-92,-127,-127,-127,-127,-93,-91,-127,-127,91.0,60.0,1259323,-3.292979,-0.565241,-3.483569,1259123,1142787069,224036594,218904,0.999109,-0.005801,-0.028567,-0.030522,1259123,1.988968,-0.13873,-0.070525,0.09271001815795898,114.2787069,22.4036594,218.904,0.0016391999999996187,0.0005223000000000866,100.485,57.97530000000961,168.21783152253292,204.34189359315036,109.29113903777693,1.9950472409316529,265.516431,IP11,248.58161929721592,66.84215775530792,-15.695400000044657,-40.0121514794354,-100.485,109.29113903777693,0.9843514898231671
3156,IP11_MAC,A	E	TR4c_1	TR4c_2	TR6c_1	TR6c_2	TR8c_1	TR8c_2	TRc0_1	TRc0_2	TR60_1	TR60_2,N	N	-127	-127	-127	-127	-127	-127	-95	-93	-127	-127,"[-127, -127, -127, -127, -127, -127, -95, -93, -127, -127]",-127,-127,-127,-127,-127,-127,-95,-93,-127,-127,90.0,60.0,1259523,-3.376639,-0.481767,-3.411181,1259323,1142787066,224036631,218860,0.999111,-0.005077,-0.029322,-0.029872,1259323,1.999473,-0.141879,-0.068267,0.05319833755493164,114.2787066,22.4036631,218.86,0.0016389000000032183,0.0005260000000006926,100.44100000000002,58.386000000076876,168.18704047310354,204.41183933449244,109.2991771242934,2.005662561763319,266.588819,IP11,248.05844135193928,66.77375140355308,-16.106100000111923,-39.98136043000602,-100.44100000000002,109.2991771242934,0.9827968313892375
3157,IP11_MAC,A	E	TR4c_1	TR4c_2	TR6c_1	TR6c_2	TR8c_1	TR8c_2	TRc0_1	TRc0_2	TR60_1	TR60_2,N	N	-127	-127	-127	-127	-127	-127	-92	-91	-127	-127,"[-127, -127, -127, -127, -127, -127, -92, -91, -127, -127]",-127,-127,-127,-127,-127,-127,-92,-91,-127,-127,91.0,60.0,1260123,-2.888127,-1.212766,-3.399817,1259923,1142787056,224036739,218813,0.999179,-0.011322,-0.024873,-0.029918,1259923,2.001691,-0.107222,-0.065965,0.0647885799407959,114.2787056,22.4036739,218.813,0.0016378999999915322,0.0005368000000025575,100.39399999999999,59.58480000028388,168.08440550544793,204.65011849787354,109.40167980667643,2.005645730928072,265.600183,IP11,246.54213903286848,66.5869513250171,-17.304900000318924,-39.87872546235042,-100.39399999999999,109.40167980667643,0.9825090067436257
3158,IP11_MAC,A	E	TR4c_1	TR4c_2	TR6c_1	TR6c_2	TR8c_1	TR8c_2	TRc0_1	TRc0_2	TR60_1	TR60_2,N	N	-127	-127	-127	-127	-127	-127	-95	-90	-127	-127,"[-127, -127, -127, -127, -127, -127, -95, -90, -127, -127]",-127,-127,-127,-127,-127,-127,-95,-90,-127,-127,91.0,60.0,1260323,-3.111181,-0.920648,-3.372444,1260123,1142787054,224036775,218802,0.99916,-0.008826,-0.026896,-0.02963,1260123,1.994398,-0.106384,-0.065653,0.12549829483032227,114.2787054,22.4036775,218.802,0.0016377000000034059,0.0005404000000019948,100.383,59.98440000022143,168.06387677400278,204.74457650617697,109.44803267258223,1.9983121013167586,265.627556,IP11,246.0498210063743,66.51651983405846,-17.704500000256473,-39.85819673090526,-100.383,109.44803267258223,0.9820205256554094
3161,IP11_MAC,A	E	TR4c_1	TR4c_2	TR6c_1	TR6c_2	TR8c_1	TR8c_2	TRc0_1	TRc0_2	TR60_1	TR60_2,N	N	-127	-127	-127	-127	-127	-127	-93	-88	-127	-127,"[-127, -127, -127, -127, -127, -127, -93, -88, -127, -127]",-127,-127,-127,-127,-127,-127,-93,-88,-127,-127,91.0,60.0,1263323,-2.897242,-0.203507,-3.520636,1263123,1142787016,224037310,218560,0.999206,-0.002551,-0.025212,-0.030751,1263123,2.004792,-0.10748,-0.06467,0.07110595703125,114.2787016,22.403731,218.56,0.0016339000000016313,0.0005939000000019234,100.141,65.9229000002135,167.67384903081182,206.1275534086737,110.20411831349375,2.0087123045782342,265.47936400000003,IP11,239.0767174440516,65.32446879235081,-23.64300000024855,-39.46816898771431,-100.141,110.20411831349375,0.9739117946878942
3162,IP11_MAC,A	E	TR4c_1	TR4c_2	TR6c_1	TR6c_2	TR8c_1	TR8c_2	TRc0_1	TRc0_2	TR60_1	TR60_2,N	N	-127	-127	-127	-127	-127	-127	-94	-89	-127	-127,"[-127, -127, -127, -127, -127, -127, -94, -89, -127, -127]",-127,-127,-127,-127,-127,-127,-94,-89,-127,-127,91.0,60.0,1263323,-2.897242,-0.203507,-3.520636,1263123,1142787016,224037310,218560,0.999206,-0.002551,-0.025212,-0.030751,1263323,1.999017,-0.100279,-0.063764,0.1038818359375,114.2787016,22.403731,218.56,0.0016339000000016313,0.0005939000000019234,100.141,65.9229000002135,167.67384903081182,206.1275534086737,110.20411831349375,2.0025460523608443,265.47936400000003,IP11,239.0767174440516,65.32446879235081,-23.64300000024855,-39.46816898771431,-100.141,110.20411831349375,0.9739117946878942
3163,IP11_MAC,A	E	TR4c_1	TR4c_2	TR6c_1	TR6c_2	TR8c_1	TR8c_2	TRc0_1	TRc0_2	TR60_1	TR60_2,N	N	-127	-127	-127	-127	-127	-127	-95	-91	-127	-127,"[-127, -127, -127, -127, -127, -127, -95, -91, -127, -127]",-127,-127,-127,-127,-127,-127,-95,-91,-127,-127,91.0,60.0,1263523,-3.314569,-0.181015,-3.468094,1263323,1142787013,224037346,218550,0.999121,-0.002453,-0.028858,-0.030291,1263323,1.999017,-0.100279,-0.063764,0.04773426055908203,114.2787013,22.4037346,218.55,0.00163359999999102,0.0005975000000013608,100.13100000000001,66.32250000015105,167.6430581308703,206.22581338605602,110.27044284941859,2.0025460523608443,265.531906,IP11,238.6318474972079,65.2371579326891,-24.0426000001861,-39.43737808777277,-100.13100000000001,110.27044284941859,0.9731642940983125
3164,IP11_MAC,A	E	TR4c_1	TR4c_2	TR6c_1	TR6c_2	TR8c_1	TR8c_2	TRc0_1	TRc0_2	TR60_1	TR60_2,N	N	-127	-127	-127	-127	-127	-127	-93	-89	-127	-127,"[-127, -127, -127, -127, -127, -127, -93, -89, -127, -127]",-127,-127,-127,-127,-127,-127,-93,-89,-127,-127,91.0,60.0,1263923,-2.85452,-1.024074,-3.366237,1263723,1142787009,224037418,218524,0.999212,-0.009661,-0.024632,-0.029582,1263723,2.005673,-0.083434,-0.058976,0.08929991722106934,114.2787009,22.4037418,218.524,0.0016332000000005564,0.0006047000000002356,100.105,67.12170000002615,167.6020007083494,206.4382820053855,110.40922123718832,2.0082737820976995,265.633763,IP11,237.76605058864266,65.04948549732856,-24.8418000000612,-39.39632066525189,-100.105,110.40922123718832,0.9716587562646892
3165,IP11_MAC,A	E	TR4c_1	TR4c_2	TR6c_1	TR6c_2	TR8c_1	TR8c_2	TRc0_1	TRc0_2	TR60_1	TR60_2,N	N	-127	-127	-127	-127	-127	-127	-93	-84	-127	-127,"[-127, -127, -127, -127, -127, -127, -93, -84, -127, -127]",-127,-127,-127,-127,-127,-127,-93,-84,-127,-127,91.0,60.0,1264123,-2.834508,-0.806591,-3.392239,1263923,1142787007,224037455,218507,0.999226,-0.007765,-0.024512,-0.029761,1263923,2.007077,-0.098724,-0.056368,0.04817080497741699,114.2787007,22.4037455,218.507,0.0016329999999982192,0.0006084000000008416,100.08800000000001,67.53240000009342,167.58147187737777,206.54728879934729,110.47963379208433,2.0102939744049877,265.607761,IP11,237.32711754360727,64.95028298657913,-25.252500000128464,-39.37579183428025,-100.08800000000001,110.47963379208433,0.9710006317868936
3166,IP11_MAC,A	E	TR4c_1	TR4c_2	TR6c_1	TR6c_2	TR8c_1	TR8c_2	TRc0_1	TRc0_2	TR60_1	TR60_2,N	N	-127	-127	-127	-127	-127	-127	-97	-90	-127	-127,"[-127, -127, -127, -127, -127, -127, -97, -90, -127, -127]",-127,-127,-127,-127,-127,-127,-97,-90,-127,-127,91.0,60.0,1264923,-1.992744,0.063655,-3.279657,1264723,1142786996,224037603,218499,0.99944,5.8e-05,-0.017397,-0.0286,1264723,2.005973,-0.12505,-0.058356,0.09703278541564941,114.2786996,22.4037603,218.499,0.00163189999999247,0.0006231999999997129,100.08,69.17519999996813,167.4685700147449,206.99501597337823,110.81939402025198,2.010713953292462,265.720343,IP11,235.58863773798586,64.56739085960186,-26.895300000003175,-39.26288997164738,-100.08,110.81939402025198,0.9678094368166908
3167,IP11_MAC,A	E	TR4c_1	TR4c_2	TR6c_1	TR6c_2	TR8c_1	TR8c_2	TRc0_1	TRc0_2	TR60_1	TR60_2,N	N	-127	-127	-127	-127	-127	-127	-93	-88	-127	-127,"[-127, -127, -127, -127, -127, -127, -93, -88, -127, -127]",-127,-127,-127,-127,-127,-127,-93,-88,-127,-127,91.0,60.0,1265923,-2.633246,-0.995376,-3.646608,1265923,1142786986,224037818,218460,0.999186,-0.00941,-0.022687,-0.032005,1265923,1.986246,-0.082948,-0.066326,0.07739043235778809,114.2786986,22.4037818,218.46,0.0016308999999949947,0.000644700000002274,100.04100000000001,71.56170000025242,167.36592229103488,207.7032270626888,111.35147087117429,1.989083377210719,265.353392,IP11,233.21295186542116,63.95187082682596,-29.28180000028746,-39.16024224793736,-100.04100000000001,111.35147087117429,0.9639735283401907
3168,IP11_MAC,A	E	TR4c_1	TR4c_2	TR6c_1	TR6c_2	TR8c_1	TR8c_2	TRc0_1	TRc0_2	TR60_1	TR60_2,N	N	-93	-95	-127	-127	-127	-127	-127	-127	-89	-92,"[-93, -95, -127, -127, -127, -127, -127, -127, -89, -92]",-93,-95,-127,-127,-127,-127,-127,-127,-89,-92,91.0,60.0,1266323,-2.914014,-0.782152,-3.705172,1266323,1142786981,224037888,218412,0.999125,-0.007641,-0.025191,-0.032488,1266323,1.977372,-0.11149,-0.053018,0.05722951889038086,114.2786981,22.4037888,218.412,0.001630399999996257,0.0006517000000023643,99.99300000000001,72.33870000026243,167.31460295548388,207.9078255594993,111.49726166065633,1.9812220861902383,265.294828,IP11,232.45441321797935,63.74319845043178,-30.05880000029748,-39.10892291238636,-99.99300000000001,111.49726166065633,0.9625158321403978
3169,IP11_MAC,A	E	TR4c_1	TR4c_2	TR6c_1	TR6c_2	TR8c_1	TR8c_2	TRc0_1	TRc0_2	TR60_1	TR60_2,N	N	-93	-95	-127	-127	-127	-127	-93	-87	-89	-92,"[-93, -95, -127, -127, -127, -127, -93, -87, -89, -92]",-93,-95,-127,-127,-127,-127,-93,-87,-89,-92,90.0,59.0,1266923,-3.21518,-0.39512,-3.562952,1266923,1142786974,224037994,218389,0.999115,-0.004317,-0.027931,-0.03117,1266923,1.988918,-0.117625,-0.061683,0.0931386947631836,114.2786974,22.4037994,218.389,0.0016296999999951822,0.0006623000000018919,99.97000000000001,73.51530000021,167.2427549314396,208.25138489618368,111.77452450810668,1.9933477478448158,266.437048,IP11,231.3350549887504,63.430164956697816,-31.23540000024505,-39.03707488834209,-99.97000000000001,111.77452450810668,0.9551146764143257
3170,IP11_MAC,A	E	TR4c_1	TR4c_2	TR6c_1	TR6c_2	TR8c_1	TR8c_2	TRc0_1	TRc0_2	TR60_1	TR60_2,N	N	-127	-127	-127	-127	-127	-127	-94	-91	-127	-127,"[-127, -127, -127, -127, -127, -127, -94, -91, -127, -127]",-127,-127,-127,-127,-127,-127,-94,-91,-127,-127,90.0,59.0,1267723,-2.837431,-0.313855,-3.283603,1267723,1142786964,224038136,218358,0.999278,-0.003446,-0.024668,-0.028708,1267723,1.985879,-0.08383,-0.071768,0.05919623374938965,114.2786964,22.4038136,218.358,0.001628699999997707,0.000676500000000857,99.93900000000001,75.09150000009512,167.14011605037365,208.7159684513781,112.16191476064067,1.9889428140006942,266.71639700000003,IP11,229.8778264159441,63.002252946814146,-32.81160000013017,-38.93443600727613,-99.93900000000001,112.16191476064067,0.9508771099443842
3171,IP11_MAC,A	E	TR4c_1	TR4c_2	TR6c_1	TR6c_2	TR8c_1	TR8c_2	TRc0_1	TRc0_2	TR60_1	TR60_2,N	N	-127	-127	-127	-127	-127	-127	-94	-89	-127	-127,"[-127, -127, -127, -127, -127, -127, -94, -89, -127, -127]",-127,-127,-127,-127,-127,-127,-94,-89,-127,-127,90.0,58.0,1267923,-3.253282,-0.551098,-3.359716,1267923,1142786962,224038172,218342,0.999152,-0.005637,-0.028231,-0.029437,1267923,1.986821,-0.079315,-0.066996,0.057141780853271484,114.2786962,22.4038172,218.342,0.0016284999999953698,0.0006801000000002944,99.92300000000002,75.49110000003267,167.1195873625294,208.83598489828574,112.25810401619044,1.989531859328219,266.640284,IP11,229.52079357916577,62.88812433643038,-33.21120000006772,-38.91390731943187,-99.92300000000002,112.25810401619044,0.9474299739763368
3172,IP11_MAC,A	E	TR4c_1	TR4c_2	TR6c_1	TR6c_2	TR8c_1	TR8c_2	TRc0_1	TRc0_2	TR60_1	TR60_2,N	N	-127	-127	-127	-127	-127	-127	-95	-86	-127	-127,"[-127, -127, -127, -127, -127, -127, -95, -86, -127, -127]",-127,-127,-127,-127,-127,-127,-95,-86,-127,-127,90.0,58.0,1268723,-2.820374,-0.537507,-3.352362,1268723,1142786955,224038317,218282,0.999255,-0.005407,-0.02446,-0.029355,1268723,2.00382,-0.085547,-0.068033,0.0608673095703125,114.2786955,22.4038317,218.282,0.001627799999994295,0.0006946000000027652,99.86300000000001,77.10060000030694,167.0477346805159,209.33720871192335,112.66678803431833,2.0067987867990156,266.64763800000003,IP11,228.12475647161372,62.41898367415056,-34.820700000341986,-38.842054637418386,-99.86300000000001,112.66678803431833,0.9436283335549716
3173,IP11_MAC,A	E	TR4c_1	TR4c_2	TR6c_1	TR6c_2	TR8c_1	TR8c_2	TRc0_1	TRc0_2	TR60_1	TR60_2,N	N	-127	-127	-127	-127	-127	-127	-95	-88	-127	-127,"[-127, -127, -127, -127, -127, -127, -95, -88, -127, -127]",-127,-127,-127,-127,-127,-127,-95,-88,-127,-127,90.0,59.0,1268923,-2.699443,-0.541421,-3.349671,1268923,1142786953,224038354,218255,0.999281,-0.005409,-0.023405,-0.029328,1268923,2.01073,-0.076737,-0.069101,0.11893630027770996,114.2786953,22.4038354,218.255,0.0016275999999919577,0.0006982999999998185,99.836,77.51129999997985,167.0272058775559,209.45958089080176,112.76342186221811,2.013379906592395,266.650329,IP11,227.7755571707689,62.29561170483436,-35.2314000000149,-38.821525834458384,-99.836,112.76342186221811,0.9453135590405561
3174,IP11_MAC,A	E	TR4c_1	TR4c_2	TR6c_1	TR6c_2	TR8c_1	TR8c_2	TRc0_1	TRc0_2	TR60_1	TR60_2,N	N	-92	-96	-127	-127	-127	-127	-91	-88	-93	-93,"[-92, -96, -127, -127, -127, -127, -91, -88, -93, -93]",-92,-96,-127,-127,-127,-127,-91,-88,-93,-93,90.0,59.0,1269123,-2.695359,-0.896032,-3.311622,1269123,1142786952,224038390,218260,0.99927,-0.008493,-0.023281,-0.029068,1269123,2.018603,-0.076087,-0.066375,0.049668073654174805,114.2786952,22.403839,218.26,0.0016274999999978945,0.0007019000000028086,99.841,77.91090000031176,167.01693937423454,209.6019839071074,112.8898015451063,2.0211266520935793,266.688378,IP11,227.4462544078661,62.17914496698016,-35.6310000003468,-38.81125933113702,-99.841,112.8898015451063,0.9442520741769461
3175,IP11_MAC,A	E	TR4c_1	TR4c_2	TR6c_1	TR6c_2	TR8c_1	TR8c_2	TRc0_1	TRc0_2	TR60_1	TR60_2,N	N	-127	-127	-127	-127	-127	-127	-94	-88	-127	-127,"[-127, -127, -127, -127, -127, -127, -94, -88, -127, -127]",-127,-127,-127,-127,-127,-127,-94,-88,-127,-127,91.0,60.0,1269323,-2.250468,-0.92699,-3.322652,1269323,1142786950,224038427,218253,0.99935,-0.008653,-0.019393,-0.029142,1269323,2.024191,-0.083932,-0.062497,0.052926063537597656,114.278695,22.4038427,218.253,0.0016272999999955573,0.0007055999999998619,99.83399999999999,78.32159999998467,166.9964105731708,209.73531349508272,113.0068691272711,2.0268940919826077,265.677348,IP11,227.10386125345647,62.0593011274154,-36.041700000019716,-38.79073053007329,-99.83399999999999,113.0068691272711,0.9482366802128745
3176,IP11_MAC,A	E	TR4c_1	TR4c_2	TR6c_1	TR6c_2	TR8c_1	TR8c_2	TRc0_1	TRc0_2	TR60_1	TR60_2,N	N	-127	-127	-127	-127	-127	-127	-93	-92	-127	-127,"[-127, -127, -127, -127, -127, -127, -93, -92, -127, -127]",-127,-127,-127,-127,-127,-127,-93,-92,-127,-127,91.0,60.0,1269523,-2.23625,-1.044506,-3.206563,1269523,1142786947,224038464,218216,0.999372,-0.009655,-0.019249,-0.028148,1269523,2.017772,-0.08896,-0.05975,0.05681419372558594,114.2786947,22.4038464,218.216,0.001626999999999157,0.0007093000000004679,99.79700000000001,78.73230000005194,166.96561959682026,209.84693087974452,113.09532080937117,2.0206156952978462,265.793437,IP11,226.7573023074806,61.93506179038302,-36.45240000008698,-38.759939553722745,-99.79700000000001,113.09532080937117,0.946913049313235
3177,IP11_MAC,A	E	TR4c_1	TR4c_2	TR6c_1	TR6c_2	TR8c_1	TR8c_2	TRc0_1	TRc0_2	TR60_1	TR60_2,N	N	-90	-95	-127	-127	-127	-127	-127	-127	-127	-127,"[-90, -95, -127, -127, -127, -127, -127, -127, -127, -127]",-90,-95,-127,-127,-127,-127,-127,-127,-127,-127,91.0,60.0,1269723,-2.227378,-0.739156,-3.191762,1269723,1142786945,224038500,218217,0.999399,-0.006987,-0.019247,-0.027967,1269723,2.01591,-0.092223,-0.058306,0.09349250793457031,114.2786945,22.40385,218.217,0.0016267999999968197,0.0007128999999999053,99.79800000000002,79.13189999998949,166.94509091833257,209.9813367500518,113.21860563954182,2.0188605200619976,265.808238,IP11,226.43029759303496,61.81933831756002,-36.85200000002453,-38.73941087523505,-99.79800000000002,113.21860563954182,0.9458899346834899
3178,IP11_MAC,A	E	TR4c_1	TR4c_2	TR6c_1	TR6c_2	TR8c_1	TR8c_2	TRc0_1	TRc0_2	TR60_1	TR60_2,N	N	-91	-94	-127	-127	-127	-127	-92	-93	-127	-127,"[-91, -94, -127, -127, -127, -127, -92, -93, -127, -127]",-91,-94,-127,-127,-127,-127,-92,-93,-127,-127,92.0,60.0,1269923,-2.146761,-0.604227,-3.206717,1269923,1142786942,224038536,218230,0.999416,-0.005794,-0.018576,-0.028072,1269923,2.016933,-0.083159,-0.058604,0.04515194892883301,114.2786942,22.4038536,218.23,0.0016265000000004193,0.0007165000000028954,99.81099999999999,79.53150000032139,166.9143000650602,210.11396616957683,113.35023020528563,2.0194971093284586,264.793283,IP11,226.09887598922617,61.709265962754664,-37.25160000035643,-38.70862002196267,-99.81099999999999,113.35023020528563,0.9475374675402424
3179,IP11_MAC,A	E	TR4c_1	TR4c_2	TR6c_1	TR6c_2	TR8c_1	TR8c_2	TRc0_1	TRc0_2	TR60_1	TR60_2,N	N	-127	-127	-92	-93	-127	-127	-92	-89	-127	-127,"[-127, -127, -92, -93, -127, -127, -92, -89, -127, -127]",-127,-127,-92,-93,-127,-127,-92,-89,-127,-127,92.0,60.0,1270123,-2.252059,-0.903254,-3.184323,1270123,1142786941,224038573,218201,0.999386,-0.008423,-0.019423,-0.027931,1270123,2.015542,-0.079017,-0.058837,0.0959625244140625,114.2786941,22.4038573,218.201,0.0016263999999921452,0.0007201999999999487,99.782,79.9421999999943,166.9040334444558,210.24785193877034,113.45685929580735,2.017948223474032,264.815677,IP11,225.77733547880177,61.578597602933854,-37.66230000002935,-38.698353401358276,-99.782,113.45685929580735,0.9464862167157888
3180,IP11_MAC,A	E	TR4c_1	TR4c_2	TR6c_1	TR6c_2	TR8c_1	TR8c_2	TRc0_1	TRc0_2	TR60_1	TR60_2,N	N	-127	-127	-127	-127	-127	-127	-93	-89	-127	-127,"[-127, -127, -127, -127, -127, -127, -93, -89, -127, -127]",-127,-127,-127,-127,-127,-127,-93,-89,-127,-127,208.0,60.0,1270323,-2.173881,-0.756751,-3.134595,1270323,1142786939,224038609,218181,0.999421,-0.007118,-0.01878,-0.027469,1270323,2.012302,-0.081225,-0.059977,0.09618973731994629,114.2786939,22.4038609,218.181,0.001626199999989808,0.0007238000000029388,99.76200000000001,80.3418000003262,166.88350476917063,210.37434642877494,113.5655713725702,2.014833511821262,148.865405,IP11,225.45985478388073,61.456291319033056,-38.06190000036125,-38.67782472607311,-99.76200000000001,113.5655713725702,0.81615293728511
3181,IP11_MAC,A	E	TR4c_1	TR4c_2	TR6c_1	TR6c_2	TR8c_1	TR8c_2	TRc0_1	TRc0_2	TR60_1	TR60_2,N	N	-91	-94	-94	-92	-127	-127	-127	-127	-127	-127,"[-91, -94, -94, -92, -127, -127, -127, -127, -127, -127]",-91,-94,-94,-92,-127,-127,-127,-127,-127,-127,209.0,60.0,1270523,-2.045634,-1.061759,-3.140547,1270523,1142786937,224038644,218165,0.999418,-0.009749,-0.017588,-0.027561,1270523,2.004996,-0.080799,-0.064271,0.05008101463317871,114.2786937,22.4038644,218.165,0.0016260000000016817,0.0007273000000012075,99.746,80.73030000013404,166.86297621646608,210.4991655231169,113.67534615565742,2.007652410119341,147.859453,IP11,225.1537362631925,61.33791905176455,-38.45040000016908,-38.657296173368564,-99.746,113.67534615565742,0.8126531092295555
3182,IP11_MAC,A	E	TR4c_1	TR4c_2	TR6c_1	TR6c_2	TR8c_1	TR8c_2	TRc0_1	TRc0_2	TR60_1	TR60_2,N	N	-91	-94	-94	-92	-127	-127	-94	-95	-127	-127,"[-91, -94, -94, -92, -127, -127, -94, -95, -127, -127]",-91,-94,-94,-92,-127,-127,-94,-95,-127,-127,92.0,59.0,1270723,-2.209049,-1.005268,-3.196653,1270723,1142786936,224038680,218160,0.999382,-0.009304,-0.019022,-0.028053,1270723,1.996082,-0.083671,-0.067414,0.1028902530670166,114.2786936,22.403868,218.16,0.0016258999999934076,0.0007309000000006449,99.741,81.12990000007159,166.85270971807537,210.64224290318867,113.80326218394138,1.998971944365653,264.80334700000003,IP11,224.84993855307104,61.2150955301736,-38.85000000010663,-38.64702967497786,-99.741,113.80326218394138,0.9413607574778804
3183,IP11_MAC,A	E	TR4c_1	TR4c_2	TR6c_1	TR6c_2	TR8c_1	TR8c_2	TRc0_1	TRc0_2	TR60_1	TR60_2,N	N	-127	-127	-127	-127	-127	-127	-95	-93	-127	-127,"[-127, -127, -127, -127, -127, -127, -95, -93, -127, -127]",-127,-127,-127,-127,-127,-127,-95,-93,-127,-127,209.0,60.0,1270923,-2.554763,-0.908186,-3.257634,1270723,1142786936,224038680,218160,0.999311,-0.008553,-0.022056,-0.028591,1270723,1.996082,-0.083671,-0.067414,0.08596658706665039,114.2786936,22.403868,218.16,0.0016258999999934076,0.0007309000000006449,99.741,81.12990000007159,166.85270971807537,210.64224290318867,113.80326218394138,1.998971944365653,147.742366,IP11,224.84993855307104,61.2150955301736,-38.85000000010663,-38.64702967497786,-99.741,113.80326218394138,0.812732731665061
3184,IP11_MAC,A	E	TR4c_1	TR4c_2	TR6c_1	TR6c_2	TR8c_1	TR8c_2	TRc0_1	TRc0_2	TR60_1	TR60_2,N	N	-92	-93	-127	-127	-127	-127	-127	-127	-127	-127,"[-92, -93, -127, -127, -127, -127, -127, -127, -127, -127]",-92,-93,-127,-127,-127,-127,-127,-127,-127,-127,209.0,60.0,1270923,-2.554763,-0.908186,-3.257634,1270923,1142786933,224038715,218150,0.999311,-0.008553,-0.022056,-0.028591,1270923,1.992918,-0.083865,-0.068851,0.04519176483154297,114.2786933,22.4038715,218.15,0.0016255999999970072,0.0007344000000024664,99.73100000000001,81.51840000027377,166.82191899120946,210.7630768315795,113.91727767890134,1.9958697234914908,147.742366,IP11,224.5420680440361,61.100483290908016,-39.23850000030882,-38.61623894811194,-99.73100000000001,113.91727767890134,0.813357407430586
3185,IP11_MAC,A	E	TR4c_1	TR4c_2	TR6c_1	TR6c_2	TR8c_1	TR8c_2	TRc0_1	TRc0_2	TR60_1	TR60_2,N	N	-92	-93	-127	-127	-127	-127	-93	-94	-127	-127,"[-92, -93, -127, -127, -127, -127, -93, -94, -127, -127]",-92,-93,-127,-127,-127,-127,-93,-94,-127,-127,209.0,60.0,1271123,-2.550735,-1.132533,-3.246648,1271123,1142786931,224038751,218121,0.999296,-0.010506,-0.021966,-0.028538,1271123,1.994066,-0.086619,-0.067021,0.0832829475402832,114.2786931,22.4038751,218.121,0.00162539999999467,0.0007380000000019038,99.70200000000001,81.91800000021132,166.8013903201452,210.88800663093207,114.02322845551839,1.997071325205487,147.753352,IP11,224.23663442165218,60.97413738220986,-39.63810000024637,-38.59571027704769,-99.70200000000001,114.02322845551839,0.813956471385392
3186,IP11_MAC,A	E	TR4c_1	TR4c_2	TR6c_1	TR6c_2	TR8c_1	TR8c_2	TRc0_1	TRc0_2	TR60_1	TR60_2,N	N	-91	-95	-127	-127	-90	-95	-127	-127	-127	-127,"[-91, -95, -127, -127, -90, -95, -127, -127, -127, -127]",-91,-95,-127,-127,-90,-95,-127,-127,-127,-127,210.0,60.0,1271323,-2.624629,-0.88252,-3.365174,1271323,1142786929,224038787,218117,0.999272,-0.008368,-0.022664,-0.029528,1271323,1.991322,-0.098049,-0.064877,0.09521055221557617,114.2786929,22.4038787,218.117,0.0016251999999923328,0.0007416000000013412,99.698,82.31760000014887,166.78086165014358,211.02543516493182,114.15232481785604,1.9947896979917457,146.634826,IP11,223.9341891036538,60.85345676601281,-40.03770000018392,-38.57518160704606,-99.698,114.15232481785604,0.8099066948858484
3187,IP11_MAC,A	E	TR4c_1	TR4c_2	TR6c_1	TR6c_2	TR8c_1	TR8c_2	TRc0_1	TRc0_2	TR60_1	TR60_2,N	N	-91	-95	-127	-127	-92	-95	-93	-92	-127	-127,"[-91, -95, -127, -127, -92, -95, -93, -92, -127, -127]",-91,-95,-127,-127,-92,-95,-93,-92,-127,-127,120.0,30.0,1271523,-2.461118,-0.80962,-3.377273,1271323,1142786929,224038787,218117,0.999306,-0.007693,-0.021256,-0.02961,1271323,1.991322,-0.098049,-0.064877,0.05148577690124512,114.2786929,22.4038787,218.117,0.0016251999999923328,0.0007416000000013412,99.698,82.31760000014887,166.78086165014358,211.02543516493182,114.15232481785604,1.9947896979917457,236.622727,IP11,223.9341891036538,60.85345676601281,-40.03770000018392,-38.57518160704606,-99.698,114.15232481785604,0.8481809645965475
3188,IP11_MAC,A	E	TR4c_1	TR4c_2	TR6c_1	TR6c_2	TR8c_1	TR8c_2	TRc0_1	TRc0_2	TR60_1	TR60_2,N	N	-89	-93	-91	-91	-88	-95	-93	-87	-127	-127,"[-89, -93, -91, -91, -88, -95, -93, -87, -127, -127]",-89,-93,-91,-91,-88,-95,-93,-87,-127,-127,120.0,30.0,1271923,-2.134744,-0.968728,-3.408032,1271923,1142786922,224038893,218056,0.999344,-0.009002,-0.018367,-0.029885,1271923,1.988963,-0.111325,-0.061516,0.10339164733886719,114.2786922,22.4038893,218.056,0.001624499999991258,0.0007522000000008688,99.63700000000001,83.49420000009644,166.70901371321582,211.40177022884478,114.49304344462728,1.9930256619647426,236.591968,IP11,223.05228673005794,60.48712399826383,-41.21430000013149,-38.50333367011831,-99.63700000000001,114.49304344462728,0.8498865592046259
3189,IP11_MAC,A	E	TR4c_1	TR4c_2	TR6c_1	TR6c_2	TR8c_1	TR8c_2	TRc0_1	TRc0_2	TR60_1	TR60_2,N	N	-89	-95	-89	-91	-88	-93	-91	-88	-127	-127,"[-89, -95, -89, -91, -88, -93, -91, -88, -127, -127]",-89,-95,-89,-91,-88,-93,-91,-88,-127,-127,118.0,30.0,1272123,-2.581267,-0.823124,-3.377206,1272123,1142786921,224038928,218052,0.999282,-0.007841,-0.0223,-0.029619,1272123,1.988255,-0.115082,-0.060202,0.09596896171569824,114.2786921,22.4038928,218.052,0.0016243999999971948,0.0007557000000026903,99.633,83.88270000029863,166.69874734204635,211.54553744701755,114.62654093598553,1.9924924322448505,238.622794,IP11,222.77660046826452,60.365413396368794,-41.60280000033367,-38.49306729894883,-99.633,114.62654093598553,0.8465458059248028
3190,IP11_MAC,A	E	TR4c_1	TR4c_2	TR6c_1	TR6c_2	TR8c_1	TR8c_2	TRc0_1	TRc0_2	TR60_1	TR60_2,N	N	-89	-92	-91	-92	-88	-96	-90	-89	-127	-127,"[-89, -92, -91, -92, -88, -96, -90, -89, -127, -127]",-89,-92,-91,-92,-88,-96,-90,-89,-127,-127,119.0,30.0,1272323,-2.386095,-0.389048,-3.32199,1272123,1142786921,224038928,218052,0.999355,-0.003996,-0.020712,-0.029048,1272123,1.988255,-0.115082,-0.060202,0.05887794494628906,114.2786921,22.4038928,218.052,0.0016243999999971948,0.0007557000000026903,99.633,83.88270000029863,166.69874734204635,211.54553744701755,114.62654093598553,1.9924924322448505,237.67801,IP11,222.77660046826452,60.365413396368794,-41.60280000033367,-38.49306729894883,-99.633,114.62654093598553,0.8484178123462333
3191,IP11_MAC,A	E	TR4c_1	TR4c_2	TR6c_1	TR6c_2	TR8c_1	TR8c_2	TRc0_1	TRc0_2	TR60_1	TR60_2,N	N	-90	-93	-91	-94	-91	-93	-93	-90	-127	-127,"[-90, -93, -91, -94, -91, -93, -93, -90, -127, -127]",-90,-93,-91,-94,-91,-93,-93,-90,-127,-127,91.0,59.0,1272323,-2.386095,-0.389048,-3.32199,1272323,1142786918,224038964,218039,0.999355,-0.003996,-0.020712,-0.029048,1272323,1.993549,-0.110891,-0.059668,0.04436039924621582,114.2786918,22.4038964,218.039,0.0016241000000007944,0.0007593000000021277,99.61999999999999,84.28230000023618,166.66795650462646,211.67394317383014,114.75056739025679,1.997522139928867,265.67801,IP11,222.48083970984078,60.2436547644786,-42.00240000027122,-38.462276461528944,-99.61999999999999,114.75056739025679,0.9304920631867705
3192,IP11_MAC,A	E	TR4c_1	TR4c_2	TR6c_1	TR6c_2	TR8c_1	TR8c_2	TRc0_1	TRc0_2	TR60_1	TR60_2,N	N	-92	-94	-90	-93	-127	-127	-92	-88	-127	-127,"[-92, -94, -90, -93, -127, -127, -92, -88, -127, -127]",-92,-94,-90,-93,-127,-127,-92,-88,-127,-127,92.0,60.0,1272523,-2.346254,-0.972143,-3.332571,1272523,1142786915,224039000,218023,0.999327,-0.009073,-0.020216,-0.029242,1272523,1.991515,-0.102355,-0.063307,0.08021068572998047,114.2786915,22.4039,218.023,0.001623799999990183,0.0007629000000015651,99.604,84.68190000017373,166.63716566734246,211.801619411384,114.87325845167034,1.9951481943702827,264.66742899999997,IP11,222.1879102125182,60.120764160149996,-42.40200000020877,-38.43148562424494,-99.604,114.87325845167034,0.9346171816276487
3193,IP11_MAC,A	E	TR4c_1	TR4c_2	TR6c_1	TR6c_2	TR8c_1	TR8c_2	TRc0_1	TRc0_2	TR60_1	TR60_2,N	N	-90	-94	-127	-127	-127	-127	-96	-90	-127	-127,"[-90, -94, -127, -127, -127, -127, -96, -90, -127, -127]",-90,-94,-127,-127,-127,-127,-96,-90,-127,-127,91.0,60.0,1272523,-2.346254,-0.972143,-3.332571,1272523,1142786915,224039000,218023,0.999327,-0.009073,-0.020216,-0.029242,1272523,1.991515,-0.102355,-0.063307,0.04346275329589844,114.2786915,22.4039,218.023,0.001623799999990183,0.0007629000000015651,99.604,84.68190000017373,166.63716566734246,211.801619411384,114.87325845167034,1.9951481943702827,265.66742899999997,IP11,222.1879102125182,60.120764160149996,-42.40200000020877,-38.43148562424494,-99.604,114.87325845167034,0.9316534470421549
3194,IP11_MAC,A	E	TR4c_1	TR4c_2	TR6c_1	TR6c_2	TR8c_1	TR8c_2	TRc0_1	TRc0_2	TR60_1	TR60_2,N	N	-89	-95	-127	-127	-89	-94	-95	-88	-127	-127,"[-89, -95, -127, -127, -89, -94, -95, -88, -127, -127]",-89,-95,-127,-127,-89,-94,-95,-88,-127,-127,119.0,30.0,1272723,-2.416128,-1.126388,-3.340568,1272723,1142786913,224039035,218036,0.999299,-0.010437,-0.020785,-0.029345,1272723,1.989566,-0.120727,-0.055459,0.10191893577575684,114.2786913,22.4039035,218.036,0.0016236000000020567,0.0007663999999998339,99.617,85.07039999998156,166.6166371266074,211.94721845906926,115.02162928476827,1.9939968850442067,237.65943199999998,IP11,221.91278398170877,60.005327490876915,-42.79050000001661,-38.410957083509885,-99.617,115.02162928476827,0.849731042195133
3195,IP11_MAC,A	E	TR4c_1	TR4c_2	TR6c_1	TR6c_2	TR8c_1	TR8c_2	TRc0_1	TRc0_2	TR60_1	TR60_2,N	N	-89	-94	-127	-127	-90	-94	-92	-90	-127	-127,"[-89, -94, -127, -127, -90, -94, -92, -90, -127, -127]",-89,-94,-127,-127,-90,-94,-92,-90,-127,-127,92.0,60.0,1272923,-2.494793,-0.835268,-3.495712,1272923,1142786909,224039072,218013,0.999267,-0.007947,-0.021535,-0.030649,1272923,1.985097,-0.139536,-0.061223,0.04867267608642578,114.2786909,22.4039072,218.013,0.0016231999999973823,0.0007701000000004399,99.59400000000001,85.48110000004883,166.57558400047384,212.06934827625906,115.14146971072383,1.9909366264233526,264.504288,IP11,221.61044345154838,59.87936207012659,-43.20120000008387,-38.36990395737632,-99.59400000000001,115.14146971072383,0.9329081587809156
3196,IP11_MAC,A	E	TR4c_1	TR4c_2	TR6c_1	TR6c_2	TR8c_1	TR8c_2	TRc0_1	TRc0_2	TR60_1	TR60_2,N	N	-90	-92	-94	-93	-87	-95	-93	-89	-127	-127,"[-90, -92, -94, -93, -87, -95, -93, -89, -127, -127]",-90,-92,-94,-93,-87,-95,-93,-89,-127,-127,92.0,59.0,1273123,-2.814221,-0.574018,-3.474954,1272923,1142786909,224039072,218013,0.999223,-0.005749,-0.024391,-0.030431,1272923,1.985097,-0.139536,-0.061223,0.10152220726013184,114.2786909,22.4039072,218.013,0.0016231999999973823,0.0007701000000004399,99.59400000000001,85.48110000004883,166.57558400047384,212.06934827625906,115.14146971072383,1.9909366264233526,264.525046,IP11,221.61044345154838,59.87936207012659,-43.20120000008387,-38.36990395737632,-99.59400000000001,115.14146971072383,0.9307110567900148
3197,IP11_MAC,A	E	TR4c_1	TR4c_2	TR6c_1	TR6c_2	TR8c_1	TR8c_2	TRc0_1	TRc0_2	TR60_1	TR60_2,N	N	-88	-92	-93	-94	-87	-94	-91	-90	-127	-127,"[-88, -92, -93, -94, -87, -94, -91, -90, -127, -127]",-88,-92,-93,-94,-87,-94,-91,-90,-127,-127,119.0,31.0,1273323,-2.387578,0.095331,-3.545013,1273323,1142786903,224039145,217997,0.999305,0.000187,-0.020848,-0.030905,1273323,1.997576,-0.150816,-0.06797,0.09293413162231445,114.2786903,22.4039145,217.997,0.0016225999999903706,0.0007774000000004833,99.57800000000002,86.29140000005364,166.51400221871492,212.34146258529788,115.41368100952639,2.0044139449055924,237.45498700000002,IP11,221.03683898038722,59.63152819663214,-44.01150000008869,-38.308322175617405,-99.57800000000002,115.41368100952639,0.8600494208659545
3198,IP11_MAC,A	E	TR4c_1	TR4c_2	TR6c_1	TR6c_2	TR8c_1	TR8c_2	TRc0_1	TRc0_2	TR60_1	TR60_2,N	N	-88	-92	-91	-91	-88	-94	-92	-90	-93	-93,"[-88, -92, -91, -91, -88, -94, -92, -90, -93, -93]",-88,-92,-91,-91,-88,-94,-92,-90,-93,-93,119.0,31.0,1273323,-2.387578,0.095331,-3.545013,1273323,1142786903,224039145,217997,0.999305,0.000187,-0.020848,-0.030905,1273323,1.997576,-0.150816,-0.06797,0.0438535213470459,114.2786903,22.4039145,217.997,0.0016225999999903706,0.0007774000000004833,99.57800000000002,86.29140000005364,166.51400221871492,212.34146258529788,115.41368100952639,2.0044139449055924,237.45498700000002,IP11,221.03683898038722,59.63152819663214,-44.01150000008869,-38.308322175617405,-99.57800000000002,115.41368100952639,0.8600494208659545
3199,IP11_MAC,A	E	TR4c_1	TR4c_2	TR6c_1	TR6c_2	TR8c_1	TR8c_2	TRc0_1	TRc0_2	TR60_1	TR60_2,N	N	-88	-94	-90	-93	-88	-93	-91	-89	-91	-91,"[-88, -94, -90, -93, -88, -93, -91, -89, -91, -91]",-88,-94,-90,-93,-88,-93,-91,-89,-91,-91,120.0,31.0,1273523,-2.144092,-0.071509,-3.471712,1273323,1142786903,224039145,217997,0.999366,-0.00119,-0.018681,-0.030296,1273323,1.997576,-0.150816,-0.06797,0.07092404365539551,114.2786903,22.4039145,217.997,0.0016225999999903706,0.0007774000000004833,99.57800000000002,86.29140000005364,166.51400221871492,212.34146258529788,115.41368100952639,2.0044139449055924,236.528288,IP11,221.03683898038722,59.63152819663214,-44.01150000008869,-38.308322175617405,-99.57800000000002,115.41368100952639,0.8619760151232505
3200,IP11_MAC,A	E	TR4c_1	TR4c_2	TR6c_1	TR6c_2	TR8c_1	TR8c_2	TRc0_1	TRc0_2	TR60_1	TR60_2,N	N	-90	-93	-91	-90	-90	-94	-91	-89	-127	-127,"[-90, -93, -91, -90, -90, -94, -91, -89, -127, -127]",-90,-93,-91,-90,-90,-94,-91,-89,-127,-127,120.0,30.0,1273723,-2.037156,-0.220686,-3.375897,1273523,1142786899,224039180,218008,0.999405,-0.002448,-0.017711,-0.029483,1273523,1.998856,-0.140168,-0.070839,0.08939886093139648,114.2786899,22.403918,218.008,0.001622199999999907,0.0007809000000023048,99.58900000000001,86.67990000025583,166.47294933957716,212.4726261118636,115.55826591133638,2.0050163442927342,236.624103,IP11,220.75724345121665,59.520157988109666,-44.40000000029087,-38.26726929647964,-99.58900000000001,115.55826591133638,0.8534457112785702
3201,IP11_MAC,A	E	TR4c_1	TR4c_2	TR6c_1	TR6c_2	TR8c_1	TR8c_2	TRc0_1	TRc0_2	TR60_1	TR60_2,N	N	-89	-94	-90	-93	-89	-96	-127	-127	-91	-92,"[-89, -94, -90, -93, -89, -96, -127, -127, -91, -92]",-89,-94,-90,-93,-89,-96,-127,-127,-91,-92,119.0,31.0,1273723,-2.037156,-0.220686,-3.375897,1273723,1142786897,224039218,217952,0.999405,-0.002448,-0.017711,-0.029483,1273723,1.993609,-0.136534,-0.070469,0.09029436111450195,114.2786897,22.4039218,217.952,0.0016219999999975698,0.0007847000000005266,99.533,87.10170000005846,166.4524204448798,212.6027575170633,115.66600622313243,1.9995210071409601,237.624103,IP11,220.47434715323774,59.375104573727576,-44.8218000000935,-38.24674040178229,-99.533,115.66600622313243,0.8604403313525317
3202,IP11_MAC,A	E	TR4c_1	TR4c_2	TR6c_1	TR6c_2	TR8c_1	TR8c_2	TRc0_1	TRc0_2	TR60_1	TR60_2,N	N	-89	-94	-90	-93	-89	-96	-93	-90	-91	-92,"[-89, -94, -90, -93, -89, -96, -93, -90, -91, -92]",-89,-94,-90,-93,-89,-96,-93,-90,-91,-92,119.0,31.0,1273923,-2.469142,0.018333,-3.311894,1273923,1142786895,224039253,217939,0.99935,-0.000463,-0.02154,-0.028885,1273923,1.994421,-0.131595,-0.069506,0.08377647399902344,114.2786895,22.4039253,217.939,0.0016217999999952326,0.0007882000000023481,99.52,87.49020000026064,166.43189191055362,212.74007648069465,115.79915759560765,1.999965863034167,237.688106,IP11,220.2151870871208,59.251414359647605,-45.21030000029569,-38.2262118674561,-99.52,115.79915759560765,0.8606579555674124
3203,IP11_MAC,A	E	TR4c_1	TR4c_2	TR6c_1	TR6c_2	TR8c_1	TR8c_2	TRc0_1	TRc0_2	TR60_1	TR60_2,N	N	-89	-93	-91	-93	-90	-93	-92	-90	-127	-127,"[-89, -93, -91, -93, -90, -93, -92, -90, -127, -127]",-89,-93,-91,-93,-90,-93,-92,-90,-127,-127,119.0,31.0,1273923,-2.469142,0.018333,-3.311894,1273923,1142786895,224039253,217939,0.99935,-0.000463,-0.02154,-0.028885,1273923,1.994421,-0.131595,-0.069506,0.04270529747009277,114.2786895,22.4039253,217.939,0.0016217999999952326,0.0007882000000023481,99.52,87.49020000026064,166.43189191055362,212.74007648069465,115.79915759560765,1.999965863034167,237.688106,IP11,220.2151870871208,59.251414359647605,-45.21030000029569,-38.2262118674561,-99.52,115.79915759560765,0.8606579555674124
3204,IP11_MAC,A	E	TR4c_1	TR4c_2	TR6c_1	TR6c_2	TR8c_1	TR8c_2	TRc0_1	TRc0_2	TR60_1	TR60_2,N	N	-127	-127	-91	-94	-90	-94	-94	-91	-127	-127,"[-127, -127, -91, -94, -90, -94, -94, -91, -127, -127]",-127,-127,-91,-94,-90,-94,-94,-91,-127,-127,119.0,31.0,1274323,-2.181802,-0.352321,-3.095688,1274123,1142786891,224039289,217912,0.999448,-0.003587,-0.018947,-0.027063,1274123,1.999115,-0.122333,-0.066569,0.06197690963745117,114.2786891,22.4039289,217.912,0.0016213999999905582,0.0007918000000017855,99.49300000000001,87.88980000019819,166.3908389154925,212.86001331409386,115.91905100172846,2.003960473131893,237.904312,IP11,219.93647643606425,59.12592985122188,-45.60990000023324,-38.18515887239499,-99.49300000000001,115.91905100172846,0.8604616760276576
3205,IP11_MAC,A	E	TR4c_1	TR4c_2	TR6c_1	TR6c_2	TR8c_1	TR8c_2	TRc0_1	TRc0_2	TR60_1	TR60_2,N	N	-92	-92	-92	-93	-127	-127	-93	-91	-127	-127,"[-92, -92, -92, -93, -127, -127, -93, -91, -127, -127]",-92,-92,-92,-93,-127,-127,-93,-91,-127,-127,119.0,31.0,1274323,-2.181802,-0.352321,-3.095688,1274323,1142786890,224039324,217910,0.999448,-0.003587,-0.018947,-0.027063,1274323,1.987046,-0.117213,-0.070996,0.05850982666015625,114.278689,22.4039324,217.91,0.001621299999996495,0.0007953000000000543,99.491,88.27830000000603,166.38057255525138,213.01176553351306,116.06736966899129,1.9917658309904305,237.904312,IP11,219.689885576285,59.00176939873534,-45.99840000004107,-38.17489251215386,-99.491,116.06736966899129,0.8608134710441472
3206,IP11_MAC,A	E	TR4c_1	TR4c_2	TR6c_1	TR6c_2	TR8c_1	TR8c_2	TRc0_1	TRc0_2	TR60_1	TR60_2,N	N	-90	-94	-90	-94	-89	-92	-127	-127	-127	-127,"[-90, -94, -90, -94, -89, -92, -127, -127, -127, -127]",-90,-94,-90,-94,-89,-92,-127,-127,-127,-127,119.0,30.0,1274523,-2.445602,0.123818,-3.095605,1274523,1142786887,224039360,217897,0.999408,0.000503,-0.02136,-0.02698,1274523,1.983749,-0.114618,-0.073895,0.09517073631286621,114.2786887,22.403936,217.897,0.0016210000000000946,0.0007989000000030444,99.478,88.67790000033793,166.3497817348364,213.14758341510148,116.20507468223721,1.9884310025620704,237.904395,IP11,219.42384917688744,58.876544601117736,-46.398000000372974,-38.14410169173888,-99.478,116.20507468223721,0.8525783836802965
3207,IP11_MAC,A	E	TR4c_1	TR4c_2	TR6c_1	TR6c_2	TR8c_1	TR8c_2	TRc0_1	TRc0_2	TR60_1	TR60_2,N	N	-90	-92	-91	-93	-89	-94	-92	-89	-127	-127,"[-90, -92, -91, -93, -89, -94, -92, -89, -127, -127]",-90,-92,-91,-93,-89,-94,-92,-89,-127,-127,120.0,30.0,1274723,-2.733392,-0.100919,-3.094376,1274723,1142786885,224039396,217891,0.99935,-0.001524,-0.023817,-0.027012,1274723,1.982579,-0.099443,-0.072915,0.0911262035369873,114.2786885,22.4039396,217.891,0.0016207999999977574,0.0008025000000024818,99.472,89.07750000027548,166.32925308551293,213.2953356786868,116.353345337852,1.9864100781850158,236.905624,IP11,219.16791469766906,58.75013657207566,-46.797600000310524,-38.123573042415416,-99.472,116.353345337852,0.855367886250958
3208,IP11_MAC,A	E	TR4c_1	TR4c_2	TR6c_1	TR6c_2	TR8c_1	TR8c_2	TRc0_1	TRc0_2	TR60_1	TR60_2,N	N	-127	-127	-88	-94	-92	-94	-94	-88	-127	-127,"[-127, -127, -88, -94, -92, -94, -94, -88, -127, -127]",-127,-127,-88,-94,-92,-94,-94,-88,-127,-127,120.0,30.0,1275123,-2.388941,-0.312131,-3.09981,1275123,1142786881,224039467,217877,0.999412,-0.003286,-0.020763,-0.027096,1275123,1.982019,-0.079666,-0.070378,0.0938119888305664,114.2786881,22.4039467,217.877,0.001620399999993083,0.000809600000000188,99.45800000000001,89.86560000002086,166.2881959097004,213.58718109068872,116.64720580976376,1.984867514672201,236.90019,IP11,218.67005290109546,58.49991282391768,-47.58570000005591,-38.082515866602876,-99.45800000000001,116.64720580976376,0.8561058859638386
3209,IP11_MAC,A	E	TR4c_1	TR4c_2	TR6c_1	TR6c_2	TR8c_1	TR8c_2	TRc0_1	TRc0_2	TR60_1	TR60_2,N	N	-127	-127	-91	-92	-127	-127	-93	-90	-127	-127,"[-127, -127, -91, -92, -127, -127, -93, -90, -127, -127]",-127,-127,-91,-92,-127,-127,-93,-90,-127,-127,92.0,60.0,1276123,-2.706896,-0.214713,-3.243682,1276123,1142786871,224039646,217735,0.999318,-0.002541,-0.023556,-0.028337,1276123,1.937592,-0.103159,-0.07973,0.04828476905822754,114.2786871,22.4039646,217.735,0.0016193999999956077,0.000827499999999759,99.31600000000002,91.85249999997325,166.18555281060557,214.28529481794047,117.31829039922516,1.9419735864951921,264.75631799999996,IP11,217.45740347671978,57.838572472726156,-49.57260000000829,-37.979872767508056,-99.31600000000002,117.31829039922516,0.9136333916374499
3212,IP11_MAC,A	E	TR4c_1	TR4c_2	TR6c_1	TR6c_2	TR8c_1	TR8c_2	TRc0_1	TRc0_2	TR60_1	TR60_2,N	N	-88	-93	-127	-127	-89	-92	-89	-90	-127	-127,"[-88, -93, -127, -127, -89, -92, -89, -90, -127, -127]",-88,-93,-127,-127,-89,-92,-89,-90,-127,-127,92.0,60.0,1279123,-2.954309,-0.172118,-3.391044,1279123,1142786836,224040177,217532,0.999228,-0.002263,-0.025721,-0.029615,1279123,1.996206,-0.091091,-0.077102,0.10482192039489746,114.2786836,22.4040177,217.532,0.0016158999999902335,0.0008806000000021186,99.11300000000001,97.74660000023516,165.8263135649095,216.50900870664404,119.64636912377433,1.9997701575733646,264.60895600000003,IP11,214.1473261429609,55.93297399903852,-55.46670000027021,-37.62063352181198,-99.11300000000001,119.64636912377433,0.8956988161560471
3215,IP11_MAC,A	E	TR4c_1	TR4c_2	TR6c_1	TR6c_2	TR8c_1	TR8c_2	TRc0_1	TRc0_2	TR60_1	TR60_2,N	N	-89	-94	-90	-90	-90	-94	-91	-91	-127	-127,"[-89, -94, -90, -90, -90, -94, -91, -91, -127, -127]",-89,-94,-90,-90,-90,-94,-91,-91,-127,-127,93.0,59.0,1281523,-2.32499,-0.145295,-3.649099,1281323,1142786811,224040579,217417,0.999286,-0.001913,-0.020236,-0.031856,1281323,2.003934,-0.112902,-0.080718,0.04545474052429199,114.2786811,22.4040579,217.417,0.0016133999999965454,0.0009208000000029415,98.998,102.2088000003265,165.5697115667271,218.313014247424,121.60652906382995,2.008734361105022,263.350901,IP11,211.94241194077296,54.49694743046889,-59.92890000036155,-37.36403152362959,-98.998,121.60652906382995,0.8843784695586897
3216,IP11_MAC,A	E	TR4c_1	TR4c_2	TR6c_1	TR6c_2	TR8c_1	TR8c_2	TRc0_1	TRc0_2	TR60_1	TR60_2,N	N	-86	-94	-91	-94	-86	-90	-127	-127	-91	-93,"[-86, -94, -91, -94, -86, -90, -127, -127, -91, -93]",-86,-94,-91,-94,-86,-90,-127,-127,-91,-93,210.0,60.0,1281723,-2.481183,-0.385968,-3.553185,1281723,1142786808,224040651,217366,0.999277,-0.004037,-0.021534,-0.031066,1281723,1.990653,-0.110803,-0.083535,0.11161279678344727,114.2786808,22.4040651,217.366,0.001613100000000145,0.0009280000000018163,98.94700000000002,103.0080000002016,165.5389165071947,218.641921303801,121.95155383808334,1.9954835923762941,146.446815,IP11,211.5815576572652,54.229331976350025,-60.72810000023665,-37.33323646409718,-98.94700000000002,121.95155383808334,0.8255569865823748
3217,IP11_MAC,A	E	TR4c_1	TR4c_2	TR6c_1	TR6c_2	TR8c_1	TR8c_2	TRc0_1	TRc0_2	TR60_1	TR60_2,N	N	-86	-94	-91	-94	-86	-90	-89	-92	-91	-93,"[-86, -94, -91, -94, -86, -90, -89, -92, -91, -93]",-86,-94,-91,-94,-86,-90,-89,-92,-91,-93,209.0,60.0,1281923,-2.764015,-0.429015,-3.456348,1281723,1142786808,224040651,217366,0.999245,-0.004468,-0.023992,-0.030237,1281723,1.990653,-0.110803,-0.083535,0.0922389030456543,114.2786808,22.4040651,217.366,0.001613100000000145,0.0009280000000018163,98.94700000000002,103.0080000002016,165.5389165071947,218.641921303801,121.95155383808334,1.9954835923762941,147.543652,IP11,211.5815576572652,54.229331976350025,-60.72810000023665,-37.33323646409718,-98.94700000000002,121.95155383808334,0.8306105599982957
3218,IP11_MAC,A	E	TR4c_1	TR4c_2	TR6c_1	TR6c_2	TR8c_1	TR8c_2	TRc0_1	TRc0_2	TR60_1	TR60_2,N	N	-89	-94	-93	-95	-89	-92	-91	-96	-127	-127,"[-89, -94, -93, -95, -89, -92, -91, -96, -127, -127]",-89,-94,-93,-95,-89,-92,-91,-96,-127,-127,209.0,60.0,1281923,-2.764015,-0.429015,-3.456348,1281723,1142786808,224040651,217366,0.999245,-0.004468,-0.023992,-0.030237,1281723,1.990653,-0.110803,-0.083535,0.04651331901550293,114.2786808,22.4040651,217.366,0.001613100000000145,0.0009280000000018163,98.94700000000002,103.0080000002016,165.5389165071947,218.641921303801,121.95155383808334,1.9954835923762941,147.543652,IP11,211.5815576572652,54.229331976350025,-60.72810000023665,-37.33323646409718,-98.94700000000002,121.95155383808334,0.8306105599982957
3219,IP11_MAC,A	E	TR4c_1	TR4c_2	TR6c_1	TR6c_2	TR8c_1	TR8c_2	TRc0_1	TRc0_2	TR60_1	TR60_2,N	N	-90	-93	-127	-127	-89	-94	-92	-92	-127	-127,"[-90, -93, -127, -127, -89, -94, -92, -92, -127, -127]",-90,-93,-127,-127,-89,-94,-92,-92,-127,-127,209.0,60.0,1282123,-2.903119,-0.019586,-3.411608,1282123,1142786803,224040722,217354,0.999312,2e-06,-0.023139,-0.028973,1282123,1.99414,-0.117946,-0.06859,0.07410621643066406,114.2786803,22.4040722,217.354,0.0016126000000014074,0.0009351000000030751,98.93500000000002,103.79610000034134,165.48759724906458,218.97011084517783,122.32055607312654,1.9988021879655826,147.588392,IP11,211.2179748075258,53.980553278887,-61.51620000037639,-37.28191720596706,-98.93500000000002,122.32055607312654,0.8310564977767114
3220,IP11_MAC,A	E	TR4c_1	TR4c_2	TR6c_1	TR6c_2	TR8c_1	TR8c_2	TRc0_1	TRc0_2	TR60_1	TR60_2,N	N	-92	-93	-91	-94	-89	-93	-127	-127	-127	-127,"[-92, -93, -91, -94, -89, -93, -127, -127, -127, -127]",-92,-93,-91,-94,-89,-93,-127,-127,-127,-127,209.0,60.0,1282323,-2.650792,0.077185,-3.32345,1282123,1142786803,224040722,217354,0.999312,2e-06,-0.023139,-0.028973,1282123,1.99414,-0.117946,-0.06859,0.04404139518737793,114.2786803,22.4040722,217.354,0.0016126000000014074,0.0009351000000030751,98.93500000000002,103.79610000034134,165.48759724906458,218.97011084517783,122.32055607312654,1.9988021879655826,147.67655,IP11,211.2179748075258,53.980553278887,-61.51620000037639,-37.28191720596706,-98.93500000000002,122.32055607312654,0.8314616742958278
3221,IP11_MAC,A	E	TR4c_1	TR4c_2	TR6c_1	TR6c_2	TR8c_1	TR8c_2	TRc0_1	TRc0_2	TR60_1	TR60_2,N	N	-92	-93	-91	-94	-89	-93	-90	-94	-127	-127,"[-92, -93, -91, -94, -89, -93, -90, -94, -127, -127]",-92,-93,-91,-94,-89,-93,-90,-94,-127,-127,121.0,30.0,1282523,-2.82759,0.19652,-3.294882,1282323,1142786801,224040759,217332,0.999282,0.001004,-0.02471,-0.028696,1282323,1.998229,-0.108256,-0.066851,0.09063553810119629,114.2786801,22.4040759,217.332,0.0016123999999990701,0.0009388000000001284,98.913,104.20680000001425,165.46706852310177,219.13965752659155,122.50360641252117,2.0022755939625294,235.705118,IP11,211.03530403415164,53.845521187519495,-61.9269000000493,-37.26138848000426,-98.913,122.50360641252117,0.8680058019964816
3222,IP11_MAC,A	E	TR4c_1	TR4c_2	TR6c_1	TR6c_2	TR8c_1	TR8c_2	TRc0_1	TRc0_2	TR60_1	TR60_2,N	N	-89	-94	-127	-127	-91	-92	-92	-94	-127	-127,"[-89, -94, -127, -127, -91, -92, -92, -94, -127, -127]",-89,-94,-127,-127,-91,-92,-92,-94,-127,-127,121.0,30.0,1282723,-2.338988,-0.236265,-3.169051,1282523,1142786798,224040794,217314,0.999406,-0.002625,-0.020344,-0.027686,1282523,1.997144,-0.100083,-0.063242,0.04940032958984375,114.2786798,22.4040794,217.314,0.0016121000000026697,0.0009423000000019499,98.895,104.59530000021644,165.43627787714,219.29331919823173,122.67659726806718,2.0006499729310474,235.830949,IP11,210.85638367504043,53.72088038399031,-62.315400000251486,-37.23059783404247,-98.895,122.67659726806718,0.867600124915155
3223,IP11_MAC,A	E	TR4c_1	TR4c_2	TR6c_1	TR6c_2	TR8c_1	TR8c_2	TRc0_1	TRc0_2	TR60_1	TR60_2,N	N	-91	-93	-91	-92	-89	-92	-93	-89	-93	-95,"[-91, -93, -91, -92, -89, -92, -93, -89, -93, -95]",-91,-93,-91,-92,-89,-92,-93,-89,-93,-95,121.0,30.0,1282923,-2.555945,-0.151944,-3.097937,1282723,1142786796,224040830,217304,0.999384,-0.001928,-0.022257,-0.027052,1282723,2.000635,-0.090248,-0.060732,0.06829500198364258,114.2786796,22.404083,217.304,0.0016119000000003325,0.0009459000000013873,98.885,104.99490000015399,165.4157492726248,219.46421657861723,122.86579549284627,2.0035901478478575,235.902063,IP11,210.68150727375692,53.59299354426892,-62.715000000189036,-37.21006922952728,-98.885,122.86579549284627,0.8674141370319457
3224,IP11_MAC,A	E	TR4c_1	TR4c_2	TR6c_1	TR6c_2	TR8c_1	TR8c_2	TRc0_1	TRc0_2	TR60_1	TR60_2,N	N	-92	-94	-90	-93	-92	-95	-127	-127	-127	-127,"[-92, -94, -90, -93, -92, -95, -127, -127, -127, -127]",-92,-94,-90,-93,-92,-95,-127,-127,-127,-127,209.0,59.0,1283123,-2.396609,-0.210288,-3.129248,1282923,1142786796,224040830,217304,0.999406,-0.002405,-0.020853,-0.027335,1282923,1.996813,-0.089811,-0.067166,0.05796098709106445,114.2786796,22.404083,217.304,0.0016119000000003325,0.0009459000000013873,98.885,104.99490000015399,165.4157492726248,219.46421657861723,122.86579549284627,1.9999598606587083,147.870752,IP11,210.68150727375692,53.59299354426892,-62.715000000189036,-37.21006922952728,-98.885,122.86579549284627,0.8295429266196376
3225,IP11_MAC,A	E	TR4c_1	TR4c_2	TR6c_1	TR6c_2	TR8c_1	TR8c_2	TRc0_1	TRc0_2	TR60_1	TR60_2,N	N	-92	-94	-90	-93	-92	-95	-92	-89	-127	-127,"[-92, -94, -90, -93, -92, -95, -92, -89, -127, -127]",-92,-94,-90,-93,-92,-95,-92,-89,-127,-127,210.0,59.0,1283323,-1.973887,-0.563417,-3.20112,1283123,1142786793,224040903,217281,0.999447,-0.005395,-0.017079,-0.02801,1283123,2.00537,-0.081623,-0.075309,0.0934140682220459,114.2786793,22.4040903,217.281,0.0016115999999897213,0.0009532000000014307,98.86200000000001,105.8052000001588,165.3849541061619,219.81951331892918,123.2536295772708,2.0084428287880143,146.79888,IP11,210.33903853435572,53.33131338892531,-63.52530000019385,-37.17927406306438,-98.86200000000001,123.2536295772708,0.8245815992817991
3226,IP11_MAC,A	E	TR4c_1	TR4c_2	TR6c_1	TR6c_2	TR8c_1	TR8c_2	TRc0_1	TRc0_2	TR60_1	TR60_2,N	N	-127	-127	-127	-127	-89	-94	-127	-127	-127	-127,"[-127, -127, -127, -127, -89, -94, -127, -127, -127, -127]",-127,-127,-127,-127,-89,-94,-127,-127,-127,-127,239.0,30.0,1283323,-1.973887,-0.563417,-3.20112,1283323,1142786792,224040939,217265,0.999447,-0.005395,-0.017079,-0.02801,1283323,2.006109,-0.077022,-0.075919,0.04677724838256836,114.2786792,22.4040939,217.265,0.001611499999995658,0.0009568000000008681,98.84599999999999,106.20480000009636,165.37468766414588,219.9972240258369,123.44415613369613,2.0090220016032676,117.79888,IP11,210.17577615398815,53.20030344389086,-63.9249000001314,-37.169007621048365,-98.84599999999999,123.44415613369613,0.37885261163757555
3227,IP11_MAC,A	E	TR4c_1	TR4c_2	TR6c_1	TR6c_2	TR8c_1	TR8c_2	TRc0_1	TRc0_2	TR60_1	TR60_2,N	N	-127	-127	-92	-95	-127	-127	-94	-93	-127	-127,"[-127, -127, -92, -95, -127, -127, -94, -93, -127, -127]",-127,-127,-92,-95,-127,-127,-94,-93,-127,-127,239.0,30.0,1283523,-2.29205,-0.723697,-3.290527,1283523,1142786789,224040975,217245,0.999364,-0.006885,-0.019809,-0.028829,1283523,1.993564,-0.090042,-0.069537,0.04627394676208496,114.2786789,22.4040975,217.245,0.0016111999999992577,0.0009604000000003055,98.82600000000001,106.6044000000339,165.343896905526,220.15830808595993,123.62631891300347,1.9968075466176003,117.709473,IP11,210.00030026776338,53.072166390383465,-64.32450000006895,-37.13821686242849,-98.82600000000001,123.62631891300347,0.37889848109421886
3228,IP11_MAC,A	E	TR4c_1	TR4c_2	TR6c_1	TR6c_2	TR8c_1	TR8c_2	TRc0_1	TRc0_2	TR60_1	TR60_2,N	N	-92	-94	-127	-127	-90	-92	-127	-127	-127	-127,"[-92, -94, -127, -127, -90, -92, -127, -127, -127, -127]",-92,-94,-127,-127,-90,-92,-127,-127,-127,-127,121.0,31.0,1283723,-2.629038,-0.700696,-3.309443,1283523,1142786789,224040975,217245,0.999297,-0.006772,-0.022752,-0.029006,1283523,1.993564,-0.090042,-0.069537,0.08193278312683105,114.2786789,22.4040975,217.245,0.0016111999999992577,0.0009604000000003055,98.82600000000001,106.6044000000339,165.343896905526,220.15830808595993,123.62631891300347,1.9968075466176003,235.690557,IP11,210.00030026776338,53.072166390383465,-64.32450000006895,-37.13821686242849,-98.82600000000001,123.62631891300347,0.8758045658015593
3229,IP11_MAC,A	E	TR4c_1	TR4c_2	TR6c_1	TR6c_2	TR8c_1	TR8c_2	TRc0_1	TRc0_2	TR60_1	TR60_2,N	N	-92	-94	-127	-127	-92	-94	-93	-90	-127	-127,"[-92, -94, -127, -127, -92, -94, -93, -90, -127, -127]",-92,-94,-127,-127,-92,-94,-93,-90,-127,-127,119.0,30.0,1283923,-2.505495,-0.293263,-3.269603,1283723,1142786788,224041011,217230,0.999349,-0.003181,-0.021779,-0.028576,1283723,1.992089,-0.102106,-0.06766,0.04392600059509277,114.2786788,22.4041011,217.23,0.0016110999999909836,0.0009639999999997428,98.81099999999999,107.00399999997146,165.33363046364525,220.3376479389827,123.81965734180292,1.9958512205966155,237.73039699999998,IP11,209.84005214029762,52.94177568176475,-64.7241000000065,-37.127950420547734,-98.81099999999999,123.81965734180292,0.860281069584038
3230,IP11_MAC,A	E	TR4c_1	TR4c_2	TR6c_1	TR6c_2	TR8c_1	TR8c_2	TRc0_1	TRc0_2	TR60_1	TR60_2,N	N	-127	-127	-93	-94	-90	-94	-93	-92	-127	-127,"[-127, -127, -93, -94, -90, -94, -93, -92, -127, -127]",-127,-127,-93,-94,-90,-94,-93,-92,-127,-127,119.0,30.0,1284123,-2.231136,-0.471327,-3.163954,1283923,1142786785,224041047,217221,0.999419,-0.004648,-0.019347,-0.02768,1283923,1.994036,-0.106637,-0.071728,0.09144115447998047,114.2786785,22.4041047,217.221,0.0016107999999945832,0.0009676000000027329,98.802,107.40360000030336,165.30283970768224,220.5048691354657,124.01262339340205,1.9981731469142006,237.836046,IP11,209.6676326724191,52.81699480577725,-65.1237000003384,-37.09715966458472,-98.802,124.01262339340205,0.859759440041395
3231,IP11_MAC,A	E	TR4c_1	TR4c_2	TR6c_1	TR6c_2	TR8c_1	TR8c_2	TRc0_1	TRc0_2	TR60_1	TR60_2,N	N	-91	-93	-92	-93	-90	-91	-127	-127	-90	-93,"[-91, -93, -92, -93, -90, -91, -127, -127, -90, -93]",-91,-93,-92,-93,-90,-91,-127,-127,-90,-93,120.0,30.0,1284323,-2.320604,-0.194606,-3.091983,1284123,1142786782,224041082,217202,0.999429,-0.002243,-0.020195,-0.027006,1284123,1.991857,-0.101536,-0.075402,0.046257972717285156,114.2786782,22.4041082,217.202,0.0016104999999981828,0.0009711000000010017,98.783,107.79210000011119,165.27204907222995,220.66279277659737,124.19277414915486,1.9958680641137079,236.908017,IP11,209.5008941385981,52.69310432538218,-65.51220000014624,-37.06636902913243,-98.783,124.19277414915486,0.8636705566628722
3232,IP11_MAC,A	E	TR4c_1	TR4c_2	TR6c_1	TR6c_2	TR8c_1	TR8c_2	TRc0_1	TRc0_2	TR60_1	TR60_2,N	N	-91	-93	-92	-93	-90	-91	-91	-94	-90	-93,"[-91, -93, -92, -93, -90, -91, -91, -94, -90, -93]",-91,-93,-92,-93,-90,-91,-91,-94,-90,-93,120.0,30.0,1284523,-2.723157,-0.141785,-3.138947,1284323,1142786780,224041118,217187,0.999341,-0.001887,-0.023717,-0.027409,1284323,1.983024,-0.096888,-0.074819,0.10912919044494629,114.278678,22.4041118,217.187,0.0016102999999958456,0.0009747000000004391,98.76800000000001,108.19170000004874,165.2515204762157,220.83619900868084,124.38600201247365,1.9867987698508875,236.861053,IP11,209.33823860903877,52.56508345883147,-65.91180000008379,-37.04584043311817,-98.76800000000001,124.38600201247365,0.8638674212269634
3233,IP11_MAC,A	E	TR4c_1	TR4c_2	TR6c_1	TR6c_2	TR8c_1	TR8c_2	TRc0_1	TRc0_2	TR60_1	TR60_2,N	N	-90	-96	-127	-127	-91	-95	-95	-95	-127	-127,"[-90, -96, -127, -127, -91, -95, -95, -95, -127, -127]",-90,-96,-127,-127,-91,-95,-95,-95,-127,-127,120.0,30.0,1284723,-2.634427,-0.42434,-3.203702,1284523,1142786778,224041154,217161,0.999336,-0.004343,-0.022873,-0.028029,1284523,1.979993,-0.084408,-0.07058,0.09956669807434082,114.2786778,22.4041154,217.161,0.0016100999999935084,0.0009782999999998765,98.742,108.59129999998629,165.23099188126403,221.0052797508543,124.57149774597842,1.9830477873498156,236.796298,IP11,209.1770320920727,52.434155843218036,-66.31140000002134,-37.025311838166516,-98.742,124.57149774597842,0.8641528118506495
3235,IP11_MAC,A	E	TR4c_1	TR4c_2	TR6c_1	TR6c_2	TR8c_1	TR8c_2	TRc0_1	TRc0_2	TR60_1	TR60_2,N	N	-127	-127	-91	-95	-91	-93	-92	-93	-127	-127,"[-127, -127, -91, -95, -91, -93, -92, -93, -127, -127]",-127,-127,-91,-95,-91,-93,-92,-93,-127,-127,120.0,30.0,1285723,-2.664788,-0.701528,-3.542989,1285523,1142786769,224041333,217105,0.999229,-0.006836,-0.02305,-0.031045,1285523,1.988235,-0.09241,-0.069567,0.05569934844970703,114.2786769,22.4041333,217.105,0.0016091999999900963,0.0009962000000030002,98.68599999999999,110.57820000033303,165.13861119791136,221.89462773958405,125.56920714341751,1.9915967440257578,236.457011,IP11,208.40271206015322,51.80485010138002,-68.29830000036807,-36.93293115481384,-98.68599999999999,125.56920714341751,0.8655343856394069
3238,IP11_MAC,A	E	TR4c_1	TR4c_2	TR6c_1	TR6c_2	TR8c_1	TR8c_2	TRc0_1	TRc0_2	TR60_1	TR60_2,N	N	-127	-127	-127	-127	-127	-127	-92	-92	-127	-127,"[-127, -127, -127, -127, -127, -127, -92, -92, -127, -127]",-127,-127,-127,-127,-127,-127,-92,-92,-127,-127,121.0,30.0,1287923,-2.196584,-0.707956,-3.583483,1287723,1142786744,224041726,216978,0.999305,-0.006773,-0.018963,-0.031376,1287723,1.997876,-0.113224,-0.062375,0.08404874801635742,114.2786744,22.4041726,216.978,0.0016066999999964082,0.001035500000000411,98.55900000000001,114.94050000004563,164.88201067948822,223.85547227390123,127.82250389630762,2.002053652172439,235.416517,IP11,206.78292225936192,50.449298389572036,-72.66060000008068,-36.6763306363907,-98.55900000000001,127.82250389630762,0.869540449782854
3240,IP11_MAC,A	E	TR4c_1	TR4c_2	TR6c_1	TR6c_2	TR8c_1	TR8c_2	TRc0_1	TRc0_2	TR60_1	TR60_2,N	N	-127	-127	-127	-127	-127	-127	-95	-93	-127	-127,"[-127, -127, -127, -127, -127, -127, -95, -93, -127, -127]",-127,-127,-127,-127,-127,-127,-95,-93,-127,-127,121.0,30.0,1289323,-2.776909,-0.226632,-3.032459,1289123,1142786724,224041976,216880,0.999353,-0.002617,-0.024168,-0.026498,1289123,1.986469,-0.096612,-0.054252,0.046137332916259766,114.2786724,22.4041976,216.88,0.0016047000000014577,0.001060500000001241,98.461,117.71550000013775,164.6767379998274,225.09983451692324,129.2874175504686,1.989556796376771,235.96754099999998,IP11,205.80250202959007,49.60251555971132,-75.4356000001728,-36.47105795672988,-98.461,129.2874175504686,0.8660378684641976
3242,IP11_MAC,A	E	TR4c_1	TR4c_2	TR6c_1	TR6c_2	TR8c_1	TR8c_2	TRc0_1	TRc0_2	TR60_1	TR60_2,N	N	-127	-127	-127	-127	-93	-91	-92	-92	-89	-93,"[-127, -127, -127, -127, -93, -91, -92, -92, -89, -93]",-127,-127,-127,-127,-93,-91,-92,-92,-89,-93,210.0,60.0,1290523,-2.130783,-0.726779,-3.131316,1290523,1142786713,224042229,216805,0.999431,-0.006846,-0.018412,-0.027433,1290523,1.985067,-0.094867,-0.057225,0.05650591850280762,114.2786713,22.4042229,216.805,0.0016035999999957085,0.001085800000002024,98.38600000000001,120.52380000022467,164.5638243805356,226.46642942661927,130.85804347808593,1.9881562923480134,146.868684,IP11,204.9232115788592,48.75113807281425,-78.24390000025971,-36.35814433743809,-98.38600000000001,130.85804347808593,0.8255536385525839
3244,IP11_MAC,A	E	TR4c_1	TR4c_2	TR6c_1	TR6c_2	TR8c_1	TR8c_2	TRc0_1	TRc0_2	TR60_1	TR60_2,N	N	-127	-127	-127	-127	-127	-127	-95	-94	-127	-127,"[-127, -127, -127, -127, -127, -127, -95, -94, -127, -127]",-127,-127,-127,-127,-127,-127,-95,-94,-127,-127,210.0,60.0,1291723,-2.507555,-0.586406,-3.628857,1291723,1142786701,224042444,216808,0.999243,-0.005806,-0.021706,-0.031764,1291723,1.9715,-0.135165,-0.050193,0.09615278244018555,114.2786701,22.4042444,216.808,0.001602399999995896,0.0011073000000010325,98.389,122.9103000001146,164.44065315172213,227.6577817165123,132.26726730891087,1.976765328630083,146.371143,IP11,204.19895627045858,48.061709404345436,-80.63040000014965,-36.234973108624615,-98.389,132.26726730891087,0.8221373160967991
3265,IP11_MAC,A	E	TR4c_1	TR4c_2	TR6c_1	TR6c_2	TR8c_1	TR8c_2	TRc0_1	TRc0_2	TR60_1	TR60_2,N	N	-127	-127	-127	-127	-90	-90	-127	-127	-127	-127,"[-127, -127, -127, -127, -90, -90, -127, -127, -127, -127]",-127,-127,-127,-127,-90,-90,-127,-127,-127,-127,1.0,30.0,1312123,-2.185711,-1.380146,-3.091032,1311923,1142786470,224046066,215446,0.999376,-0.012551,-0.018738,-0.027192,1311923,1.993236,-0.083022,-0.060154,0.07337260246276855,114.278647,22.4046066,215.446,0.0015793000000030588,0.001469500000002455,97.027,163.1145000002725,162.06967467997734,249.5739535492688,158.62537444873362,1.9958709647409574,355.908968,IP11,195.65557126336697,37.7106348395787,-120.83460000030755,-33.86399463687982,-97.027,158.62537444873362,-0.338996577195581
