block_index,mac,rssi_header_raw,rssi_val_raw,rssi_val,rssi_1,rssi_2,rssi_3,rssi_4,rssi_5,rssi_6,rssi_7,rssi_8,rssi_9,rssi_10,azimuth,elevation,euler_ts_ms,pitch,roll,yaw,gps_ts_ms,gps_lon_raw,gps_lat_raw,gps_alt_raw,quat_w,quat_x,quat_y,quat_z,vel_ts_ms,vel_x,vel_y,vel_z,time_consumed,lon_deg,lat_deg,alt_m,lon_deg_diff,lat_deg_diff,alt_m_diff,lat_m_diff,lon_m_diff,distance_from_takeoff,distance,vel_abs,earth_azimuth,device_name,phone_rel_azimuth,phone_rel_elevation,phone_drone_lat_m_diff,phone_drone_lon_m_diff,phone_drone_alt_m_diff,phone_drone_distance,score
993,IP15_MAC,A	E	TR4c_1	TR4c_2	TR6c_1	TR6c_2	TR8c_1	TR8c_2	TRc0_1	TRc0_2	TR60_1	TR60_2,N	N	-89	-91	-88	-87	-88	-89	-127	-127	-79	-82,"[-89, -91, -88, -87, -88, -89, -127, -127, -79, -82]",-89,-91,-88,-87,-88,-89,-127,-127,-79,-82,1,30,902739,8.310079,-5.441701,-122.906641,902739,1142767069,224029341,156628,0.479171,0.040941,0.076173,-0.873451,902739,-0.441443,-0.720539,0.005922,0.0425052642822265,114.2767069,22.4029341,156.628,-0.000372800000008,-0.0001950999999991,39.38799999999999,-21.65609999990181,-38.257646932671086,59.02583129470236,83.54672406886067,0.8450345808628189,236.093359,IP15,222.91845128959088,28.12838025943428,-53.95709999998033,-50.172421889225824,-39.38799999999999,83.54672406886067,0.9793639174621622
994,IP15_MAC,A	E	TR4c_1	TR4c_2	TR6c_1	TR6c_2	TR8c_1	TR8c_2	TRc0_1	TRc0_2	TR60_1	TR60_2,N	N	-91	-94	-127	-127	-87	-89	-90	-90	-78	-86,"[-91, -94, -127, -127, -87, -89, -90, -90, -78, -86]",-91,-94,-127,-127,-87,-89,-90,-90,-78,-86,0,29,902739,8.310079,-5.441701,-122.906641,902739,1142767069,224029341,156628,0.479171,0.040941,0.076173,-0.873451,902739,-0.441443,-0.720539,0.005922,0.0388040542602539,114.2767069,22.4029341,156.628,-0.000372800000008,-0.0001950999999991,39.38799999999999,-21.65609999990181,-38.257646932671086,59.02583129470236,83.54672406886067,0.8450345808628189,237.093359,IP15,222.91845128959088,28.12838025943428,-53.95709999998033,-50.172421889225824,-39.38799999999999,83.54672406886067,0.9763996267017514
995,IP15_MAC,A	E	TR4c_1	TR4c_2	TR6c_1	TR6c_2	TR8c_1	TR8c_2	TRc0_1	TRc0_2	TR60_1	TR60_2,N	N	-127	-127	-83	-87	-82	-87	-90	-91	-77	-88,"[-127, -127, -83, -87, -82, -87, -90, -91, -77, -88]",-127,-127,-83,-87,-82,-87,-90,-91,-77,-88,0,29,902939,3.585214,-5.549897,-122.628604,902739,1142767069,224029341,156628,0.480604,0.004178,0.057444,-0.875044,902739,-0.441443,-0.720539,0.005922,0.0631847381591796,114.2767069,22.4029341,156.628,-0.000372800000008,-0.0001950999999991,39.38799999999999,-21.65609999990181,-38.257646932671086,59.02583129470236,83.54672406886067,0.8450345808628189,237.371396,IP15,222.91845128959088,28.12838025943428,-53.95709999998033,-50.172421889225824,-39.38799999999999,83.54672406886067,0.975474238318944
996,IP15_MAC,A	E	TR4c_1	TR4c_2	TR6c_1	TR6c_2	TR8c_1	TR8c_2	TRc0_1	TRc0_2	TR60_1	TR60_2,N	N	-127	-127	-81	-83	-80	-85	-88	-91	-77	-84,"[-127, -127, -81, -83, -80, -85, -88, -91, -77, -84]",-127,-127,-81,-83,-80,-85,-88,-91,-77,-84,359,28,903139,1.277457,-5.601566,-122.465201,902939,1142767055,224029333,156649,0.481197,-0.013757,0.048184,-0.875179,902939,-0.283739,-0.489896,0.009349,0.0414464473724365,114.2767055,22.4029333,156.649,-0.0003741999999959,-0.0001958999999978,39.409000000000006,-21.744899999756484,-38.40131857334576,59.1656253678688,83.41306179091764,0.5662096031841918,238.534799,IP15,222.8835786873992,28.193838086571187,-53.86830000012566,-50.02875024855115,-39.409000000000006,83.41306179091764,0.9711403891146012
997,IP15_MAC,A	E	TR4c_1	TR4c_2	TR6c_1	TR6c_2	TR8c_1	TR8c_2	TRc0_1	TRc0_2	TR60_1	TR60_2,N	N	-89	-93	-79	-84	-82	-87	-85	-94	-74	-85,"[-89, -93, -79, -84, -82, -87, -85, -94, -74, -85]",-89,-93,-79,-84,-82,-87,-85,-94,-74,-85,359,28,903139,1.277457,-5.601566,-122.465201,902939,1142767055,224029333,156649,0.481197,-0.013757,0.048184,-0.875179,902939,-0.283739,-0.489896,0.009349,0.0451662540435791,114.2767055,22.4029333,156.649,-0.0003741999999959,-0.0001958999999978,39.409000000000006,-21.744899999756484,-38.40131857334576,59.1656253678688,83.41306179091764,0.5662096031841918,238.534799,IP15,222.8835786873992,28.193838086571187,-53.86830000012566,-50.02875024855115,-39.409000000000006,83.41306179091764,0.9711403891146012
998,IP15_MAC,A	E	TR4c_1	TR4c_2	TR6c_1	TR6c_2	TR8c_1	TR8c_2	TRc0_1	TRc0_2	TR60_1	TR60_2,N	N	-89	-94	-80	-91	-84	-94	-86	-95	-74	-89,"[-89, -94, -80, -91, -84, -94, -86, -95, -74, -89]",-89,-94,-80,-91,-84,-94,-86,-95,-74,-89,0,30,903139,1.277457,-5.601566,-122.465201,903139,1142767045,224029327,156670,0.481197,-0.013757,0.048184,-0.875179,903139,-0.215592,-0.377514,0.013003,0.0444700717926025,114.2767045,22.4029327,156.67,-0.0003752000000076,-0.0001964999999977,39.42999999999999,-21.81149999974608,-38.50394118483867,59.27073408525019,83.31846160207515,0.4349319586659504,237.534799,IP15,222.86025888098348,28.245108123017022,-53.80170000013607,-49.92612763705824,-39.42999999999999,83.31846160207515,0.9746452143535814
999,IP15_MAC,A	E	TR4c_1	TR4c_2	TR6c_1	TR6c_2	TR8c_1	TR8c_2	TRc0_1	TRc0_2	TR60_1	TR60_2,N	N	-87	-93	-79	-87	-82	-90	-85	-93	-73	-87,"[-87, -93, -79, -87, -82, -90, -85, -93, -73, -87]",-87,-93,-79,-87,-82,-90,-85,-93,-73,-87,359,29,903339,1.040221,-5.358798,-122.464395,903139,1142767045,224029327,156670,0.481156,-0.014551,0.045335,-0.875341,903139,-0.215592,-0.377514,0.013003,0.0454375743865966,114.2767045,22.4029327,156.67,-0.0003752000000076,-0.0001964999999977,39.42999999999999,-21.81149999974608,-38.50394118483867,59.27073408525019,83.31846160207515,0.4349319586659504,238.53560500000003,IP15,222.86025888098348,28.245108123017022,-53.80170000013607,-49.92612763705824,-39.42999999999999,83.31846160207515,0.9712575964912146
1000,IP15_MAC,A	E	TR4c_1	TR4c_2	TR6c_1	TR6c_2	TR8c_1	TR8c_2	TRc0_1	TRc0_2	TR60_1	TR60_2,N	N	-127	-127	-83	-89	-84	-94	-89	-96	-75	-88,"[-127, -127, -83, -89, -84, -94, -89, -96, -75, -88]",-127,-127,-83,-89,-84,-94,-89,-96,-75,-88,0,30,903339,1.040221,-5.358798,-122.464395,903339,1142767037,224029323,156686,0.481156,-0.014551,0.045335,-0.875341,903339,-0.175292,-0.300029,0.007177,0.0493271350860595,114.2767037,22.4029323,156.686,-0.0003760000000028,-0.0001968999999988,39.44600000000001,-21.855899999870587,-38.58603925100316,59.35107164899637,83.24819219151472,0.3475574706922583,237.535605,IP15,222.83682951632517,28.28359663606454,-53.757300000011554,-49.84402957089375,-39.44600000000001,83.24819219151472,0.9745927610502187
1001,IP15_MAC,A	E	TR4c_1	TR4c_2	TR6c_1	TR6c_2	TR8c_1	TR8c_2	TRc0_1	TRc0_2	TR60_1	TR60_2,N	N	-127	-127	-80	-84	-127	-127	-86	-91	-127	-127,"[-127, -127, -80, -84, -127, -127, -86, -91, -127, -127]",-127,-127,-80,-84,-127,-127,-86,-91,-127,-127,240,30,903539,2.260797,-5.168733,-122.566882,903339,1142767037,224029323,156686,0.480744,-0.00438,0.049002,-0.87548,903339,-0.175292,-0.300029,0.007177,0.040729284286499,114.2767037,22.4029323,156.686,-0.0003760000000028,-0.0001968999999988,39.44600000000001,-21.855899999870587,-38.58603925100316,59.35107164899637,83.24819219151472,0.3475574706922583,357.433118,IP15,222.83682951632517,28.28359663606454,-53.757300000011554,-49.84402957089375,-39.44600000000001,83.24819219151472,-0.2985320432915129
1002,IP15_MAC,A	E	TR4c_1	TR4c_2	TR6c_1	TR6c_2	TR8c_1	TR8c_2	TRc0_1	TRc0_2	TR60_1	TR60_2,N	N	-127	-127	-80	-88	-83	-94	-86	-94	-73	-87,"[-127, -127, -80, -88, -83, -94, -86, -94, -73, -87]",-127,-127,-80,-88,-83,-94,-86,-94,-73,-87,0,30,903539,2.260797,-5.168733,-122.566882,903339,1142767037,224029323,156686,0.480744,-0.00438,0.049002,-0.87548,903339,-0.175292,-0.300029,0.007177,0.0413575172424316,114.2767037,22.4029323,156.686,-0.0003760000000028,-0.0001968999999988,39.44600000000001,-21.855899999870587,-38.58603925100316,59.35107164899637,83.24819219151472,0.3475574706922583,237.433118,IP15,222.83682951632517,28.28359663606454,-53.757300000011554,-49.84402957089375,-39.44600000000001,83.24819219151472,0.9749377162577132
1003,IP15_MAC,A	E	TR4c_1	TR4c_2	TR6c_1	TR6c_2	TR8c_1	TR8c_2	TRc0_1	TRc0_2	TR60_1	TR60_2,N	N	-87	-93	-82	-85	-127	-127	-86	-93	-75	-88,"[-87, -93, -82, -85, -127, -127, -86, -93, -75, -88]",-87,-93,-82,-85,-127,-127,-86,-93,-75,-88,359,29,903739,1.205418,-5.178675,-122.658154,903539,1142767031,224029319,156680,0.479748,-0.012456,0.044673,-0.87618,903539,-0.126816,-0.214869,0.010414,0.0442206859588623,114.2767031,22.4029319,156.68,-0.0003765999999956,-0.0001972999999999,39.44000000000001,-21.9002999999951,-38.64761282837812,59.40349078481839,83.17981817210531,0.2497187145830284,238.34184600000003,IP15,222.82512287144468,28.304247299621863,-53.71289999988704,-49.78245599351879,-39.44000000000001,83.17981817210531,0.9718597309220324
1004,IP15_MAC,A	E	TR4c_1	TR4c_2	TR6c_1	TR6c_2	TR8c_1	TR8c_2	TRc0_1	TRc0_2	TR60_1	TR60_2,N	N	-127	-127	-84	-93	-88	-91	-127	-127	-78	-88,"[-127, -127, -84, -93, -88, -91, -127, -127, -78, -88]",-127,-127,-84,-93,-88,-91,-127,-127,-78,-88,0,30,903939,-0.423786,-4.597993,-122.773552,903739,1142767027,224029317,156679,0.478445,-0.022455,0.033441,-0.877193,903739,-0.063121,-0.108896,0.008792,0.0436584949493408,114.2767027,22.4029317,156.679,-0.0003770000000002,-0.0001974999999987,39.43900000000001,-21.92249999986018,-38.68866186257347,59.43772610018335,83.1404447533533,0.1261740810190428,237.226448,IP15,222.81336799094387,28.318078208086952,-53.69070000002196,-49.74140695932344,-39.43900000000001,83.1404447533533,0.9755741048961764
1005,IP15_MAC,A	E	TR4c_1	TR4c_2	TR6c_1	TR6c_2	TR8c_1	TR8c_2	TRc0_1	TRc0_2	TR60_1	TR60_2,N	N	-127	-127	-84	-91	-88	-88	-127	-127	-79	-87,"[-127, -127, -84, -91, -88, -88, -127, -127, -79, -87]",-127,-127,-84,-91,-88,-88,-127,-127,-79,-87,0,30,904139,-0.734129,-4.625276,-122.747008,903939,1142767025,224029315,156708,0.47854,-0.024952,0.032348,-0.877115,903939,-0.029003,-0.035399,0.020347,0.0451800823211669,114.2767025,22.4029315,156.708,-0.0003772000000026,-0.0001976999999975,39.468,-21.94469999972526,-38.70918640756583,59.47851708317568,83.12759508326087,0.0500825680152286,237.252992,IP15,222.813392409044,28.345559677686357,-53.66850000015688,-49.72088241433108,-39.468,83.12759508326087,0.9755063817959267
1006,IP15_MAC,A	E	TR4c_1	TR4c_2	TR6c_1	TR6c_2	TR8c_1	TR8c_2	TRc0_1	TRc0_2	TR60_1	TR60_2,N	N	-127	-127	-84	-93	-127	-127	-127	-127	-81	-87,"[-127, -127, -84, -93, -127, -127, -127, -127, -81, -87]",-127,-127,-84,-93,-127,-127,-127,-127,-81,-87,1,30,904139,-0.734129,-4.625276,-122.747008,904139,1142767024,224029314,156712,0.47854,-0.024952,0.032348,-0.877115,904139,0.001628,-0.010993,0.016745,0.0496180057525634,114.2767024,22.4029314,156.712,-0.0003772999999966,-0.0001977999999986,39.472,-21.95579999985497,-38.71944867935498,59.49194604034092,83.1161904427712,0.0200970509776932,236.252992,IP15,222.8134046261751,28.352934143800617,-53.65740000002717,-49.71062014254193,-39.472,83.1161904427712,0.9787161436907308
1007,IP15_MAC,A	E	TR4c_1	TR4c_2	TR6c_1	TR6c_2	TR8c_1	TR8c_2	TRc0_1	TRc0_2	TR60_1	TR60_2,N	N	-127	-127	-82	-91	-127	-127	-127	-127	-81	-87,"[-127, -127, -82, -91, -127, -127, -127, -127, -81, -87]",-127,-127,-82,-91,-127,-127,-127,-127,-81,-87,1,30,904339,-0.74868,-4.541917,-122.574287,904139,1142767024,224029314,156712,0.479875,-0.024763,0.031612,-0.876418,904139,0.001628,-0.010993,0.016745,0.0515577793121337,114.2767024,22.4029314,156.712,-0.0003772999999966,-0.0001977999999986,39.472,-21.95579999985497,-38.71944867935498,59.49194604034092,83.1161904427712,0.0200970509776932,236.425713,IP15,222.8134046261751,28.352934143800617,-53.65740000002717,-49.71062014254193,-39.472,83.1161904427712,0.978178792071524
1008,IP15_MAC,A	E	TR4c_1	TR4c_2	TR6c_1	TR6c_2	TR8c_1	TR8c_2	TRc0_1	TRc0_2	TR60_1	TR60_2,N	N	-92	-93	-82	-91	-86	-88	-88	-94	-127	-127,"[-92, -93, -82, -91, -86, -88, -88, -94, -127, -127]",-92,-93,-82,-91,-86,-88,-88,-94,-127,-127,240,30,904339,-0.74868,-4.541917,-122.574287,904139,1142767024,224029314,156712,0.479875,-0.024763,0.031612,-0.876418,904139,0.001628,-0.010993,0.016745,0.041558027267456,114.2767024,22.4029314,156.712,-0.0003772999999966,-0.0001977999999986,39.472,-21.95579999985497,-38.71944867935498,59.49194604034092,83.1161904427712,0.0200970509776932,357.425713,IP15,222.8134046261751,28.352934143800617,-53.65740000002717,-49.71062014254193,-39.472,83.1161904427712,-0.2978020323277711
1009,IP15_MAC,A	E	TR4c_1	TR4c_2	TR6c_1	TR6c_2	TR8c_1	TR8c_2	TRc0_1	TRc0_2	TR60_1	TR60_2,N	N	-92	-93	-82	-91	-86	-88	-88	-94	-82	-90,"[-92, -93, -82, -91, -86, -88, -88, -94, -82, -90]",-92,-93,-82,-91,-86,-88,-88,-94,-82,-90,241,29,904539,-0.896199,-4.742019,-122.372194,904339,1142767023,224029314,156720,0.481324,-0.026786,0.032476,-0.875531,904339,0.021703,0.012545,0.012553,0.04241943359375,114.2767023,22.4029314,156.72,-0.0003774000000049,-0.0001977999999986,39.48,-21.95579999985497,-38.72971092475211,59.50393316368671,83.11385293600098,0.0280352464408644,356.627806,IP15,222.80750722073145,28.36007062871072,-53.65740000002717,-49.7003578971448,-39.48,83.11385293600098,-0.3026132319678783
1010,IP15_MAC,A	E	TR4c_1	TR4c_2	TR6c_1	TR6c_2	TR8c_1	TR8c_2	TRc0_1	TRc0_2	TR60_1	TR60_2,N	N	-127	-127	-81	-94	-82	-90	-86	-91	-79	-86,"[-127, -127, -81, -94, -82, -90, -86, -91, -79, -86]",-127,-127,-81,-94,-82,-90,-86,-91,-79,-86,1,30,904539,-0.896199,-4.742019,-122.372194,904539,1142767023,224029315,156720,0.481324,-0.026786,0.032476,-0.875531,904539,0.044541,0.015921,-0.000204,0.0477740764617919,114.2767023,22.4029315,156.72,-0.0003774000000049,-0.0001976999999975,39.48,-21.94469999972526,-38.72971089688696,59.49983835469124,83.12101942433657,0.0473013798741643,236.627806,IP15,222.80159890979243,28.35740411556009,-53.66850000015688,-49.700357925009946,-39.48,83.12101942433657,0.9775071724034154
1011,IP15_MAC,A	E	TR4c_1	TR4c_2	TR6c_1	TR6c_2	TR8c_1	TR8c_2	TRc0_1	TRc0_2	TR60_1	TR60_2,N	N	-127	-127	-83	-90	-84	-93	-87	-90	-80	-85,"[-127, -127, -83, -90, -84, -93, -87, -90, -80, -85]",-127,-127,-83,-90,-84,-93,-87,-90,-80,-85,0,30,904739,-0.885747,-5.009488,-122.277206,904739,1142767023,224029316,156722,0.48199,-0.027858,0.034541,-0.875052,904739,0.05113,0.017995,-0.005928,0.0452456474304199,114.2767023,22.4029316,156.722,-0.0003774000000049,-0.0001975999999999,39.48200000000001,-21.93359999998989,-38.729710869021815,59.497072507456906,83.12913665371696,0.0545274069528342,237.722794,IP15,222.79569191458933,28.355950900134527,-53.67959999989225,-49.700357952875095,-39.48200000000001,83.12913665371696,0.973870299680431
1012,IP15_MAC,A	E	TR4c_1	TR4c_2	TR6c_1	TR6c_2	TR8c_1	TR8c_2	TRc0_1	TRc0_2	TR60_1	TR60_2,N	N	-127	-127	-83	-94	-86	-94	-87	-92	-82	-87,"[-127, -127, -83, -94, -86, -94, -87, -92, -82, -87]",-127,-127,-83,-94,-86,-94,-87,-92,-82,-87,0,30,904939,-1.041791,-5.06594,-122.258654,904739,1142767023,224029316,156722,0.482059,-0.029292,0.03431,-0.874976,904739,0.05113,0.017995,-0.005928,0.0420947074890136,114.2767023,22.4029316,156.722,-0.0003774000000049,-0.0001975999999999,39.48200000000001,-21.93359999998989,-38.729710869021815,59.497072507456906,83.12913665371696,0.0545274069528342,237.741346,IP15,222.79569191458933,28.355950900134527,-53.67959999989225,-49.700357952875095,-39.48200000000001,83.12913665371696,0.9738066962180169
1013,IP15_MAC,A	E	TR4c_1	TR4c_2	TR6c_1	TR6c_2	TR8c_1	TR8c_2	TRc0_1	TRc0_2	TR60_1	TR60_2,N	N	-127	-127	-82	-94	-86	-92	-88	-92	-82	-89,"[-127, -127, -82, -94, -86, -92, -88, -92, -82, -89]",-127,-127,-82,-94,-86,-92,-88,-92,-82,-89,0,30,904939,-1.041791,-5.06594,-122.258654,904739,1142767023,224029316,156722,0.482059,-0.029292,0.03431,-0.874976,904739,0.05113,0.017995,-0.005928,0.0441253185272216,114.2767023,22.4029316,156.722,-0.0003774000000049,-0.0001975999999999,39.48200000000001,-21.93359999998989,-38.729710869021815,59.497072507456906,83.12913665371696,0.0545274069528342,237.741346,IP15,222.79569191458933,28.355950900134527,-53.67959999989225,-49.700357952875095,-39.48200000000001,83.12913665371696,0.9738066962180169
1014,IP15_MAC,A	E	TR4c_1	TR4c_2	TR6c_1	TR6c_2	TR8c_1	TR8c_2	TRc0_1	TRc0_2	TR60_1	TR60_2,N	N	-91	-94	-84	-95	-88	-93	-89	-90	-127	-127,"[-91, -94, -84, -95, -88, -93, -89, -90, -127, -127]",-91,-94,-84,-95,-88,-93,-89,-90,-127,-127,240,30,905139,-0.933966,-5.356059,-122.207615,904939,1142767023,224029317,156727,0.482416,-0.029706,0.036966,-0.874658,904939,0.057444,0.02852,-0.010855,0.0425179004669189,114.2767023,22.4029317,156.727,-0.0003774000000049,-0.0001974999999987,39.48700000000001,-21.92249999986018,-38.72971084115667,59.496299692363046,83.13867943927237,0.0650464031365301,357.792385,IP15,222.78978623438863,28.35631714783101,-53.69070000002196,-49.70035798074024,-39.48700000000001,83.13867943927237,-0.3014421742151389
1015,IP15_MAC,A	E	TR4c_1	TR4c_2	TR6c_1	TR6c_2	TR8c_1	TR8c_2	TRc0_1	TRc0_2	TR60_1	TR60_2,N	N	-91	-94	-84	-95	-88	-93	-89	-90	-81	-87,"[-91, -94, -84, -95, -88, -93, -89, -90, -81, -87]",-91,-94,-84,-95,-88,-93,-89,-90,-81,-87,1,30,905139,-0.933966,-5.356059,-122.207615,904939,1142767023,224029317,156727,0.482416,-0.029706,0.036966,-0.874658,904939,0.057444,0.02852,-0.010855,0.0435945987701416,114.2767023,22.4029317,156.727,-0.0003774000000049,-0.0001974999999987,39.48700000000001,-21.92249999986018,-38.72971084115667,59.496299692363046,83.13867943927237,0.0650464031365301,236.792385,IP15,222.78978623438863,28.35631714783101,-53.69070000002196,-49.70035798074024,-39.48700000000001,83.13867943927237,0.9769421951573182
1016,IP15_MAC,A	E	TR4c_1	TR4c_2	TR6c_1	TR6c_2	TR8c_1	TR8c_2	TRc0_1	TRc0_2	TR60_1	TR60_2,N	N	-127	-127	-81	-87	-84	-90	-85	-91	-76	-85,"[-127, -127, -81, -87, -84, -90, -85, -91, -76, -85]",-127,-127,-81,-87,-84,-90,-85,-91,-76,-85,0,30,905539,-1.117936,-4.94005,-122.38341,905339,1142767025,224029320,156720,0.481111,-0.029307,0.03306,-0.875546,905339,0.043689,0.043861,-0.01079,0.045379638671875,114.2767025,22.402932,156.72,-0.0003772000000026,-0.0001971999999987,39.48,-21.889199999865383,-38.70918626831393,59.46602877432737,83.16913332426276,0.0628405931066854,237.61659,IP15,222.78386964308703,28.339515485077424,-53.72400000001676,-49.72088255358298,-39.48,83.16913332426276,0.9741804797238064
1017,IP15_MAC,A	E	TR4c_1	TR4c_2	TR6c_1	TR6c_2	TR8c_1	TR8c_2	TRc0_1	TRc0_2	TR60_1	TR60_2,N	N	-127	-127	-80	-88	-84	-92	-84	-91	-76	-86,"[-127, -127, -80, -88, -84, -92, -84, -91, -76, -86]",-127,-127,-80,-88,-84,-92,-84,-91,-76,-86,359,30,905739,-1.631887,-5.353268,-122.397454,905539,1142767026,224029321,156733,0.480685,-0.034961,0.03406,-0.875534,905539,0.062932,0.048354,-0.003781,0.0474989414215087,114.2767026,22.4029321,156.733,-0.0003771000000085,-0.0001970999999976,39.49300000000001,-21.878099999735667,-38.69892399657646,59.46389683741922,83.18860971709252,0.0794533945215684,238.602546,IP15,222.78386353333744,28.342453656388724,-53.73510000014648,-49.73114482532045,-39.49300000000001,83.18860971709252,0.9707159836362452
1018,IP15_MAC,A	E	TR4c_1	TR4c_2	TR6c_1	TR6c_2	TR8c_1	TR8c_2	TRc0_1	TRc0_2	TR60_1	TR60_2,N	N	-86	-93	-77	-88	-85	-87	-84	-90	-127	-127,"[-86, -93, -77, -88, -85, -87, -84, -90, -127, -127]",-86,-93,-77,-88,-85,-87,-84,-90,-127,-127,240,30,905739,-1.631887,-5.353268,-122.397454,905539,1142767026,224029321,156733,0.480685,-0.034961,0.03406,-0.875534,905539,0.062932,0.048354,-0.003781,0.043245792388916,114.2767026,22.4029321,156.733,-0.0003771000000085,-0.0001970999999976,39.49300000000001,-21.878099999735667,-38.69892399657646,59.46389683741922,83.18860971709252,0.0794533945215684,357.602546,IP15,222.78386353333744,28.342453656388724,-53.73510000014648,-49.73114482532045,-39.49300000000001,83.18860971709252,-0.2998862658827836
1019,IP15_MAC,A	E	TR4c_1	TR4c_2	TR6c_1	TR6c_2	TR8c_1	TR8c_2	TRc0_1	TRc0_2	TR60_1	TR60_2,N	N	-86	-93	-77	-88	-85	-87	-84	-90	-77	-84,"[-86, -93, -77, -88, -85, -87, -84, -90, -77, -84]",-86,-93,-77,-88,-85,-87,-84,-90,-77,-84,241,30,905939,-1.804497,-5.953033,-122.468602,905739,1142767028,224029323,156742,0.479872,-0.03877,0.03794,-0.87566,905739,0.078476,0.052164,-0.001483,0.0444569587707519,114.2767028,22.4029323,156.742,-0.0003769000000062,-0.0001968999999988,39.502,-21.855899999870587,-38.67839945168747,59.44835534267235,83.21949238257753,0.0942431151915088,356.531398,IP15,222.7838513224253,28.338025161188632,-53.757300000011554,-49.75166937020944,-39.502,83.21949238257753,-0.2897412590120731
1020,IP15_MAC,A	E	TR4c_1	TR4c_2	TR6c_1	TR6c_2	TR8c_1	TR8c_2	TRc0_1	TRc0_2	TR60_1	TR60_2,N	N	-86	-91	-78	-88	-88	-88	-84	-89	-77	-88,"[-86, -91, -78, -88, -88, -88, -84, -89, -77, -88]",-86,-91,-78,-88,-88,-88,-84,-89,-77,-88,241,30,905939,-1.804497,-5.953033,-122.468602,905739,1142767028,224029323,156742,0.479872,-0.03877,0.03794,-0.87566,905739,0.078476,0.052164,-0.001483,0.0382237434387207,114.2767028,22.4029323,156.742,-0.0003769000000062,-0.0001968999999988,39.502,-21.855899999870587,-38.67839945168747,59.44835534267235,83.21949238257753,0.0942431151915088,356.531398,IP15,222.7838513224253,28.338025161188632,-53.757300000011554,-49.75166937020944,-39.502,83.21949238257753,-0.2897412590120731
1021,IP15_MAC,A	E	TR4c_1	TR4c_2	TR6c_1	TR6c_2	TR8c_1	TR8c_2	TRc0_1	TRc0_2	TR60_1	TR60_2,N	N	-127	-127	-78	-86	-87	-90	-83	-88	-77	-89,"[-127, -127, -78, -86, -87, -90, -83, -88, -77, -89]",-127,-127,-78,-86,-87,-90,-83,-88,-77,-89,358,30,906139,-1.982165,-5.965132,-122.520775,905939,1142767029,224029325,156748,0.479387,-0.04016,0.037304,-0.87589,905939,0.067319,0.046966,-0.021154,0.0385940074920654,114.2767029,22.4029325,156.748,-0.0003767999999979,-0.0001967,39.508,-21.833700000005507,-38.6681371507151,59.4375079423486,83.24281667437796,0.0847652324541141,239.479225,IP15,222.77794948207756,28.334059344493426,-53.77949999987664,-49.76193167118181,-39.508,83.24281667437796,0.9674217294191844
1022,IP15_MAC,A	E	TR4c_1	TR4c_2	TR6c_1	TR6c_2	TR8c_1	TR8c_2	TRc0_1	TRc0_2	TR60_1	TR60_2,N	N	-85	-91	-76	-86	-86	-86	-83	-91	-76	-88,"[-85, -91, -76, -86, -86, -86, -83, -91, -76, -88]",-85,-91,-76,-86,-86,-86,-83,-91,-76,-88,241,30,906339,-1.707523,-5.669469,-122.678578,906139,1142767031,224029327,156749,0.478405,-0.036776,0.036248,-0.87662,906139,0.052889,0.047695,-0.064094,0.0428886413574218,114.2767031,22.4029327,156.749,-0.0003765999999956,-0.0001964999999977,39.509,-21.81149999974608,-38.647612605929474,59.416669154176944,83.2699042319574,0.0958128393379509,356.321422,IP15,222.77793971917023,28.324791533036095,-53.80170000013607,-49.78245621596744,-39.509,83.2699042319574,-0.2879438123557996
1023,IP15_MAC,A	E	TR4c_1	TR4c_2	TR6c_1	TR6c_2	TR8c_1	TR8c_2	TRc0_1	TRc0_2	TR60_1	TR60_2,N	N	-85	-93	-77	-87	-86	-88	-84	-89	-76	-87,"[-85, -93, -77, -87, -86, -88, -84, -89, -76, -87]",-85,-93,-77,-87,-86,-88,-84,-89,-76,-87,241,30,906339,-1.707523,-5.669469,-122.678578,906139,1142767031,224029327,156749,0.478405,-0.036776,0.036248,-0.87662,906139,0.052889,0.047695,-0.064094,0.0440912246704101,114.2767031,22.4029327,156.749,-0.0003765999999956,-0.0001964999999977,39.509,-21.81149999974608,-38.647612605929474,59.416669154176944,83.2699042319574,0.0958128393379509,356.321422,IP15,222.77793971917023,28.324791533036095,-53.80170000013607,-49.78245621596744,-39.509,83.2699042319574,-0.2879438123557996
1024,IP15_MAC,A	E	TR4c_1	TR4c_2	TR6c_1	TR6c_2	TR8c_1	TR8c_2	TRc0_1	TRc0_2	TR60_1	TR60_2,N	N	-86	-91	-78	-91	-127	-127	-85	-87	-76	-87,"[-86, -91, -78, -91, -127, -127, -85, -87, -76, -87]",-86,-91,-78,-91,-127,-127,-85,-87,-76,-87,240,30,906539,-1.965931,-5.657355,-122.659875,906539,1142767034,224029328,156702,0.478437,-0.038706,0.035067,-0.876568,906539,0.027822,0.067571,-0.13195,0.0445051193237304,114.2767034,22.4029328,156.702,-0.0003762999999992,-0.0001964,39.462,-21.80040000001071,-38.61682584515883,59.36131840277636,83.27320135365103,0.1508333723848936,357.340125,IP15,222.78970571837195,28.286838997354785,-53.81279999987143,-49.81324297673808,-39.462,83.27320135365103,-0.2980559150447848
1025,IP15_MAC,A	E	TR4c_1	TR4c_2	TR6c_1	TR6c_2	TR8c_1	TR8c_2	TRc0_1	TRc0_2	TR60_1	TR60_2,N	N	-87	-93	-79	-88	-127	-127	-86	-89	-78	-85,"[-87, -93, -79, -88, -127, -127, -86, -89, -78, -85]",-87,-93,-79,-88,-127,-127,-86,-89,-78,-85,241,29,906939,-1.963553,-4.91077,-122.698865,906739,1142767036,224029329,156697,0.478381,-0.03556,0.029378,-0.87694,906739,0.004483,0.072288,-0.176004,0.04498291015625,114.2767036,22.4029329,156.697,-0.0003760999999968,-0.0001962999999989,39.45700000000001,-21.789299999881,-38.5963013282605,59.34056723445352,83.29028420422118,0.1903235672453624,356.301135,IP15,222.79558096545668,28.276609559984863,-53.823900000001146,-49.83376749363641,-39.45700000000001,83.29028420422118,-0.3005924428306498
1026,IP15_MAC,A	E	TR4c_1	TR4c_2	TR6c_1	TR6c_2	TR8c_1	TR8c_2	TRc0_1	TRc0_2	TR60_1	TR60_2,N	N	-87	-92	-79	-91	-127	-127	-87	-88	-77	-86,"[-87, -92, -79, -91, -127, -127, -87, -88, -77, -86]",-87,-92,-79,-91,-127,-127,-87,-88,-77,-86,0,29,906939,-1.963553,-4.91077,-122.698865,906739,1142767036,224029329,156697,0.478381,-0.03556,0.029378,-0.87694,906739,0.004483,0.072288,-0.176004,0.0423974990844726,114.2767036,22.4029329,156.697,-0.0003760999999968,-0.0001962999999989,39.45700000000001,-21.789299999881,-38.5963013282605,59.34056723445352,83.29028420422118,0.1903235672453624,237.301135,IP15,222.79558096545668,28.276609559984863,-53.823900000001146,-49.83376749363641,-39.45700000000001,83.29028420422118,0.9753672551639084
1027,IP15_MAC,A	E	TR4c_1	TR4c_2	TR6c_1	TR6c_2	TR8c_1	TR8c_2	TRc0_1	TRc0_2	TR60_1	TR60_2,N	N	-86	-91	-77	-86	-89	-86	-85	-88	-127	-127,"[-86, -91, -77, -86, -89, -86, -85, -88, -127, -127]",-86,-91,-77,-86,-89,-86,-85,-88,-127,-127,240,30,907139,-2.317837,-4.938119,-122.61441,906939,1142767039,224029328,156661,0.478874,-0.038404,0.028076,-0.876594,906939,0.009597,0.06569,-0.266716,0.0514872074127197,114.2767039,22.4029328,156.661,-0.0003758000000004,-0.0001964,39.42100000000001,-21.80040000001071,-38.5655146230651,59.30068801710749,83.28449105490408,0.2748539669806495,357.38559,IP15,222.8191133367085,28.25063447453944,-53.81279999987143,-49.86455419883181,-39.42100000000001,83.28449105490408,-0.2986683356697564
1028,IP15_MAC,A	E	TR4c_1	TR4c_2	TR6c_1	TR6c_2	TR8c_1	TR8c_2	TRc0_1	TRc0_2	TR60_1	TR60_2,N	N	-86	-91	-77	-86	-89	-86	-85	-88	-77	-88,"[-86, -91, -77, -86, -89, -86, -85, -88, -77, -88]",-86,-91,-77,-86,-89,-86,-85,-88,-77,-88,241,30,907139,-2.317837,-4.938119,-122.61441,906939,1142767039,224029328,156661,0.478874,-0.038404,0.028076,-0.876594,906939,0.009597,0.06569,-0.266716,0.0531849861145019,114.2767039,22.4029328,156.661,-0.0003758000000004,-0.0001964,39.42100000000001,-21.80040000001071,-38.5655146230651,59.30068801710749,83.28449105490408,0.2748539669806495,356.38559,IP15,222.8191133367085,28.25063447453944,-53.81279999987143,-49.86455419883181,-39.42100000000001,83.28449105490408,-0.2891014876245475
1029,IP15_MAC,A	E	TR4c_1	TR4c_2	TR6c_1	TR6c_2	TR8c_1	TR8c_2	TRc0_1	TRc0_2	TR60_1	TR60_2,N	N	-86	-92	-76	-88	-127	-127	-86	-89	-76	-91,"[-86, -92, -76, -88, -127, -127, -86, -89, -76, -91]",-86,-92,-76,-88,-127,-127,-86,-89,-76,-91,240,30,907339,-2.548432,-4.629923,-122.513944,907339,1142767043,224029328,156548,0.479652,-0.0389,0.024717,-0.876247,907339,0.009092,0.046006,-0.318965,0.0415804386138916,114.2767043,22.4029328,156.548,-0.0003753999999958,-0.0001964,39.30800000000001,-21.80040000001071,-38.52446564480677,59.19890841373991,83.25566368899688,0.3223939945547993,357.486056,IP15,222.84261930938317,28.173041579248338,-53.81279999987143,-49.905603177090136,-39.30800000000001,83.25566368899688,-0.3003841596892752
1030,IP15_MAC,A	E	TR4c_1	TR4c_2	TR6c_1	TR6c_2	TR8c_1	TR8c_2	TRc0_1	TRc0_2	TR60_1	TR60_2,N	N	-86	-90	-77	-85	-127	-127	-86	-87	-76	-84,"[-86, -90, -77, -85, -127, -127, -86, -87, -76, -84]",-86,-90,-77,-85,-127,-127,-86,-87,-76,-84,241,29,907539,-2.641654,-4.798814,-122.515966,907339,1142767043,224029328,156548,0.47954,-0.040318,0.025618,-0.876219,907339,0.009092,0.046006,-0.318965,0.0422620773315429,114.2767043,22.4029328,156.548,-0.0003753999999958,-0.0001964,39.30800000000001,-21.80040000001071,-38.52446564480677,59.19890841373991,83.25566368899688,0.3223939945547993,356.484034,IP15,222.84261930938317,28.173041579248338,-53.81279999987143,-49.905603177090136,-39.30800000000001,83.25566368899688,-0.303203834297828
1031,IP15_MAC,A	E	TR4c_1	TR4c_2	TR6c_1	TR6c_2	TR8c_1	TR8c_2	TRc0_1	TRc0_2	TR60_1	TR60_2,N	N	-87	-92	-78	-90	-127	-127	-87	-86	-77	-86,"[-87, -92, -78, -90, -127, -127, -87, -86, -77, -86]",-87,-92,-78,-90,-127,-127,-87,-86,-77,-86,240,30,907539,-2.641654,-4.798814,-122.515966,907539,1142767044,224029327,156490,0.47954,-0.040318,0.025618,-0.876219,907539,0.009283,0.016612,-0.297146,0.0425360202789306,114.2767044,22.4029327,156.49,-0.0003753000000017,-0.0001964999999977,39.250000000000014,-21.81149999974608,-38.51420342868146,59.15782195098788,83.22727341958431,0.2977547278365198,357.484034,IP15,222.85438620758325,28.138220151956748,-53.80170000013607,-49.91586539321545,-39.250000000000014,83.22727341958431,-0.3006958159158351
1032,IP15_MAC,A	E	TR4c_1	TR4c_2	TR6c_1	TR6c_2	TR8c_1	TR8c_2	TRc0_1	TRc0_2	TR60_1	TR60_2,N	N	-88	-91	-78	-89	-127	-127	-88	-86	-78	-85,"[-88, -91, -78, -89, -127, -127, -88, -86, -78, -85]",-88,-91,-78,-89,-127,-127,-88,-86,-78,-85,240,29,907739,-2.087465,-4.775899,-122.595107,907539,1142767044,224029327,156490,0.479168,-0.03597,0.027794,-0.876545,907539,0.009283,0.016612,-0.297146,0.0448219776153564,114.2767044,22.4029327,156.49,-0.0003753000000017,-0.0001964999999977,39.250000000000014,-21.81149999974608,-38.51420342868146,59.15782195098788,83.22727341958431,0.2977547278365198,357.404893,IP15,222.85438620758325,28.138220151956748,-53.80170000013607,-49.91586539321545,-39.250000000000014,83.22727341958431,-0.312425050436489
1033,IP15_MAC,A	E	TR4c_1	TR4c_2	TR6c_1	TR6c_2	TR8c_1	TR8c_2	TRc0_1	TRc0_2	TR60_1	TR60_2,N	N	-127	-127	-78	-88	-127	-127	-86	-87	-77	-82,"[-127, -127, -78, -88, -127, -127, -86, -87, -77, -82]",-127,-127,-78,-88,-127,-127,-86,-87,-77,-82,239,30,907939,-1.839602,-4.818405,-122.704712,907739,1142767045,224029327,156442,0.478413,-0.034226,0.029191,-0.876982,907739,-0.001022,0.010489,-0.344618,0.0460000038146972,114.2767045,22.4029327,156.442,-0.0003752000000076,-0.0001964999999977,39.20200000000001,-21.81149999974608,-38.50394118483867,59.11930161127109,83.21080427286155,0.3447791025120287,358.295288,IP15,222.86025888098348,28.1068087704964,-53.80170000013607,-49.92612763705824,-39.20200000000001,83.21080427286155,-0.3086831720215024
1034,IP15_MAC,A	E	TR4c_1	TR4c_2	TR6c_1	TR6c_2	TR8c_1	TR8c_2	TRc0_1	TRc0_2	TR60_1	TR60_2,N	N	-89	-92	-81	-89	-127	-127	-87	-88	-127	-127,"[-89, -92, -81, -89, -127, -127, -87, -88, -127, -127]",-89,-92,-81,-89,-127,-127,-87,-88,-127,-127,240,30,908139,-1.898043,-4.641457,-122.717786,907939,1142767045,224029326,156365,0.478343,-0.033931,0.027597,-0.877083,907939,0.005228,0.008913,-0.344808,0.0428569316864013,114.2767045,22.4029326,156.365,-0.0003752000000076,-0.0001965999999988,39.125000000000014,-21.82259999987579,-38.503941212541385,59.07237073838685,83.16737636493252,0.3449627956997682,357.282214,IP15,222.86615347718237,28.062658272933408,-53.79060000000635,-49.926127609355525,-39.125000000000014,83.16737636493252,-0.2996242906344074
1035,IP15_MAC,A	E	TR4c_1	TR4c_2	TR6c_1	TR6c_2	TR8c_1	TR8c_2	TRc0_1	TRc0_2	TR60_1	TR60_2,N	N	-89	-92	-81	-89	-127	-127	-87	-88	-80	-87,"[-89, -92, -81, -89, -127, -127, -87, -88, -80, -87]",-89,-92,-81,-89,-127,-127,-87,-88,-80,-87,0,29,908339,-1.651528,-4.598085,-122.599916,908139,1142767045,224029326,156302,0.47935,-0.031893,0.028263,-0.876589,908139,0.006659,0.012584,-0.332733,0.0463886260986328,114.2767045,22.4029326,156.302,-0.0003752000000076,-0.0001965999999988,39.062,-21.82259999987579,-38.503941212541385,59.03066324930986,83.13775742962,0.333037458292607,237.400084,IP15,222.86615347718237,28.024345201317374,-53.79060000000635,-49.926127609355525,-39.062,83.13775742962,0.9751481971258664
1036,IP15_MAC,A	E	TR4c_1	TR4c_2	TR6c_1	TR6c_2	TR8c_1	TR8c_2	TRc0_1	TRc0_2	TR60_1	TR60_2,N	N	-127	-127	-82	-92	-127	-127	-90	-90	-81	-91,"[-127, -127, -82, -92, -127, -127, -90, -90, -81, -91]",-127,-127,-82,-92,-127,-127,-90,-90,-81,-91,240,30,908539,-2.403291,-4.505126,-122.503712,908339,1142767046,224029325,156233,0.47983,-0.037271,0.024369,-0.876231,908339,0.021642,0.019917,-0.3442,0.0461032390594482,114.2767046,22.4029325,156.233,-0.0003750999999994,-0.0001967,38.99300000000001,-21.833700000005507,-38.4936789949282,58.9824365998457,83.10434223425221,0.3454543429355028,357.496288,IP15,222.87792111783023,27.982724892134097,-53.77949999987664,-49.93638982696872,-38.99300000000001,83.10434223425221,-0.3025627929344185
1037,IP15_MAC,A	E	TR4c_1	TR4c_2	TR6c_1	TR6c_2	TR8c_1	TR8c_2	TRc0_1	TRc0_2	TR60_1	TR60_2,N	N	-127	-127	-83	-90	-127	-127	-127	-127	-85	-87,"[-127, -127, -83, -90, -127, -127, -127, -127, -85, -87]",-127,-127,-83,-90,-127,-127,-127,-127,-85,-87,239,30,908539,-2.403291,-4.505126,-122.503712,908339,1142767046,224029325,156233,0.47983,-0.037271,0.024369,-0.876231,908339,0.021642,0.019917,-0.3442,0.0437192916870117,114.2767046,22.4029325,156.233,-0.0003750999999994,-0.0001967,38.99300000000001,-21.833700000005507,-38.4936789949282,58.9824365998457,83.10434223425221,0.3454543429355028,358.496288,IP15,222.87792111783023,27.982724892134097,-53.77949999987664,-49.93638982696872,-38.99300000000001,83.10434223425221,-0.3119815360654616
1038,IP15_MAC,A	E	TR4c_1	TR4c_2	TR6c_1	TR6c_2	TR8c_1	TR8c_2	TRc0_1	TRc0_2	TR60_1	TR60_2,N	N	-127	-127	-83	-91	-127	-127	-127	-127	-83	-86,"[-127, -127, -83, -91, -127, -127, -127, -127, -83, -86]",-127,-127,-83,-91,-127,-127,-127,-127,-83,-86,238,30,908539,-2.403291,-4.505126,-122.503712,908539,1142767046,224029326,156173,0.47983,-0.037271,0.024369,-0.876231,908539,0.035508,0.006872,-0.334954,0.0462398529052734,114.2767046,22.4029326,156.173,-0.0003750999999994,-0.0001965999999988,38.93300000000001,-21.82259999987579,-38.49367896723286,58.93867728569216,83.08339285969055,0.3369009120854379,359.496288,IP15,222.87202512464503,27.94355314236574,-53.79060000000635,-49.93638985466405,-38.93300000000001,83.08339285969055,-0.321791563179853
1039,IP15_MAC,A	E	TR4c_1	TR4c_2	TR6c_1	TR6c_2	TR8c_1	TR8c_2	TRc0_1	TRc0_2	TR60_1	TR60_2,N	N	-127	-127	-84	-90	-127	-127	-127	-127	-84	-83,"[-127, -127, -84, -90, -127, -127, -127, -127, -84, -83]",-127,-127,-84,-90,-127,-127,-127,-127,-84,-83,61,30,908739,-2.687291,-5.060355,-122.48128,908539,1142767046,224029326,156173,0.479692,-0.041769,0.027413,-0.876013,908539,0.035508,0.006872,-0.334954,0.0453126430511474,114.2767046,22.4029326,156.173,-0.0003750999999994,-0.0001965999999988,38.93300000000001,-21.82259999987579,-38.49367896723286,58.93867728569216,83.08339285969055,0.3369009120854379,176.51872,IP15,222.87202512464503,27.94355314236574,-53.79060000000635,-49.93638985466405,-38.93300000000001,83.08339285969055,0.7623491188082316
1040,IP15_MAC,A	E	TR4c_1	TR4c_2	TR6c_1	TR6c_2	TR8c_1	TR8c_2	TRc0_1	TRc0_2	TR60_1	TR60_2,N	N	-89	-91	-84	-90	-127	-127	-127	-127	-84	-83,"[-89, -91, -84, -90, -127, -127, -127, -127, -84, -83]",-89,-91,-84,-90,-127,-127,-127,-127,-84,-83,60,29,908739,-2.687291,-5.060355,-122.48128,908739,1142767046,224029326,156121,0.479692,-0.041769,0.027413,-0.876013,908739,0.03243,-0.017798,-0.329954,0.0456137657165527,114.2767046,22.4029326,156.121,-0.0003750999999994,-0.0001965999999988,38.881000000000014,-21.82259999987579,-38.49367896723286,58.90434069053796,83.05903828649642,0.3320212580844787,177.51872,IP15,222.87202512464503,27.911864673620556,-53.79060000000635,-49.93638985466405,-38.881000000000014,83.05903828649642,0.7700697916177445
1041,IP15_MAC,A	E	TR4c_1	TR4c_2	TR6c_1	TR6c_2	TR8c_1	TR8c_2	TRc0_1	TRc0_2	TR60_1	TR60_2,N	N	-127	-127	-82	-94	-127	-127	-127	-127	-81	-91,"[-127, -127, -82, -94, -127, -127, -127, -127, -81, -91]",-127,-127,-82,-94,-127,-127,-127,-127,-81,-91,239,30,908939,-2.051944,-5.450813,-122.4274,908939,1142767046,224029326,156064,0.480245,-0.038568,0.033049,-0.875662,908939,0.015561,-0.041475,-0.316768,0.0450625419616699,114.2767046,22.4029326,156.064,-0.0003750999999994,-0.0001965999999988,38.824,-21.82259999987579,-38.49367896723286,58.86673226183839,83.03237113365893,0.3198504121773176,358.5726,IP15,222.87202512464503,27.877107892138,-53.79060000000635,-49.93638985466405,-38.824,83.03237113365893,-0.3140979473280773
1042,IP15_MAC,A	E	TR4c_1	TR4c_2	TR6c_1	TR6c_2	TR8c_1	TR8c_2	TRc0_1	TRc0_2	TR60_1	TR60_2,N	N	-127	-127	-81	-90	-127	-127	-90	-90	-127	-127,"[-127, -127, -81, -90, -127, -127, -90, -90, -127, -127]",-127,-127,-81,-90,-127,-127,-90,-90,-127,-127,240,30,909139,-1.8252,-5.028244,-122.506417,908939,1142767046,224029326,156064,0.479872,-0.035045,0.030797,-0.876097,908939,0.015561,-0.041475,-0.316768,0.0423576831817626,114.2767046,22.4029326,156.064,-0.0003750999999994,-0.0001965999999988,38.824,-21.82259999987579,-38.49367896723286,58.86673226183839,83.03237113365893,0.3198504121773176,357.493583,IP15,222.87202512464503,27.877107892138,-53.79060000000635,-49.93638985466405,-38.824,83.03237113365893,-0.3039326635443115
1043,IP15_MAC,A	E	TR4c_1	TR4c_2	TR6c_1	TR6c_2	TR8c_1	TR8c_2	TRc0_1	TRc0_2	TR60_1	TR60_2,N	N	-127	-127	-81	-89	-127	-127	-90	-91	-81	-92,"[-127, -127, -81, -89, -127, -127, -90, -91, -81, -92]",-127,-127,-81,-89,-127,-127,-90,-91,-81,-92,240,30,909339,-2.481765,-4.763716,-122.467919,909139,1142767045,224029326,156005,0.479986,-0.038961,0.026005,-0.876025,909139,0.009895,-0.017702,-0.317905,0.0430555343627929,114.2767045,22.4029326,156.005,-0.0003752000000076,-0.0001965999999988,38.765,-21.82259999987579,-38.503941212541385,58.83455264258769,82.9986270454297,0.3185511903195466,357.532081,IP15,222.86615347718237,27.84335892115082,-53.79060000000635,-49.926127609355525,-38.765,82.9986270454297,-0.3047824052437138
1044,IP15_MAC,A	E	TR4c_1	TR4c_2	TR6c_1	TR6c_2	TR8c_1	TR8c_2	TRc0_1	TRc0_2	TR60_1	TR60_2,N	N	-127	-127	-83	-88	-127	-127	-127	-127	-81	-91,"[-127, -127, -83, -88, -127, -127, -127, -127, -81, -91]",-127,-127,-83,-88,-127,-127,-127,-127,-81,-91,240,30,909539,-1.63489,-5.38775,-122.450214,909339,1142767044,224029327,155937,0.48027,-0.035113,0.034327,-0.875745,909339,0.012137,-0.048738,-0.297418,0.0440030097961425,114.2767044,22.4029327,155.937,-0.0003753000000017,-0.0001964999999977,38.69700000000002,-21.81149999974608,-38.51420342868146,58.792373714494495,82.96791156741409,0.3016291864806852,357.549786,IP15,222.85438620758325,27.801463375727906,-53.80170000013607,-49.91586539321545,-38.69700000000002,82.96791156741409,-0.3055937029559932
1045,IP15_MAC,A	E	TR4c_1	TR4c_2	TR6c_1	TR6c_2	TR8c_1	TR8c_2	TRc0_1	TRc0_2	TR60_1	TR60_2,N	N	-127	-127	-82	-87	-127	-127	-127	-127	-80	-86,"[-127, -127, -82, -87, -127, -127, -127, -127, -80, -86]",-127,-127,-82,-87,-127,-127,-127,-127,-80,-86,0,30,909739,-1.489864,-5.471371,-122.503412,909539,1142767044,224029327,155896,0.479899,-0.03434,0.035591,-0.875929,909539,0.009769,-0.064701,-0.303877,0.0446076393127441,114.2767044,22.4029327,155.896,-0.0003753000000017,-0.0001964999999977,38.65599999999999,-21.81149999974608,-38.51420342868146,58.765395718779786,82.94879671736199,0.3108422170346235,237.496588,IP15,222.85438620758325,27.776412197380274,-53.80170000013607,-49.91586539321545,-38.65599999999999,82.94879671736199,0.9743621743467938
1046,IP15_MAC,A	E	TR4c_1	TR4c_2	TR6c_1	TR6c_2	TR8c_1	TR8c_2	TRc0_1	TRc0_2	TR60_1	TR60_2,N	N	-127	-127	-84	-89	-127	-127	-93	-90	-84	-90,"[-127, -127, -84, -89, -127, -127, -93, -90, -84, -90]",-127,-127,-84,-89,-127,-127,-93,-90,-84,-90,240,29,909939,-1.985472,-5.213781,-122.347699,909739,1142767042,224029327,155841,0.480961,-0.037089,0.031491,-0.875391,909739,0.000678,-0.049856,-0.305679,0.0434582233428955,114.2767042,22.4029327,155.841,-0.000375500000004,-0.0001964999999977,38.60100000000001,-21.81149999974608,-38.53472791782539,58.742693068497935,82.9108266020678,0.3097187941681938,357.652301,IP15,222.84263750835825,27.74727891949031,-53.80170000013607,-49.89534090407152,-38.60100000000001,82.9108266020678,-0.3197985785855788
1047,IP15_MAC,A	E	TR4c_1	TR4c_2	TR6c_1	TR6c_2	TR8c_1	TR8c_2	TRc0_1	TRc0_2	TR60_1	TR60_2,N	N	-127	-127	-127	-127	-127	-127	-127	-127	-83	-87,"[-127, -127, -127, -127, -127, -127, -127, -127, -83, -87]",-127,-127,-127,-127,-127,-127,-127,-127,-83,-87,359,30,910139,-1.35109,-5.536663,-122.526882,909939,1142767042,224029327,155783,0.479758,-0.033546,0.036679,-0.875992,909939,-0.005672,-0.056849,-0.299848,0.0433728694915771,114.2767042,22.4029327,155.783,-0.000375500000004,-0.0001964999999977,38.54299999999999,-21.81149999974608,-38.53472791782539,58.70459638682268,82.88383929233824,0.305242204632649,238.473118,IP15,222.84263750835825,27.71179522358409,-53.80170000013607,-49.89534090407152,-38.54299999999999,82.88383929233824,0.9708499380631368
1048,IP15_MAC,A	E	TR4c_1	TR4c_2	TR6c_1	TR6c_2	TR8c_1	TR8c_2	TRc0_1	TRc0_2	TR60_1	TR60_2,N	N	-127	-127	-127	-127	-127	-127	-127	-127	-82	-86,"[-127, -127, -127, -127, -127, -127, -127, -127, -82, -86]",-127,-127,-127,-127,-127,-127,-127,-127,-82,-86,359,30,910339,-1.085173,-5.305467,-122.598741,910139,1142767041,224029327,155731,0.479382,-0.030523,0.036046,-0.876334,910139,-0.023297,-0.069181,-0.302684,0.0427298545837402,114.2767041,22.4029327,155.731,-0.0003755999999981,-0.0001964999999977,38.491,-21.81149999974608,-38.54499016166818,58.67720920256876,82.8534916394104,0.3113621120592549,238.401259,IP15,222.83676148297772,27.682204156268877,-53.80170000013607,-49.88507866022873,-38.491,82.8534916394104,0.9710589627974268
1049,IP15_MAC,A	E	TR4c_1	TR4c_2	TR6c_1	TR6c_2	TR8c_1	TR8c_2	TRc0_1	TRc0_2	TR60_1	TR60_2,N	N	-127	-127	-86	-94	-127	-127	-127	-127	-127	-127,"[-127, -127, -86, -94, -127, -127, -127, -127, -127, -127]",-127,-127,-86,-94,-127,-127,-127,-127,-127,-127,239,30,910539,-1.872975,-4.158628,-122.608085,910339,1142767041,224029326,155665,0.47933,-0.031746,0.023976,-0.876732,910339,-0.031821,-0.034588,-0.235225,0.0472862720489501,114.2767041,22.4029326,155.665,-0.0003755999999981,-0.0001965999999988,38.425,-21.82259999987579,-38.54499018940042,58.63806583146781,82.815640693839,0.2398743554655228,358.391915,IP15,222.84265571586968,27.644384800053157,-53.79060000000635,-49.88507863249649,-38.425,82.815640693839,-0.3156507891380187
1050,IP15_MAC,A	E	TR4c_1	TR4c_2	TR6c_1	TR6c_2	TR8c_1	TR8c_2	TRc0_1	TRc0_2	TR60_1	TR60_2,N	N	-127	-127	-85	-91	-127	-127	-127	-127	-80	-87,"[-127, -127, -85, -91, -127, -127, -127, -127, -80, -87]",-127,-127,-85,-91,-127,-127,-127,-127,-80,-87,1,30,910539,-1.872975,-4.158628,-122.608085,910339,1142767041,224029326,155665,0.47933,-0.031746,0.023976,-0.876732,910339,-0.031821,-0.034588,-0.235225,0.0496635437011718,114.2767041,22.4029326,155.665,-0.0003755999999981,-0.0001965999999988,38.425,-21.82259999987579,-38.54499018940042,58.63806583146781,82.815640693839,0.2398743554655228,236.391915,IP15,222.84265571586968,27.644384800053157,-53.79060000000635,-49.88507863249649,-38.425,82.815640693839,0.9778039271355428
1051,IP15_MAC,A	E	TR4c_1	TR4c_2	TR6c_1	TR6c_2	TR8c_1	TR8c_2	TRc0_1	TRc0_2	TR60_1	TR60_2,N	N	-127	-127	-85	-91	-127	-127	-127	-127	-80	-86,"[-127, -127, -85, -91, -127, -127, -127, -127, -80, -86]",-127,-127,-85,-91,-127,-127,-127,-127,-80,-86,1,30,910739,-1.533319,-4.34646,-122.577921,910539,1142767040,224029325,155623,0.479628,-0.029942,0.026828,-0.87655,910539,-0.03475,-0.039063,-0.110797,0.0479853153228759,114.276704,22.4029325,155.623,-0.0003757000000064,-0.0001967,38.383,-21.833700000005507,-38.55525246244858,58.62143496310362,82.78276762784284,0.1225130837012929,236.422079,IP15,222.84267393004257,27.623488635780294,-53.77949999987664,-49.87481635944833,-38.383,82.78276762784284,0.9776901073608388
1052,IP15_MAC,A	E	TR4c_1	TR4c_2	TR6c_1	TR6c_2	TR8c_1	TR8c_2	TRc0_1	TRc0_2	TR60_1	TR60_2,N	N	-127	-127	-86	-92	-127	-127	-127	-127	-84	-90,"[-127, -127, -86, -92, -127, -127, -127, -127, -84, -90]",-127,-127,-86,-92,-127,-127,-127,-127,-84,-90,0,30,910739,-1.533319,-4.34646,-122.577921,910539,1142767040,224029325,155623,0.479628,-0.029942,0.026828,-0.87655,910539,-0.03475,-0.039063,-0.110797,0.0500357151031494,114.276704,22.4029325,155.623,-0.0003757000000064,-0.0001967,38.383,-21.833700000005507,-38.55525246244858,58.62143496310362,82.78276762784284,0.1225130837012929,237.422079,IP15,222.84267393004257,27.623488635780294,-53.77949999987664,-49.87481635944833,-38.383,82.78276762784284,0.9744323033879266
1053,IP15_MAC,A	E	TR4c_1	TR4c_2	TR6c_1	TR6c_2	TR8c_1	TR8c_2	TRc0_1	TRc0_2	TR60_1	TR60_2,N	N	-127	-127	-88	-94	-127	-127	-93	-92	-127	-127,"[-127, -127, -88, -94, -127, -127, -93, -92, -127, -127]",-127,-127,-88,-94,-127,-127,-93,-92,-127,-127,239,30,910939,-0.773438,-4.745244,-122.729398,910739,1142767040,224029325,155584,0.478635,-0.025758,0.033098,-0.877012,910739,-0.020231,-0.056953,-0.045174,0.0475749969482421,114.276704,22.4029325,155.584,-0.0003757000000064,-0.0001967,38.34400000000001,-21.833700000005507,-38.55525246244858,58.59590671824601,82.76469212850022,0.0754561319310763,358.270602,IP15,222.84267393004257,27.599567459913853,-53.77949999987664,-49.87481635944833,-38.34400000000001,82.76469212850022,-0.3150821487500279
1054,IP15_MAC,A	E	TR4c_1	TR4c_2	TR6c_1	TR6c_2	TR8c_1	TR8c_2	TRc0_1	TRc0_2	TR60_1	TR60_2,N	N	-127	-127	-88	-94	-127	-127	-93	-92	-84	-88,"[-127, -127, -88, -94, -127, -127, -93, -92, -84, -88]",-127,-127,-88,-94,-127,-127,-93,-92,-84,-88,1,29,910939,-0.773438,-4.745244,-122.729398,910739,1142767040,224029325,155584,0.478635,-0.025758,0.033098,-0.877012,910739,-0.020231,-0.056953,-0.045174,0.0401246547698974,114.276704,22.4029325,155.584,-0.0003757000000064,-0.0001967,38.34400000000001,-21.833700000005507,-38.55525246244858,58.59590671824601,82.76469212850022,0.0754561319310763,236.270602,IP15,222.84267393004257,27.599567459913853,-53.77949999987664,-49.87481635944833,-38.34400000000001,82.76469212850022,0.9785124010117976
1055,IP15_MAC,A	E	TR4c_1	TR4c_2	TR6c_1	TR6c_2	TR8c_1	TR8c_2	TRc0_1	TRc0_2	TR60_1	TR60_2,N	N	-127	-127	-90	-94	-127	-127	-93	-90	-83	-87,"[-127, -127, -90, -94, -127, -127, -93, -90, -83, -87]",-127,-127,-90,-94,-127,-127,-93,-90,-83,-87,2,30,911339,-2.143631,-3.782729,-122.59997,911139,1142767039,224029324,155579,0.479406,-0.032245,0.019963,-0.876773,911139,-0.009816,0.02942,0.011775,0.0475261211395263,114.2767039,22.4029324,155.579,-0.0003758000000004,-0.0001967999999976,38.33900000000001,-21.84479999974087,-38.565514734053146,58.60352493435144,82.7489789299825,0.033174400989317,235.40003,IP15,222.84269215234252,27.601348677390263,-53.76840000014127,-49.86455408784376,-38.33900000000001,82.7489789299825,0.9807652148807036
1056,IP15_MAC,A	E	TR4c_1	TR4c_2	TR6c_1	TR6c_2	TR8c_1	TR8c_2	TRc0_1	TRc0_2	TR60_1	TR60_2,N	N	-127	-127	-86	-98	-127	-127	-93	-91	-81	-91,"[-127, -127, -86, -98, -127, -127, -93, -91, -81, -91]",-127,-127,-86,-98,-127,-127,-93,-91,-81,-91,1,30,911339,-2.143631,-3.782729,-122.59997,911139,1142767039,224029324,155579,0.479406,-0.032245,0.019963,-0.876773,911139,-0.009816,0.02942,0.011775,0.0410442352294921,114.2767039,22.4029324,155.579,-0.0003758000000004,-0.0001967999999976,38.33900000000001,-21.84479999974087,-38.565514734053146,58.60352493435144,82.7489789299825,0.033174400989317,236.40003,IP15,222.84269215234252,27.601348677390263,-53.76840000014127,-49.86455408784376,-38.33900000000001,82.7489789299825,0.9777390198941214
1057,IP15_MAC,A	E	TR4c_1	TR4c_2	TR6c_1	TR6c_2	TR8c_1	TR8c_2	TRc0_1	TRc0_2	TR60_1	TR60_2,N	N	-127	-127	-83	-91	-127	-127	-92	-91	-81	-87,"[-127, -127, -83, -91, -127, -127, -92, -91, -81, -87]",-127,-127,-83,-91,-127,-127,-92,-91,-81,-87,0,29,911539,-2.115487,-4.258082,-122.43352,911339,1142767040,224029324,155578,0.480551,-0.034052,0.023668,-0.875986,911339,0.007428,0.023194,0.028732,0.0515305995941162,114.276704,22.4029324,155.578,-0.0003757000000064,-0.0001967999999976,38.33800000000001,-21.84479999974087,-38.55525249018821,58.596117837369086,82.75470008825401,0.0376651648609162,237.56648,IP15,222.84857068793343,27.598496520524627,-53.76840000014127,-49.8748163317087,-38.33800000000001,82.75470008825401,0.9742685095595373
1059,IP15_MAC,A	E	TR4c_1	TR4c_2	TR6c_1	TR6c_2	TR8c_1	TR8c_2	TRc0_1	TRc0_2	TR60_1	TR60_2,N	N	-127	-127	-80	-90	-81	-91	-90	-89	-79	-85,"[-127, -127, -80, -90, -81, -91, -90, -89, -79, -85]",-127,-127,-80,-90,-81,-91,-90,-89,-79,-85,1,29,912139,-3.087316,-4.473242,-122.4477,911939,1142767041,224029326,155586,0.479995,-0.042373,0.021232,-0.87599,911939,-0.002234,-0.000111,0.002785,0.0393598079681396,114.2767041,22.4029326,155.586,-0.0003755999999981,-0.0001965999999988,38.34600000000002,-21.82259999987579,-38.54499018940042,58.58632822984861,82.77901566539096,0.003572016517319,236.5523,IP15,222.84265571586968,27.595946714548173,-53.79060000000635,-49.88507863249649,-38.34600000000002,82.77901566539096,0.9776160077250072
1060,IP15_MAC,A	E	TR4c_1	TR4c_2	TR6c_1	TR6c_2	TR8c_1	TR8c_2	TRc0_1	TRc0_2	TR60_1	TR60_2,N	N	-127	-127	-80	-90	-82	-91	-89	-91	-80	-95,"[-127, -127, -80, -90, -82, -91, -89, -91, -80, -95]",-127,-127,-80,-90,-82,-91,-89,-91,-80,-95,240,30,912139,-3.087316,-4.473242,-122.4477,911939,1142767041,224029326,155586,0.479995,-0.042373,0.021232,-0.87599,911939,-0.002234,-0.000111,0.002785,0.0420618057250976,114.2767041,22.4029326,155.586,-0.0003755999999981,-0.0001965999999988,38.34600000000002,-21.82259999987579,-38.54499018940042,58.58632822984861,82.77901566539096,0.003572016517319,357.5523,IP15,222.84265571586968,27.595946714548173,-53.79060000000635,-49.88507863249649,-38.34600000000002,82.77901566539096,-0.3083328311925379
1061,IP15_MAC,A	E	TR4c_1	TR4c_2	TR6c_1	TR6c_2	TR8c_1	TR8c_2	TRc0_1	TRc0_2	TR60_1	TR60_2,N	N	-127	-127	-80	-90	-82	-91	-88	-89	-78	-97,"[-127, -127, -80, -90, -82, -91, -88, -89, -78, -97]",-127,-127,-80,-90,-82,-91,-88,-89,-78,-97,240,30,912339,-3.12663,-4.638985,-122.379366,912139,1142767041,224029326,155598,0.480439,-0.04338,0.022307,-0.875671,912139,-0.00685,-0.032043,-0.00433,0.0424890518188476,114.2767041,22.4029326,155.598,-0.0003755999999981,-0.0001965999999988,38.35800000000002,-21.82259999987579,-38.54499018940042,58.59418318788611,82.78457514858093,0.0330518569674988,357.620634,IP15,222.84265571586968,27.603307158593005,-53.79060000000635,-49.88507863249649,-38.35800000000002,82.78457514858093,-0.3088897524042137
1063,IP15_MAC,A	E	TR4c_1	TR4c_2	TR6c_1	TR6c_2	TR8c_1	TR8c_2	TRc0_1	TRc0_2	TR60_1	TR60_2,N	N	-89	-94	-84	-84	-127	-127	-90	-90	-87	-92,"[-89, -94, -84, -84, -127, -127, -90, -90, -87, -92]",-89,-94,-84,-84,-127,-127,-90,-90,-87,-92,241,30,913739,-2.057791,-4.924293,-122.562155,913739,1142767015,224029322,155664,0.479385,-0.036372,0.029043,-0.87637,913739,-0.169478,-0.306509,-0.004576,0.0505056381225585,114.2767015,22.4029322,155.664,-0.0003782000000001,-0.000197,38.42399999999999,-21.867000000000303,-38.81180865724363,58.82963501711109,82.62584058389068,0.3502734636551847,356.437845,IP15,222.71306390376623,27.71255945017032,-53.74619999988184,-49.61826016465328,-38.42399999999999,82.62584058389068,-0.2974108858656838
1071,IP15_MAC,A	E	TR4c_1	TR4c_2	TR6c_1	TR6c_2	TR8c_1	TR8c_2	TRc0_1	TRc0_2	TR60_1	TR60_2,N	N	-87	-93	-77	-89	-92	-86	-85	-90	-77	-92,"[-87, -93, -77, -89, -92, -86, -85, -90, -77, -92]",-87,-93,-77,-89,-92,-86,-85,-90,-77,-92,241,30,915539,-1.886343,-4.306944,-122.567784,915539,1142766976,224029316,155710,0.479592,-0.032477,0.025043,-0.876532,915539,-0.001812,0.029256,0.001918,0.0488004684448242,114.2766976,22.4029316,155.71,-0.0003820999999959,-0.0001975999999999,38.47000000000001,-21.93359999998989,-39.212036361158816,59.14902792564219,82.36416135343515,0.0293747443222915,356.432216,IP15,222.51725119560908,27.84440601640578,-53.67959999989225,-49.218032460738094,-38.47000000000001,82.36416135343515,-0.2975848946309889
1072,IP15_MAC,A	E	TR4c_1	TR4c_2	TR6c_1	TR6c_2	TR8c_1	TR8c_2	TRc0_1	TRc0_2	TR60_1	TR60_2,N	N	-87	-92	-78	-88	-127	-127	-86	-88	-78	-90,"[-87, -92, -78, -88, -127, -127, -86, -88, -78, -90]",-87,-92,-78,-88,-127,-127,-86,-88,-78,-90,240,30,916139,-2.662975,-4.393462,-122.488712,916139,1142766976,224029320,155724,0.47988,-0.03879,0.02242,-0.876189,916139,0.015689,0.040256,0.007041,0.0412142276763916,114.2766976,22.402932,155.724,-0.0003820999999959,-0.0001971999999987,38.484,-21.889199999865383,-39.212036248310135,59.141686815417216,82.3996429750545,0.0437751749054187,357.511288,IP15,222.49365526969547,27.842383069852424,-53.72400000001676,-49.218032573586775,-38.484,82.3996429750545,-0.3081277768538203
1073,IP15_MAC,A	E	TR4c_1	TR4c_2	TR6c_1	TR6c_2	TR8c_1	TR8c_2	TRc0_1	TRc0_2	TR60_1	TR60_2,N	N	-127	-127	-80	-91	-127	-127	-88	-90	-79	-91,"[-127, -127, -80, -91, -127, -127, -88, -90, -79, -91]",-127,-127,-80,-91,-127,-127,-88,-90,-79,-91,240,30,916539,-2.259089,-4.884933,-122.560666,916539,1142766974,224029323,155744,0.479327,-0.037746,0.027897,-0.87638,916539,-0.005548,0.044492,-0.007522,0.0488781929016113,114.2766974,22.4029323,155.744,-0.0003822999999982,-0.0001968999999988,38.504000000000005,-21.855899999870587,-39.23256065287662,59.15599881826007,82.41844532222179,0.0454631592830942,357.43933400000003,IP15,222.4640698085584,27.8512033825503,-53.757300000011554,-49.19750816902029,-38.504000000000005,82.41844532222179,-0.3076152682805933
1078,IP15_MAC,A	E	TR4c_1	TR4c_2	TR6c_1	TR6c_2	TR8c_1	TR8c_2	TRc0_1	TRc0_2	TR60_1	TR60_2,N	N	-127	-127	-82	-92	-127	-127	-127	-127	-77	-91,"[-127, -127, -82, -92, -127, -127, -127, -127, -77, -91]",-127,-127,-82,-92,-127,-127,-127,-127,-77,-91,0,30,917939,-2.199773,-4.501869,-125.453396,917939,1142766967,224029328,155725,0.457199,-0.035042,0.026109,-0.88829,917939,-0.020269,0.025053,-0.015527,0.0469975471496582,114.2766967,22.4029328,155.725,-0.0003829999999993,-0.0001964,38.485,-21.80040000001071,-39.304396222964826,59.17083933503292,82.40293912915746,0.0357711182240645,234.546604,IP15,222.3929353438324,27.841958887035485,-53.81279999987143,-49.12567259893208,-38.485,82.40293912915746,0.9821270627388052
1080,IP15_MAC,A	E	TR4c_1	TR4c_2	TR6c_1	TR6c_2	TR8c_1	TR8c_2	TRc0_1	TRc0_2	TR60_1	TR60_2,N	N	-127	-127	-81	-91	-127	-127	-127	-127	-77	-90,"[-127, -127, -81, -91, -127, -127, -127, -127, -77, -90]",-127,-127,-81,-91,-127,-127,-127,-127,-77,-90,0,30,918139,-2.3191,-4.620248,-126.665489,917939,1142766967,224029328,155725,0.447696,-0.036156,0.026933,-0.893049,917939,-0.020269,0.025053,-0.015527,0.0458898544311523,114.2766967,22.4029328,155.725,-0.0003829999999993,-0.0001964,38.485,-21.80040000001071,-39.304396222964826,59.17083933503292,82.40293912915746,0.0357711182240645,233.334511,IP15,222.3929353438324,27.841958887035485,-53.81279999987143,-49.12567259893208,-38.485,82.40293912915746,0.9853699464327982
1081,IP15_MAC,A	E	TR4c_1	TR4c_2	TR6c_1	TR6c_2	TR8c_1	TR8c_2	TRc0_1	TRc0_2	TR60_1	TR60_2,N	N	-127	-127	-82	-92	-127	-127	-127	-127	-77	-88,"[-127, -127, -82, -92, -127, -127, -127, -127, -77, -88]",-127,-127,-82,-92,-127,-127,-127,-127,-77,-88,0,30,918139,-2.3191,-4.620248,-126.665489,918139,1142766966,224029328,155725,0.447696,-0.036156,0.026933,-0.893049,918139,-0.025619,0.032981,-0.011947,0.0455820560455322,114.2766966,22.4029328,155.725,-0.0003831000000076,-0.0001964,38.485,-21.80040000001071,-39.314658468258585,59.17765655749037,82.396821559041,0.0434374300690084,233.334511,IP15,222.38697506020296,27.84420574000826,-53.81279999987143,-49.115410353638325,-38.485,82.396821559041,0.985356586681624
1082,IP15_MAC,A	E	TR4c_1	TR4c_2	TR6c_1	TR6c_2	TR8c_1	TR8c_2	TRc0_1	TRc0_2	TR60_1	TR60_2,N	N	-127	-127	-83	-89	-127	-127	-127	-127	-77	-89,"[-127, -127, -83, -89, -127, -127, -127, -127, -77, -89]",-127,-127,-83,-89,-127,-127,-127,-127,-77,-89,0,30,918339,-2.509851,-4.188941,-127.728946,918139,1142766966,224029328,155725,0.439451,-0.035743,0.023157,-0.897256,918139,-0.025619,0.032981,-0.011947,0.0446043014526367,114.2766966,22.4029328,155.725,-0.0003831000000076,-0.0001964,38.485,-21.80040000001071,-39.314658468258585,59.17765655749037,82.396821559041,0.0434374300690084,232.271054,IP15,222.38697506020296,27.84420574000826,-53.81279999987143,-49.115410353638325,-38.485,82.396821559041,0.9879261425522808
1083,IP15_MAC,A	E	TR4c_1	TR4c_2	TR6c_1	TR6c_2	TR8c_1	TR8c_2	TRc0_1	TRc0_2	TR60_1	TR60_2,N	N	-127	-127	-80	-90	-127	-127	-88	-86	-76	-86,"[-127, -127, -80, -90, -127, -127, -88, -86, -76, -86]",-127,-127,-80,-90,-127,-127,-88,-86,-76,-86,0,30,918339,-2.509851,-4.188941,-127.728946,918339,1142766965,224029328,155723,0.439451,-0.035743,0.023157,-0.897256,918339,-0.021285,0.042886,-0.001099,0.0432987213134765,114.2766965,22.4029328,155.723,-0.0003832000000016,-0.0001964,38.48300000000002,-21.80040000001071,-39.324920712093984,59.183174282670464,82.38977062543532,0.0478901662348336,232.271054,IP15,222.38101364539628,27.845222879754385,-53.81279999987143,-49.105148109802926,-38.48300000000002,82.38977062543532,0.9879132362997204
1084,IP15_MAC,A	E	TR4c_1	TR4c_2	TR6c_1	TR6c_2	TR8c_1	TR8c_2	TRc0_1	TRc0_2	TR60_1	TR60_2,N	N	-127	-127	-81	-87	-127	-127	-89	-85	-77	-86,"[-127, -127, -81, -87, -127, -127, -89, -85, -77, -86]",-127,-127,-81,-87,-127,-127,-89,-85,-77,-86,0,30,918339,-2.509851,-4.188941,-127.728946,918339,1142766965,224029328,155723,0.439451,-0.035743,0.023157,-0.897256,918339,-0.021285,0.042886,-0.001099,0.0412430763244628,114.2766965,22.4029328,155.723,-0.0003832000000016,-0.0001964,38.48300000000002,-21.80040000001071,-39.324920712093984,59.183174282670464,82.38977062543532,0.0478901662348336,232.271054,IP15,222.38101364539628,27.845222879754385,-53.81279999987143,-49.105148109802926,-38.48300000000002,82.38977062543532,0.9879132362997204
1086,IP15_MAC,A	E	TR4c_1	TR4c_2	TR6c_1	TR6c_2	TR8c_1	TR8c_2	TRc0_1	TRc0_2	TR60_1	TR60_2,N	N	-127	-127	-84	-89	-84	-92	-89	-85	-76	-87,"[-127, -127, -84, -89, -84, -92, -89, -85, -76, -87]",-127,-127,-84,-89,-84,-92,-89,-85,-76,-87,0,30,918739,-2.894757,-4.79588,-129.511811,918739,1142766964,224029330,155716,0.425086,-0.040664,0.027064,-0.903834,918739,0.003878,0.028525,-0.003175,0.0398778915405273,114.2766964,22.402933,155.716,-0.0003832999999957,-0.0001961999999977,38.47600000000001,-21.77819999975128,-39.33518289932785,59.17726915761441,82.39488834123244,0.0289619601201299,230.488189,IP15,222.3632849212833,27.83783813842069,-53.83500000013086,-49.09488592256906,-38.47600000000001,82.39488834123244,0.9916011677035572
1087,IP15_MAC,A	E	TR4c_1	TR4c_2	TR6c_1	TR6c_2	TR8c_1	TR8c_2	TRc0_1	TRc0_2	TR60_1	TR60_2,N	N	-127	-127	-87	-85	-127	-127	-90	-84	-76	-86,"[-127, -127, -87, -85, -127, -127, -90, -84, -76, -86]",-127,-127,-87,-85,-127,-127,-90,-84,-76,-86,0,30,918939,-3.04141,-4.806458,-130.171793,918939,1142766963,224029330,155738,0.419807,-0.041705,0.026841,-0.906257,918939,0.004756,0.03705,-0.001302,0.0425477027893066,114.2766963,22.402933,155.738,-0.000383400000004,-0.0001961999999977,38.498000000000005,-21.77819999975128,-39.34544514460684,59.19839569495472,82.39905042265521,0.0373766938077727,229.828207,IP15,222.35732146683603,27.85361059612305,-53.83500000013086,-49.08462367729007,-38.498000000000005,82.39905042265521,0.9927984894483044
1088,IP15_MAC,A	E	TR4c_1	TR4c_2	TR6c_1	TR6c_2	TR8c_1	TR8c_2	TRc0_1	TRc0_2	TR60_1	TR60_2,N	N	-127	-127	-83	-90	-127	-127	-86	-84	-77	-82,"[-127, -127, -83, -90, -127, -127, -86, -84, -77, -82]",-127,-127,-83,-90,-127,-127,-86,-84,-77,-82,2,30,918939,-3.04141,-4.806458,-130.171793,918939,1142766963,224029330,155738,0.419807,-0.041705,0.026841,-0.906257,918939,0.004756,0.03705,-0.001302,0.0423595905303955,114.2766963,22.402933,155.738,-0.000383400000004,-0.0001961999999977,38.498000000000005,-21.77819999975128,-39.34544514460684,59.19839569495472,82.39905042265521,0.0373766938077727,227.828207,IP15,222.35732146683603,27.85361059612305,-53.83500000013086,-49.08462367729007,-38.498000000000005,82.39905042265521,0.9958105000649148
1089,IP15_MAC,A	E	TR4c_1	TR4c_2	TR6c_1	TR6c_2	TR8c_1	TR8c_2	TRc0_1	TRc0_2	TR60_1	TR60_2,N	N	-127	-127	-82	-88	-127	-127	-88	-86	-77	-84,"[-127, -127, -82, -88, -127, -127, -88, -86, -77, -84]",-127,-127,-82,-88,-127,-127,-88,-86,-77,-84,1,30,919139,-3.329611,-4.885925,-130.234963,919139,1142766963,224029331,155733,0.419152,-0.044258,0.026433,-0.906451,919139,0.010201,0.033714,0.003476,0.0404520034790039,114.2766963,22.4029331,155.733,-0.000383400000004,-0.0001961000000001,38.49300000000001,-21.767100000015915,-39.34544511629869,59.1910613421517,82.4039672498586,0.0353945867753813,228.765037,IP15,222.3514404782177,27.847872116702955,-53.84609999986623,-49.08462370559823,-38.49300000000001,82.4039672498586,0.994502262199648
1092,IP15_MAC,A	E	TR4c_1	TR4c_2	TR6c_1	TR6c_2	TR8c_1	TR8c_2	TRc0_1	TRc0_2	TR60_1	TR60_2,N	N	-127	-127	-84	-87	-127	-127	-89	-85	-77	-85,"[-127, -127, -84, -87, -127, -127, -89, -85, -77, -85]",-127,-127,-84,-87,-127,-127,-89,-85,-77,-85,1,30,919539,-3.312762,-5.204862,-130.086341,919539,1142766964,224029333,155737,0.42021,-0.045328,0.028959,-0.905831,919539,0.003864,0.011927,0.005426,0.0451571941375732,114.2766964,22.4029333,155.737,-0.0003832999999957,-0.0001958999999978,38.497,-21.744899999756484,-39.33518281442553,59.17868106035896,82.42645561948025,0.0136610871090114,228.913659,IP15,222.34564558654407,27.84275836303928,-53.86830000012566,-49.09488600747138,-38.497,82.42645561948025,0.9942653800158304
1094,IP15_MAC,A	E	TR4c_1	TR4c_2	TR6c_1	TR6c_2	TR8c_1	TR8c_2	TRc0_1	TRc0_2	TR60_1	TR60_2,N	N	-127	-127	-84	-88	-127	-127	-87	-84	-77	-83,"[-127, -127, -84, -88, -127, -127, -87, -84, -77, -83]",-127,-127,-84,-88,-127,-127,-87,-84,-77,-83,1,30,919739,-3.258813,-5.262344,-130.087652,919739,1142766964,224029334,155735,0.420202,-0.045113,0.029613,-0.905824,919739,0.000863,0.008984,0.002675,0.0487086772918701,114.2766964,22.4029334,155.735,-0.0003832999999957,-0.0001958000000001,38.49500000000002,-21.73380000002112,-39.33518278612476,59.17330219160297,82.43277627382497,0.0094134292369996,228.912348,IP15,222.3397684553267,27.83886582794872,-53.87939999986102,-49.09488603577215,-38.49500000000002,82.43277627382497,0.9942556569543344
1095,IP15_MAC,A	E	TR4c_1	TR4c_2	TR6c_1	TR6c_2	TR8c_1	TR8c_2	TRc0_1	TRc0_2	TR60_1	TR60_2,N	N	-127	-127	-83	-90	-127	-127	-87	-83	-77	-84,"[-127, -127, -83, -90, -127, -127, -87, -83, -77, -84]",-127,-127,-83,-90,-127,-127,-87,-83,-77,-84,2,30,919939,-3.343864,-5.556447,-129.961435,919739,1142766964,224029334,155735,0.421041,-0.046897,0.031572,-0.905278,919739,0.000863,0.008984,0.002675,0.0485625267028808,114.2766964,22.4029334,155.735,-0.0003832999999957,-0.0001958000000001,38.49500000000002,-21.73380000002112,-39.33518278612476,59.17330219160297,82.43277627382497,0.0094134292369996,228.038565,IP15,222.3397684553267,27.83886582794872,-53.87939999986102,-49.09488603577215,-38.49500000000002,82.43277627382497,0.9955039017855704
1096,IP15_MAC,A	E	TR4c_1	TR4c_2	TR6c_1	TR6c_2	TR8c_1	TR8c_2	TRc0_1	TRc0_2	TR60_1	TR60_2,N	N	-127	-127	-81	-93	-127	-127	-87	-86	-77	-86,"[-127, -127, -81, -93, -127, -127, -87, -86, -77, -86]",-127,-127,-81,-93,-127,-127,-87,-86,-77,-86,1,30,919939,-3.343864,-5.556447,-129.961435,919939,1142766964,224029335,155736,0.421041,-0.046897,0.031572,-0.905278,919939,-0.003908,-0.0078,0.004268,0.0446805953979492,114.2766964,22.4029335,155.736,-0.0003832999999957,-0.000195699999999,38.496,-21.722699999891404,-39.33518275782399,59.16987674380178,82.44049880910052,0.0097122751196617,229.038565,IP15,222.33389264680685,27.83681738644181,-53.89049999999074,-49.09488606407293,-38.496,82.44049880910052,0.9940501047066816
1097,IP15_MAC,A	E	TR4c_1	TR4c_2	TR6c_1	TR6c_2	TR8c_1	TR8c_2	TRc0_1	TRc0_2	TR60_1	TR60_2,N	N	-89	-97	-82	-95	-127	-127	-89	-86	-78	-87,"[-89, -97, -82, -95, -127, -127, -89, -86, -78, -87]",-89,-97,-82,-95,-127,-127,-89,-86,-78,-87,1,29,919939,-3.343864,-5.556447,-129.961435,919939,1142766964,224029335,155736,0.421041,-0.046897,0.031572,-0.905278,919939,-0.003908,-0.0078,0.004268,0.0433566570281982,114.2766964,22.4029335,155.736,-0.0003832999999957,-0.000195699999999,38.496,-21.722699999891404,-39.33518275782399,59.16987674380178,82.44049880910052,0.0097122751196617,229.038565,IP15,222.33389264680685,27.83681738644181,-53.89049999999074,-49.09488606407293,-38.496,82.44049880910052,0.994504687633494
1098,IP15_MAC,A	E	TR4c_1	TR4c_2	TR6c_1	TR6c_2	TR8c_1	TR8c_2	TRc0_1	TRc0_2	TR60_1	TR60_2,N	N	-127	-127	-84	-92	-127	-127	-89	-87	-82	-84,"[-127, -127, -84, -92, -127, -127, -89, -87, -82, -84]",-127,-127,-84,-92,-127,-127,-89,-87,-82,-84,60,29,920339,-2.848027,-5.79246,-129.876625,920139,1142766964,224029336,155729,0.42186,-0.043879,0.035236,-0.904913,920139,-0.012072,-0.011532,0.010584,0.0520401000976562,114.2766964,22.4029336,155.729,-0.0003832999999957,-0.0001955999999978,38.48900000000002,-21.711599999761688,-39.33518272952321,59.16124826197157,82.4444870442902,0.0197671764296269,170.123375,IP15,222.32801816087036,27.829852653569624,-53.90160000012045,-49.0948860923737,-38.48900000000002,82.4444870442902,0.7003412854705775
1099,IP15_MAC,A	E	TR4c_1	TR4c_2	TR6c_1	TR6c_2	TR8c_1	TR8c_2	TRc0_1	TRc0_2	TR60_1	TR60_2,N	N	-127	-127	-83	-91	-127	-127	-91	-86	-82	-84,"[-127, -127, -83, -91, -127, -127, -91, -86, -82, -84]",-127,-127,-83,-91,-127,-127,-91,-86,-82,-84,61,28,920739,-3.320611,-5.023073,-130.068895,920539,1142766964,224029337,155740,0.420416,-0.044728,0.027486,-0.905811,920539,-0.035573,0.00317,0.012447,0.0477199554443359,114.2766964,22.4029337,155.74,-0.0003832999999957,-0.0001955000000002,38.500000000000014,-21.700500000026324,-39.33518270122244,59.16433299201211,82.45688003118023,0.0378208280977558,168.931105,IP15,222.32214499740277,27.833949853739625,-53.91269999985582,-49.09488612067447,-38.500000000000014,82.45688003118023,0.6848284225767187
1100,IP15_MAC,A	E	TR4c_1	TR4c_2	TR6c_1	TR6c_2	TR8c_1	TR8c_2	TRc0_1	TRc0_2	TR60_1	TR60_2,N	N	-127	-127	-82	-89	-127	-127	-87	-84	-79	-83,"[-127, -127, -82, -89, -127, -127, -87, -84, -79, -83]",-127,-127,-82,-89,-127,-127,-87,-84,-79,-83,2,30,920939,-3.384182,-4.950432,-130.15973,920939,1142766965,224029336,155760,0.419697,-0.044942,0.026713,-0.906157,920939,-0.074624,-0.026706,0.008012,0.0509452819824218,114.2766965,22.4029336,155.76,-0.0003832000000016,-0.0001955999999978,38.52,-21.711599999761688,-39.32492048574687,59.174600512043725,82.46507427807413,0.0796626886063984,227.84027,IP15,222.333979801345,27.846658348850383,-53.90160000012045,-49.10514833615004,-38.52,82.46507427807413,0.9957604668265632
1101,IP15_MAC,A	E	TR4c_1	TR4c_2	TR6c_1	TR6c_2	TR8c_1	TR8c_2	TRc0_1	TRc0_2	TR60_1	TR60_2,N	N	-127	-127	-82	-88	-127	-127	-89	-86	-80	-83,"[-127, -127, -82, -88, -127, -127, -89, -86, -80, -83]",-127,-127,-82,-88,-127,-127,-89,-86,-80,-83,2,29,921139,-3.350639,-4.887923,-130.085193,921139,1142766964,224029335,155762,0.420326,-0.044465,0.026314,-0.905901,921139,-0.086211,-0.053568,0.006903,0.0509727001190185,114.2766964,22.4029335,155.762,-0.0003832999999957,-0.000195699999999,38.522000000000006,-21.722699999891404,-39.33518275782399,59.18679567164196,82.45264284359419,0.101732583541361,227.914807,IP15,222.33389264680685,27.852793890280832,-53.89049999999074,-49.09488606407293,-38.522000000000006,82.45264284359419,0.9961340183172076
1102,IP15_MAC,A	E	TR4c_1	TR4c_2	TR6c_1	TR6c_2	TR8c_1	TR8c_2	TRc0_1	TRc0_2	TR60_1	TR60_2,N	N	-127	-127	-83	-89	-127	-127	-89	-87	-81	-86,"[-127, -127, -83, -89, -127, -127, -89, -87, -81, -86]",-127,-127,-83,-89,-127,-127,-89,-87,-81,-86,1,29,921139,-3.350639,-4.887923,-130.085193,921139,1142766964,224029335,155762,0.420326,-0.044465,0.026314,-0.905901,921139,-0.086211,-0.053568,0.006903,0.052058458328247,114.2766964,22.4029335,155.762,-0.0003832999999957,-0.000195699999999,38.522000000000006,-21.722699999891404,-39.33518275782399,59.18679567164196,82.45264284359419,0.101732583541361,228.914807,IP15,222.33389264680685,27.852793890280832,-53.89049999999074,-49.09488606407293,-38.522000000000006,82.45264284359419,0.9947043077747062
1103,IP15_MAC,A	E	TR4c_1	TR4c_2	TR6c_1	TR6c_2	TR8c_1	TR8c_2	TRc0_1	TRc0_2	TR60_1	TR60_2,N	N	-127	-127	-83	-91	-127	-127	-91	-86	-81	-86,"[-127, -127, -83, -91, -127, -127, -91, -86, -81, -86]",-127,-127,-83,-91,-127,-127,-91,-86,-81,-86,2,29,921539,-3.342352,-4.980982,-130.122448,921339,1142766964,224029333,155772,0.419999,-0.044733,0.027094,-0.906016,921339,-0.104075,-0.082724,-0.001841,0.057823896408081,114.2766964,22.4029333,155.772,-0.0003832999999957,-0.0001958999999978,38.532,-21.744899999756484,-39.33518281442553,59.20145527808997,82.44280806104403,0.1329595994353171,227.877552,IP15,222.34564558654407,27.864266583101564,-53.86830000012566,-49.09488600747138,-38.532,82.44280806104403,0.9962024326356712
1106,IP15_MAC,A	E	TR4c_1	TR4c_2	TR6c_1	TR6c_2	TR8c_1	TR8c_2	TRc0_1	TRc0_2	TR60_1	TR60_2,N	N	-127	-127	-84	-90	-127	-127	-127	-127	-81	-83,"[-127, -127, -84, -90, -127, -127, -127, -127, -81, -83]",-127,-127,-84,-90,-127,-127,-127,-127,-81,-83,60,30,921739,-3.026298,-4.872095,-130.165645,921539,1142766963,224029331,155777,0.419838,-0.041827,0.027414,-0.90622,921539,-0.132747,-0.109006,0.002503,0.0479407310485839,114.2766963,22.4029331,155.777,-0.000383400000004,-0.0001961000000001,38.53699999999999,-21.767100000015915,-39.34544511629869,59.21968475777597,82.42452995629255,0.1717857358863069,169.834355,IP15,222.3514404782177,27.87491574325609,-53.84609999986623,-49.08462370559823,-38.53699999999999,82.42452995629255,0.6996220261476375
1108,IP15_MAC,A	E	TR4c_1	TR4c_2	TR6c_1	TR6c_2	TR8c_1	TR8c_2	TRc0_1	TRc0_2	TR60_1	TR60_2,N	N	-127	-127	-85	-91	-127	-127	-89	-88	-82	-91,"[-127, -127, -85, -91, -127, -127, -89, -88, -82, -91]",-127,-127,-85,-91,-127,-127,-89,-88,-82,-91,0,30,921939,-3.268321,-4.713453,-130.317614,921939,1142766960,224029325,155785,0.418591,-0.043124,0.025325,-0.906797,921939,-0.161691,-0.122446,0.016835,0.0502374172210693,114.276696,22.4029325,155.785,-0.0003837000000004,-0.0001967,38.545,-21.833700000005507,-39.37623201917864,59.26985008179479,82.36644068007581,0.2035200717914574,229.682386,IP15,222.3688474319006,27.902587033012857,-53.77949999987664,-49.05383680271827,-38.545,82.36644068007581,0.99310349770021
1109,IP15_MAC,A	E	TR4c_1	TR4c_2	TR6c_1	TR6c_2	TR8c_1	TR8c_2	TRc0_1	TRc0_2	TR60_1	TR60_2,N	N	-127	-127	-83	-86	-127	-127	-87	-87	-127	-127,"[-127, -127, -83, -86, -127, -127, -87, -87, -127, -127]",-127,-127,-83,-86,-127,-127,-87,-87,-127,-127,240,30,921939,-3.268321,-4.713453,-130.317614,921939,1142766960,224029325,155785,0.418591,-0.043124,0.025325,-0.906797,921939,-0.161691,-0.122446,0.016835,0.0454375743865966,114.276696,22.4029325,155.785,-0.0003837000000004,-0.0001967,38.545,-21.833700000005507,-39.37623201917864,59.26985008179479,82.36644068007581,0.2035200717914574,349.682386,IP15,222.3688474319006,27.902587033012857,-53.77949999987664,-49.05383680271827,-38.545,82.36644068007581,-0.229949292253025
1110,IP15_MAC,A	E	TR4c_1	TR4c_2	TR6c_1	TR6c_2	TR8c_1	TR8c_2	TRc0_1	TRc0_2	TR60_1	TR60_2,N	N	-127	-127	-83	-86	-127	-127	-87	-87	-80	-86,"[-127, -127, -83, -86, -127, -127, -87, -87, -80, -86]",-127,-127,-83,-86,-127,-127,-87,-87,-80,-86,0,30,922139,-3.381788,-4.895808,-130.300537,922139,1142766959,224029322,155798,0.418606,-0.044691,0.026345,-0.906685,922139,-0.160996,-0.151512,0.017017,0.0488605499267578,114.2766959,22.4029322,155.798,-0.0003837999999944,-0.000197,38.55800000000001,-21.867000000000303,-39.38649434804925,59.297394462395474,82.34467545384547,0.2217322178868014,229.699463,IP15,222.38054833204032,27.920843337755347,-53.74619999988184,-49.043574473847656,-38.55800000000001,82.34467545384547,0.993107015870966
1111,IP15_MAC,A	E	TR4c_1	TR4c_2	TR6c_1	TR6c_2	TR8c_1	TR8c_2	TRc0_1	TRc0_2	TR60_1	TR60_2,N	N	-127	-127	-84	-88	-127	-127	-127	-127	-127	-127,"[-127, -127, -84, -88, -127, -127, -127, -127, -127, -127]",-127,-127,-84,-88,-127,-127,-127,-127,-127,-127,239,30,922339,-3.604644,-5.245096,-130.249034,922339,1142766957,224029318,155808,0.41877,-0.04774,0.028268,-0.906396,922339,-0.172705,-0.181762,0.006617,0.0460078716278076,114.2766957,22.4029318,155.808,-0.0003839999999968,-0.0001973999999975,38.568,-21.911399999730463,-39.40701895067684,59.33391287052618,82.30816099228812,0.2508151238621786,350.750966,IP15,222.39218410820436,27.94219371437352,-53.70180000015168,-49.02304987122007,-38.568,82.30816099228812,-0.240496627550532
1113,IP15_MAC,A	E	TR4c_1	TR4c_2	TR6c_1	TR6c_2	TR8c_1	TR8c_2	TRc0_1	TRc0_2	TR60_1	TR60_2,N	N	-127	-127	-84	-88	-127	-127	-127	-127	-80	-87,"[-127, -127, -84, -88, -127, -127, -127, -127, -80, -87]",-127,-127,-84,-88,-127,-127,-127,-127,-80,-87,0,30,922539,-3.647366,-5.257883,-130.155536,922539,1142766955,224029314,155813,0.419483,-0.048147,0.028173,-0.906047,922539,-0.196267,-0.212116,0.001445,0.0465884208679199,114.2766955,22.4029314,155.813,-0.0003841999999991,-0.0001977999999986,38.57299999999999,-21.95579999985497,-39.42754355342256,59.367201999847225,82.26931619048734,0.2889913852868282,229.844464,IP15,222.40383481766457,27.96048641286595,-53.65740000002717,-49.00252526847435,-38.57299999999999,82.26931619048734,0.992925446941142
1114,IP15_MAC,A	E	TR4c_1	TR4c_2	TR6c_1	TR6c_2	TR8c_1	TR8c_2	TRc0_1	TRc0_2	TR60_1	TR60_2,N	N	-127	-127	-82	-85	-127	-127	-127	-127	-82	-90,"[-127, -127, -82, -85, -127, -127, -127, -127, -82, -90]",-127,-127,-82,-85,-127,-127,-127,-127,-82,-90,240,30,922539,-3.647366,-5.257883,-130.155536,922539,1142766955,224029314,155813,0.419483,-0.048147,0.028173,-0.906047,922539,-0.196267,-0.212116,0.001445,0.0439646244049072,114.2766955,22.4029314,155.813,-0.0003841999999991,-0.0001977999999986,38.57299999999999,-21.95579999985497,-39.42754355342256,59.367201999847225,82.26931619048734,0.2889913852868282,349.844464,IP15,222.40383481766457,27.96048641286595,-53.65740000002717,-49.00252526847435,-38.57299999999999,82.26931619048734,-0.2306027198630936
1115,IP15_MAC,A	E	TR4c_1	TR4c_2	TR6c_1	TR6c_2	TR8c_1	TR8c_2	TRc0_1	TRc0_2	TR60_1	TR60_2,N	N	-127	-127	-82	-83	-127	-127	-127	-127	-80	-86,"[-127, -127, -82, -83, -127, -127, -127, -127, -80, -86]",-127,-127,-82,-83,-127,-127,-127,-127,-80,-86,358,30,922739,-3.430819,-5.211664,-130.192408,922739,1142766952,224029309,155825,0.419314,-0.046259,0.02862,-0.90621,922739,-0.214001,-0.244534,0.002027,0.0500750541687011,114.2766952,22.4029309,155.825,-0.0003844999999955,-0.0001982999999974,38.585,-22.01129999971485,-39.45833042864409,59.41598600455526,82.22041759736523,0.324957557053225,231.807592,IP15,222.4154299506553,27.98804533022244,-53.60190000016729,-48.97173839325282,-38.585,82.22041759736523,0.9891317995623482
1116,IP15_MAC,A	E	TR4c_1	TR4c_2	TR6c_1	TR6c_2	TR8c_1	TR8c_2	TRc0_1	TRc0_2	TR60_1	TR60_2,N	N	-127	-127	-83	-86	-127	-127	-127	-127	-79	-86,"[-127, -127, -83, -86, -127, -127, -127, -127, -79, -86]",-127,-127,-83,-86,-127,-127,-127,-127,-79,-86,0,30,922739,-3.430819,-5.211664,-130.192408,922739,1142766952,224029309,155825,0.419314,-0.046259,0.02862,-0.90621,922739,-0.214001,-0.244534,0.002027,0.0414404869079589,114.2766952,22.4029309,155.825,-0.0003844999999955,-0.0001982999999974,38.585,-22.01129999971485,-39.45833042864409,59.41598600455526,82.22041759736523,0.324957557053225,229.807592,IP15,222.4154299506553,27.98804533022244,-53.60190000016729,-48.97173839325282,-38.585,82.22041759736523,0.9930275962743556
1117,IP15_MAC,A	E	TR4c_1	TR4c_2	TR6c_1	TR6c_2	TR8c_1	TR8c_2	TRc0_1	TRc0_2	TR60_1	TR60_2,N	N	-127	-127	-82	-90	-127	-127	-85	-84	-127	-127,"[-127, -127, -82, -90, -127, -127, -85, -84, -127, -127]",-127,-127,-82,-90,-127,-127,-85,-84,-127,-127,238,30,922939,-2.940911,-5.204122,-130.226848,922939,1142766948,224029304,155818,0.41927,-0.042353,0.030376,-0.906364,922939,-0.223616,-0.246383,-0.001745,0.0479295253753662,114.2766948,22.4029304,155.818,-0.0003849000000002,-0.0001987999999997,38.57800000000002,-22.06679999996908,-39.499379549558086,59.45928633139389,82.15650546132585,0.3327337421572991,351.773152,IP15,222.4210613919009,28.006206036802336,-53.54639999991306,-48.93068927233882,-38.57800000000002,82.15650546132585,-0.2500441188652245
1118,IP15_MAC,A	E	TR4c_1	TR4c_2	TR6c_1	TR6c_2	TR8c_1	TR8c_2	TRc0_1	TRc0_2	TR60_1	TR60_2,N	N	-127	-127	-82	-90	-127	-127	-85	-84	-78	-89,"[-127, -127, -82, -90, -127, -127, -85, -84, -78, -89]",-127,-127,-82,-90,-127,-127,-85,-84,-78,-89,0,30,922939,-2.940911,-5.204122,-130.226848,922939,1142766948,224029304,155818,0.41927,-0.042353,0.030376,-0.906364,922939,-0.223616,-0.246383,-0.001745,0.0444657802581787,114.2766948,22.4029304,155.818,-0.0003849000000002,-0.0001987999999997,38.57800000000002,-22.06679999996908,-39.499379549558086,59.45928633139389,82.15650546132585,0.3327337421572991,229.773152,IP15,222.4210613919009,28.006206036802336,-53.54639999991306,-48.93068927233882,-38.57800000000002,82.15650546132585,0.9931083607984552
1119,IP15_MAC,A	E	TR4c_1	TR4c_2	TR6c_1	TR6c_2	TR8c_1	TR8c_2	TRc0_1	TRc0_2	TR60_1	TR60_2,N	N	-127	-127	-83	-85	-127	-127	-88	-82	-79	-86,"[-127, -127, -83, -85, -127, -127, -88, -82, -79, -86]",-127,-127,-83,-85,-127,-127,-88,-82,-79,-86,1,30,923139,-3.574854,-5.143053,-130.115918,923139,1142766944,224029299,155819,0.419879,-0.047164,0.027516,-0.905936,923139,-0.216906,-0.266152,-0.00338,0.0514712333679199,114.2766944,22.4029299,155.819,-0.0003853000000049,-0.0001992999999984,38.57899999999999,-22.122299999828957,-39.540428670767405,59.50782215600296,82.09636129526463,0.3433606330667509,228.884082,IP15,222.4267035041341,28.029323408130544,-53.49090000005319,-48.88964015112951,-38.57899999999999,82.09636129526463,0.9945587466699723
1122,IP15_MAC,A	E	TR4c_1	TR4c_2	TR6c_1	TR6c_2	TR8c_1	TR8c_2	TRc0_1	TRc0_2	TR60_1	TR60_2,N	N	-127	-127	-83	-87	-127	-127	-85	-82	-74	-85,"[-127, -127, -83, -87, -127, -127, -85, -82, -74, -85]",-127,-127,-83,-87,-127,-127,-85,-82,-74,-85,0,30,923939,-3.59324,-5.546679,-130.177325,923739,1142766930,224029282,155823,0.419215,-0.048771,0.030665,-0.906057,923739,-0.264453,-0.371027,-0.022798,0.0458769798278808,114.276693,22.4029282,155.823,-0.000386700000007,-0.000200999999997,38.58300000000001,-22.310999999668013,-39.68410058159156,59.67626369801533,81.8898152003513,0.4561975150546087,229.822675,IP15,222.4435641678301,28.10945814725934,-53.30220000021413,-48.74596824030535,-38.58300000000001,81.8898152003513,0.9931292874952332
1123,IP15_MAC,A	E	TR4c_1	TR4c_2	TR6c_1	TR6c_2	TR8c_1	TR8c_2	TRc0_1	TRc0_2	TR60_1	TR60_2,N	N	-127	-127	-82	-86	-127	-127	-87	-82	-127	-127,"[-127, -127, -82, -86, -127, -127, -87, -82, -127, -127]",-127,-127,-82,-86,-127,-127,-87,-82,-127,-127,91,60,923939,-3.59324,-5.546679,-130.177325,923939,1142766923,224029276,155808,0.419215,-0.048771,0.030665,-0.906057,923939,-0.278019,-0.386656,-0.025789,0.0558066368103027,114.2766923,22.4029276,155.808,-0.0003874000000081,-0.0002015999999969,38.568,-22.377599999657605,-39.75593646681285,59.73928431189928,81.7966435246835,0.4769302875871902,138.822675,IP15,222.43715823416957,28.13240994269164,-53.23560000022454,-48.67413235508406,-38.568,81.7966435246835,0.457379569454059
1124,IP15_MAC,A	E	TR4c_1	TR4c_2	TR6c_1	TR6c_2	TR8c_1	TR8c_2	TRc0_1	TRc0_2	TR60_1	TR60_2,N	N	-127	-127	-82	-86	-127	-127	-87	-82	-74	-85,"[-127, -127, -82, -86, -127, -127, -87, -82, -74, -85]",-127,-127,-82,-86,-127,-127,-87,-82,-74,-85,0,30,923939,-3.59324,-5.546679,-130.177325,923939,1142766923,224029276,155808,0.419215,-0.048771,0.030665,-0.906057,923939,-0.278019,-0.386656,-0.025789,0.0436267852783203,114.2766923,22.4029276,155.808,-0.0003874000000081,-0.0002015999999969,38.568,-22.377599999657605,-39.75593646681285,59.73928431189928,81.7966435246835,0.4769302875871902,229.822675,IP15,222.43715823416957,28.13240994269164,-53.23560000022454,-48.67413235508406,-38.568,81.7966435246835,0.9931328055787108
1125,IP15_MAC,A	E	TR4c_1	TR4c_2	TR6c_1	TR6c_2	TR8c_1	TR8c_2	TRc0_1	TRc0_2	TR60_1	TR60_2,N	N	-127	-127	-81	-85	-127	-127	-85	-83	-75	-85,"[-127, -127, -81, -85, -127, -127, -85, -83, -75, -85]",-127,-127,-81,-85,-127,-127,-85,-83,-75,-85,0,30,924339,-3.659939,-5.369367,-130.262764,924139,1142766916,224029269,155812,0.418582,-0.048627,0.029054,-0.906411,924139,-0.273057,-0.394743,-0.026256,0.0411977767944335,114.2766916,22.4029269,155.812,-0.000388099999995,-0.0002022999999979,38.57200000000002,-22.455299999776912,-39.82777237985116,59.81881923626725,81.70523077417799,0.4806990106438747,229.737236,IP15,222.43669233258157,28.16987178979479,-53.15790000010523,-48.60229644204575,-38.57200000000002,81.70523077417799,0.9933008272070386
1126,IP15_MAC,A	E	TR4c_1	TR4c_2	TR6c_1	TR6c_2	TR8c_1	TR8c_2	TRc0_1	TRc0_2	TR60_1	TR60_2,N	N	-127	-127	-80	-84	-127	-127	-85	-82	-74	-82,"[-127, -127, -80, -84, -127, -127, -85, -82, -74, -82]",-127,-127,-80,-84,-127,-127,-85,-82,-74,-82,0,30,924339,-3.659939,-5.369367,-130.262764,924339,1142766909,224029262,155791,0.418582,-0.048627,0.029054,-0.906411,924339,-0.267841,-0.390676,-0.023001,0.0475921630859375,114.2766909,22.4029262,155.791,-0.000388799999996,-0.000202999999999,38.551,-22.53299999989622,-39.8996082950714,59.88233823169778,81.60203938618369,0.4742315723968618,229.737236,IP15,222.4362250587579,28.191948727377223,-53.08019999998592,-48.53046052682551,-38.551,81.60203938618369,0.9933135450434896
1127,IP15_MAC,A	E	TR4c_1	TR4c_2	TR6c_1	TR6c_2	TR8c_1	TR8c_2	TRc0_1	TRc0_2	TR60_1	TR60_2,N	N	-127	-127	-81	-85	-127	-127	-86	-82	-73	-82,"[-127, -127, -81, -85, -127, -127, -86, -82, -73, -82]",-127,-127,-81,-85,-127,-127,-86,-82,-73,-82,1,30,924739,-4.32637,-5.252476,-130.094073,924739,1142766896,224029248,155792,0.419639,-0.053501,0.0256,-0.905751,924739,-0.30543,-0.398818,-0.013518,0.0471692085266113,114.2766896,22.4029248,155.792,-0.0003901000000041,-0.0002043999999976,38.55200000000001,-22.688399999740483,-40.03301788325651,60.03051490191768,81.42214501357937,0.5025196696130411,228.905927,IP15,222.4413373220517,28.260622997858437,-52.92480000014166,-48.3970509386404,-38.55200000000001,81.42214501357937,0.994689084271996
1128,IP15_MAC,A	E	TR4c_1	TR4c_2	TR6c_1	TR6c_2	TR8c_1	TR8c_2	TRc0_1	TRc0_2	TR60_1	TR60_2,N	N	-127	-127	-79	-84	-127	-127	-87	-82	-73	-83,"[-127, -127, -79, -84, -127, -127, -87, -82, -73, -83]",-127,-127,-79,-84,-127,-127,-87,-82,-73,-83,0,30,924939,-4.267093,-5.282957,-129.969085,924739,1142766896,224029248,155792,0.420642,-0.053174,0.026002,-0.905294,924739,-0.30543,-0.398818,-0.013518,0.0508840084075927,114.2766896,22.4029248,155.792,-0.0003901000000041,-0.0002043999999976,38.55200000000001,-22.688399999740483,-40.03301788325651,60.03051490191768,81.42214501357937,0.5025196696130411,230.030915,IP15,222.4413373220517,28.260622997858437,-52.92480000014166,-48.3970509386404,-38.55200000000001,81.42214501357937,0.9928568084403212
1129,IP15_MAC,A	E	TR4c_1	TR4c_2	TR6c_1	TR6c_2	TR8c_1	TR8c_2	TRc0_1	TRc0_2	TR60_1	TR60_2,N	N	-127	-127	-80	-85	-86	-85	-86	-83	-73	-84,"[-127, -127, -80, -85, -86, -85, -86, -83, -73, -84]",-127,-127,-80,-85,-86,-85,-86,-83,-73,-84,0,30,924939,-4.267093,-5.282957,-129.969085,924939,1142766889,224029240,155800,0.420642,-0.053174,0.026002,-0.905294,924939,-0.337155,-0.42011,-0.020273,0.0479214191436767,114.2766889,22.402924,155.8,-0.0003908000000052,-0.0002051999999999,38.56000000000002,-22.777199999989502,-40.10485382945031,60.11716677057476,81.32553658018398,0.5390518534000232,230.030915,IP15,222.4468687608757,28.30361840093214,-52.83599999989264,-48.32521499244661,-38.56000000000002,81.32553658018398,0.992891720777304
1130,IP15_MAC,A	E	TR4c_1	TR4c_2	TR6c_1	TR6c_2	TR8c_1	TR8c_2	TRc0_1	TRc0_2	TR60_1	TR60_2,N	N	-127	-127	-79	-85	-84	-86	-86	-82	-72	-84,"[-127, -127, -79, -85, -84, -86, -86, -82, -72, -84]",-127,-127,-79,-85,-84,-86,-86,-82,-72,-84,0,30,925139,-3.945859,-5.042979,-130.032392,925139,1142766881,224029232,155793,0.420406,-0.049745,0.025321,-0.905617,925139,-0.361974,-0.437204,-0.024745,0.0534651279449462,114.2766881,22.4029232,155.793,-0.0003916000000003,-0.0002059999999985,38.55300000000001,-22.865999999844178,-40.18695202101525,60.20115345848663,81.21575731043524,0.5681415574634546,229.967608,IP15,222.44634866397016,28.33972267595666,-52.74720000003797,-48.24311680088166,-38.55300000000001,81.21575731043524,0.9930222282778912
1131,IP15_MAC,A	E	TR4c_1	TR4c_2	TR6c_1	TR6c_2	TR8c_1	TR8c_2	TRc0_1	TRc0_2	TR60_1	TR60_2,N	N	-127	-127	-81	-87	-127	-127	-85	-82	-73	-83,"[-127, -127, -81, -87, -127, -127, -85, -82, -73, -83]",-127,-127,-81,-87,-127,-127,-85,-82,-73,-83,1,30,925339,-3.758488,-5.087719,-130.061627,925339,1142766873,224029223,155783,0.420244,-0.048423,0.026379,-0.905734,925339,-0.372954,-0.44455,-0.027166,0.0496642589569091,114.2766873,22.4029223,155.783,-0.0003923999999955,-0.0002068999999984,38.54299999999999,-22.965899999828565,-40.26905024249792,60.28757599402174,81.09737823691253,0.5809108194654323,228.938373,IP15,222.4518422543137,28.376809939522317,-52.647300000053576,-48.16101857939899,-38.54299999999999,81.09737823691253,0.9947209698423488
1132,IP15_MAC,A	E	TR4c_1	TR4c_2	TR6c_1	TR6c_2	TR8c_1	TR8c_2	TRc0_1	TRc0_2	TR60_1	TR60_2,N	N	-127	-127	-80	-87	-127	-127	-85	-81	-73	-82,"[-127, -127, -80, -87, -127, -127, -85, -81, -73, -82]",-127,-127,-80,-87,-127,-127,-85,-81,-73,-82,1,30,925539,-3.820222,-5.086351,-130.07201,925339,1142766873,224029223,155783,0.420134,-0.048903,0.026145,-0.905766,925339,-0.372954,-0.44455,-0.027166,0.0422396659851074,114.2766873,22.4029223,155.783,-0.0003923999999955,-0.0002068999999984,38.54299999999999,-22.965899999828565,-40.26905024249792,60.28757599402174,81.09737823691253,0.5809108194654323,228.92799,IP15,222.4518422543137,28.376809939522317,-52.647300000053576,-48.16101857939899,-38.54299999999999,81.09737823691253,0.9947365564122336
1133,IP15_MAC,A	E	TR4c_1	TR4c_2	TR6c_1	TR6c_2	TR8c_1	TR8c_2	TRc0_1	TRc0_2	TR60_1	TR60_2,N	N	-127	-127	-85	-83	-127	-127	-87	-82	-74	-85,"[-127, -127, -85, -83, -127, -127, -87, -82, -74, -85]",-127,-127,-85,-83,-127,-127,-87,-82,-74,-85,0,30,925939,-3.52292,-4.736808,-130.082406,925939,1142766847,224029194,155750,0.420331,-0.045272,0.024483,-0.90591,925939,-0.426581,-0.465089,-0.021332,0.0492408275604248,114.2766847,22.4029194,155.75,-0.0003949999999974,-0.0002098000000003,38.510000000000005,-23.28780000004116,-40.535869464191165,60.568130580857975,80.71444676920619,0.6314540218464049,229.917594,IP15,222.46832113820324,28.49708784191457,-52.32539999984098,-47.89419935770575,-38.510000000000005,80.71444676920619,0.993232344626926
1134,IP15_MAC,A	E	TR4c_1	TR4c_2	TR6c_1	TR6c_2	TR8c_1	TR8c_2	TRc0_1	TRc0_2	TR60_1	TR60_2,N	N	-127	-127	-81	-86	-81	-86	-86	-80	-127	-127,"[-127, -127, -81, -86, -81, -86, -86, -80, -127, -127]",-127,-127,-81,-86,-81,-86,-86,-80,-127,-127,91,60,926139,-3.297748,-4.62802,-130.023444,926139,1142766839,224029183,155735,0.420936,-0.043108,0.024431,-0.905736,926139,-0.438992,-0.466216,-0.020859,0.0595860481262207,114.2766839,22.4029183,155.735,-0.0003958000000068,-0.000210899999999,38.49500000000002,-23.409899999890627,-40.61796775008342,60.66059468181711,80.57944256937016,0.6407077591234556,138.976556,IP15,222.4860303086712,28.537073679923655,-52.20329999999152,-47.81210107181349,-38.49500000000002,80.57944256937016,0.4633767896016216
1135,IP15_MAC,A	E	TR4c_1	TR4c_2	TR6c_1	TR6c_2	TR8c_1	TR8c_2	TRc0_1	TRc0_2	TR60_1	TR60_2,N	N	-127	-127	-81	-86	-81	-86	-86	-80	-72	-83,"[-127, -127, -81, -86, -81, -86, -86, -80, -72, -83]",-127,-127,-81,-86,-81,-86,-86,-80,-72,-83,1,30,926339,-3.320547,-4.557952,-130.039277,926139,1142766839,224029183,155735,0.420828,-0.043027,0.023799,-0.905807,926139,-0.438992,-0.466216,-0.020859,0.0525877475738525,114.2766839,22.4029183,155.735,-0.0003958000000068,-0.000210899999999,38.49500000000002,-23.409899999890627,-40.61796775008342,60.66059468181711,80.57944256937016,0.6407077591234556,228.960723,IP15,222.4860303086712,28.537073679923655,-52.20329999999152,-47.81210107181349,-38.49500000000002,80.57944256937016,0.9948214224820416
1136,IP15_MAC,A	E	TR4c_1	TR4c_2	TR6c_1	TR6c_2	TR8c_1	TR8c_2	TRc0_1	TRc0_2	TR60_1	TR60_2,N	N	-127	-127	-127	-127	-127	-127	-84	-81	-71	-81,"[-127, -127, -127, -127, -127, -127, -84, -81, -71, -81]",-127,-127,-127,-127,-127,-127,-84,-81,-71,-81,0,30,926339,-3.320547,-4.557952,-130.039277,926339,1142766829,224029173,155738,0.420828,-0.043027,0.023799,-0.905807,926339,-0.440175,-0.474012,-0.017887,0.0446603298187255,114.2766829,22.4029173,155.738,-0.0003968000000043,-0.0002119,38.498000000000005,-23.52090000000473,-40.72059049795208,60.77413291287773,80.44810777899124,0.6471177261812567,229.960723,IP15,222.4854562272334,28.59038448887485,-52.09229999987741,-47.70947832394483,-38.498000000000005,80.44810777899124,0.9932346090524684
1137,IP15_MAC,A	E	TR4c_1	TR4c_2	TR6c_1	TR6c_2	TR8c_1	TR8c_2	TRc0_1	TRc0_2	TR60_1	TR60_2,N	N	-127	-127	-81	-83	-127	-127	-84	-81	-71	-81,"[-127, -127, -81, -83, -127, -127, -84, -81, -71, -81]",-127,-127,-81,-83,-127,-127,-84,-81,-71,-81,0,30,926539,-3.007538,-4.819623,-130.209853,926539,1142766821,224029163,155722,0.419516,-0.041476,0.027084,-0.906395,926539,-0.437807,-0.46185,-0.011106,0.0616815090179443,114.2766821,22.4029163,155.722,-0.0003975999999994,-0.0002128999999975,38.48200000000001,-23.63189999972448,-40.80268875573172,60.86206068885685,80.31990541374748,0.6364775997511617,229.790147,IP15,222.4971805076224,28.627234040553443,-51.98130000015766,-47.6273800661652,-38.48200000000001,80.31990541374748,0.9935633336927268
1138,IP15_MAC,A	E	TR4c_1	TR4c_2	TR6c_1	TR6c_2	TR8c_1	TR8c_2	TRc0_1	TRc0_2	TR60_1	TR60_2,N	N	-127	-127	-81	-83	-127	-127	-87	-83	-71	-83,"[-127, -127, -81, -83, -127, -127, -87, -83, -71, -83]",-127,-127,-81,-83,-127,-127,-87,-83,-71,-83,0,30,926939,-3.690472,-4.482467,-130.178541,926939,1142766802,224029143,155714,0.419599,-0.045644,0.021892,-0.906297,926939,-0.440105,-0.441822,-0.007258,0.0510354042053222,114.2766802,22.4029143,155.714,-0.0003995000000003,-0.0002148999999995,38.474,-23.853899999952688,-40.99767201335574,61.07426898230084,80.05689276686677,0.6236599788931465,229.821459,IP15,222.50224835827527,28.72350052322359,-51.75929999992945,-47.43239680854117,-38.474,80.05689276686677,0.9935635844157972
1139,IP15_MAC,A	E	TR4c_1	TR4c_2	TR6c_1	TR6c_2	TR8c_1	TR8c_2	TRc0_1	TRc0_2	TR60_1	TR60_2,N	N	-127	-127	-84	-84	-127	-127	-88	-82	-127	-127,"[-127, -127, -84, -84, -127, -127, -88, -82, -127, -127]",-127,-127,-84,-84,-127,-127,-88,-82,-127,-127,91,60,927139,-3.667023,-4.556941,-130.223788,927139,1142766793,224029133,155695,0.419222,-0.045722,0.022586,-0.90645,927139,-0.448074,-0.439592,-0.009005,0.0476777553558349,114.2766793,22.4029133,155.695,-0.0004004000000037,-0.000215899999997,38.455,-23.96489999967244,-41.09003252163442,61.167754819212334,79.92129224944897,0.6277678917920221,138.776212,IP15,222.50789182653747,28.7612489606339,-51.6483000002097,-47.34003630026249,-38.455,79.92129224944897,0.4645549776012064
1140,IP15_MAC,A	E	TR4c_1	TR4c_2	TR6c_1	TR6c_2	TR8c_1	TR8c_2	TRc0_1	TRc0_2	TR60_1	TR60_2,N	N	-127	-127	-84	-84	-127	-127	-88	-82	-72	-84,"[-127, -127, -84, -84, -127, -127, -88, -82, -72, -84]",-127,-127,-84,-84,-127,-127,-88,-82,-72,-84,0,30,927339,-3.76783,-4.344431,-130.236684,927139,1142766793,224029133,155695,0.419162,-0.045739,0.020539,-0.906526,927139,-0.448074,-0.439592,-0.009005,0.0491406917572021,114.2766793,22.4029133,155.695,-0.0004004000000037,-0.000215899999997,38.455,-23.96489999967244,-41.09003252163442,61.167754819212334,79.92129224944897,0.6277678917920221,229.763316,IP15,222.50789182653747,28.7612489606339,-51.6483000002097,-47.34003630026249,-38.455,79.92129224944897,0.993687488180938
1141,IP15_MAC,A	E	TR4c_1	TR4c_2	TR6c_1	TR6c_2	TR8c_1	TR8c_2	TRc0_1	TRc0_2	TR60_1	TR60_2,N	N	-127	-127	-81	-84	-127	-127	-86	-81	-72	-82,"[-127, -127, -81, -84, -127, -127, -86, -81, -72, -82]",-127,-127,-81,-84,-127,-127,-86,-81,-72,-82,1,30,927339,-3.76783,-4.344431,-130.236684,927139,1142766793,224029133,155695,0.419162,-0.045739,0.020539,-0.906526,927139,-0.448074,-0.439592,-0.009005,0.0397191047668457,114.2766793,22.4029133,155.695,-0.0004004000000037,-0.000215899999997,38.455,-23.96489999967244,-41.09003252163442,61.167754819212334,79.92129224944897,0.6277678917920221,228.763316,IP15,222.50789182653747,28.7612489606339,-51.6483000002097,-47.34003630026249,-38.455,79.92129224944897,0.9952461190113494
1142,IP15_MAC,A	E	TR4c_1	TR4c_2	TR6c_1	TR6c_2	TR8c_1	TR8c_2	TRc0_1	TRc0_2	TR60_1	TR60_2,N	N	-127	-127	-82	-81	-127	-127	-87	-81	-72	-81,"[-127, -127, -82, -81, -127, -127, -87, -81, -72, -81]",-127,-127,-82,-81,-127,-127,-87,-81,-72,-81,1,29,927339,-3.76783,-4.344431,-130.236684,927339,1142766784,224029122,155704,0.419162,-0.045739,0.020539,-0.906526,927339,-0.451907,-0.437087,-0.01192,0.0519137382507324,114.2766784,22.4029122,155.704,-0.0004013000000071,-0.0002169999999992,38.46400000000001,-24.08699999991626,-41.18239306087188,61.283377544127866,79.79205127865455,0.6288140175107422,228.763316,IP15,222.51970617946165,28.81957462766971,-51.52619999996588,-47.24767576102503,-38.46400000000001,79.79205127865455,0.9954497662350904
1143,IP15_MAC,A	E	TR4c_1	TR4c_2	TR6c_1	TR6c_2	TR8c_1	TR8c_2	TRc0_1	TRc0_2	TR60_1	TR60_2,N	N	-127	-127	-83	-84	-127	-127	-87	-81	-74	-82,"[-127, -127, -83, -84, -127, -127, -87, -81, -74, -82]",-127,-127,-83,-84,-127,-127,-87,-81,-74,-82,1,30,927539,-4.029182,-4.265398,-130.171519,927539,1142766775,224029112,155686,0.419599,-0.047526,0.018926,-0.906267,927539,-0.454873,-0.439704,-0.01574,0.0421555042266845,114.2766775,22.4029112,155.686,-0.0004021999999963,-0.0002180000000002,38.44600000000001,-24.19800000003036,-41.27475357041668,61.37787388220689,79.65702394322327,0.6328481661070056,228.828481,IP15,222.52540973675116,28.858241272886517,-51.41519999985178,-47.15531525148023,-38.44600000000001,79.65702394322327,0.995216501743792
1144,IP15_MAC,A	E	TR4c_1	TR4c_2	TR6c_1	TR6c_2	TR8c_1	TR8c_2	TRc0_1	TRc0_2	TR60_1	TR60_2,N	N	-127	-127	-82	-87	-127	-127	-88	-83	-73	-83,"[-127, -127, -82, -87, -127, -127, -88, -83, -73, -83]",-127,-127,-82,-87,-127,-127,-88,-83,-73,-83,1,30,927739,-3.808475,-4.293875,-130.110344,927739,1142766766,224029103,155661,0.420164,-0.045897,0.019939,-0.906067,927739,-0.457843,-0.447637,-0.022461,0.0438761711120605,114.2766766,22.4029103,155.661,-0.0004030999999997,-0.0002189000000001,38.42100000000001,-24.29790000001475,-41.36711405298617,61.46380488127531,79.52581320965494,0.6407055430843408,228.889656,IP15,222.5249625114146,28.889775670676585,-51.31529999986739,-47.06295476891074,-38.42100000000001,79.52581320965494,0.9951387403426444
1145,IP15_MAC,A	E	TR4c_1	TR4c_2	TR6c_1	TR6c_2	TR8c_1	TR8c_2	TRc0_1	TRc0_2	TR60_1	TR60_2,N	N	-127	-127	-127	-127	-127	-127	-88	-85	-74	-85,"[-127, -127, -127, -127, -127, -127, -88, -85, -74, -85]",-127,-127,-127,-127,-127,-127,-88,-85,-74,-85,0,30,927939,-4.175961,-4.286532,-130.019277,927939,1142766756,224029092,155656,0.420731,-0.048787,0.018488,-0.905684,927939,-0.457698,-0.443484,-0.024449,0.0481326580047607,114.2766756,22.4029092,155.656,-0.0004040999999972,-0.0002199999999987,38.41600000000001,-24.419999999864217,-41.469736841987896,61.57811729613936,79.38391248801675,0.6377799550479774,229.980723,IP15,222.53065132947825,28.94218090716418,-51.19320000001792,-46.96033197990901,-38.41600000000001,79.38391248801675,0.99343184008471
1146,IP15_MAC,A	E	TR4c_1	TR4c_2	TR6c_1	TR6c_2	TR8c_1	TR8c_2	TRc0_1	TRc0_2	TR60_1	TR60_2,N	N	-127	-127	-82	-85	-127	-127	-127	-127	-72	-83,"[-127, -127, -82, -85, -127, -127, -127, -127, -72, -83]",-127,-127,-82,-85,-127,-127,-127,-127,-72,-83,0,30,928139,-4.990154,-4.151034,-129.989878,927939,1142766756,224029092,155656,0.420668,-0.054719,0.014396,-0.905449,927939,-0.457698,-0.443484,-0.024449,0.0495922565460205,114.2766756,22.4029092,155.656,-0.0004040999999972,-0.0002199999999987,38.41600000000001,-24.419999999864217,-41.469736841987896,61.57811729613936,79.38391248801675,0.6377799550479774,230.010122,IP15,222.53065132947825,28.94218090716418,-51.19320000001792,-46.96033197990901,-38.41600000000001,79.38391248801675,0.9933813196595928
1147,IP15_MAC,A	E	TR4c_1	TR4c_2	TR6c_1	TR6c_2	TR8c_1	TR8c_2	TRc0_1	TRc0_2	TR60_1	TR60_2,N	N	-127	-127	-83	-84	-127	-127	-89	-83	-72	-83,"[-127, -127, -83, -84, -127, -127, -89, -83, -72, -83]",-127,-127,-83,-84,-127,-127,-89,-83,-72,-83,1,30,928139,-4.990154,-4.151034,-129.989878,928139,1142766746,224029083,155652,0.420668,-0.054719,0.014396,-0.905449,928139,-0.469062,-0.467918,-0.023882,0.0491797924041748,114.2766746,22.4029083,155.652,-0.0004050999999947,-0.0002208999999986,38.41199999999999,-24.519899999848604,-41.5723595727933,61.68442526644951,79.25687329794783,0.6629756892164297,229.010122,IP15,222.52396239087903,28.989673130592127,-51.09330000003354,-46.85770924910361,-38.41199999999999,79.25687329794783,0.9949957874819136
1148,IP15_MAC,A	E	TR4c_1	TR4c_2	TR6c_1	TR6c_2	TR8c_1	TR8c_2	TRc0_1	TRc0_2	TR60_1	TR60_2,N	N	-127	-127	-84	-85	-127	-127	-88	-83	-127	-127,"[-127, -127, -84, -85, -127, -127, -88, -83, -127, -127]",-127,-127,-84,-85,-127,-127,-88,-83,-127,-127,91,60,928339,-5.327618,-3.968828,-129.937445,928339,1142766736,224029073,155655,0.42102,-0.056717,0.011683,-0.905201,928339,-0.495705,-0.507444,-0.016431,0.0491836071014404,114.2766736,22.4029073,155.655,-0.0004061000000064,-0.0002218999999996,38.415000000000006,-24.630899999962708,-41.67498233637024,61.79965705847351,79.12613506642963,0.7095722922451243,139.062555,IP15,222.52345905013357,29.04462450093305,-50.98229999991944,-46.75508648552667,-38.415000000000006,79.12613506642963,0.4702270854070967
1149,IP15_MAC,A	E	TR4c_1	TR4c_2	TR6c_1	TR6c_2	TR8c_1	TR8c_2	TRc0_1	TRc0_2	TR60_1	TR60_2,N	N	-127	-127	-84	-85	-127	-127	-88	-83	-74	-81,"[-127, -127, -84, -85, -127, -127, -88, -83, -74, -81]",-127,-127,-84,-85,-127,-127,-88,-83,-74,-81,1,30,928539,-5.188517,-4.166718,-129.934289,928339,1142766736,224029073,155655,0.42101,-0.056348,0.013759,-0.9052,928339,-0.495705,-0.507444,-0.016431,0.0395088195800781,114.2766736,22.4029073,155.655,-0.0004061000000064,-0.0002218999999996,38.415000000000006,-24.630899999962708,-41.67498233637024,61.79965705847351,79.12613506642963,0.7095722922451243,229.065711,IP15,222.52345905013357,29.04462450093305,-50.98229999991944,-46.75508648552667,-38.415000000000006,79.12613506642963,0.994930727320028
1150,IP15_MAC,A	E	TR4c_1	TR4c_2	TR6c_1	TR6c_2	TR8c_1	TR8c_2	TRc0_1	TRc0_2	TR60_1	TR60_2,N	N	-127	-127	-127	-127	-127	-127	-127	-127	-79	-87,"[-127, -127, -127, -127, -127, -127, -127, -127, -79, -87]",-127,-127,-127,-127,-127,-127,-127,-127,-79,-87,359,30,928739,-4.609294,-4.474322,-129.943456,928739,1142766713,224029052,155625,0.421055,-0.052908,0.018336,-0.905305,928739,-0.546636,-0.588695,-0.004463,0.0468320846557617,114.2766713,22.4029052,155.625,-0.0004083999999977,-0.0002239999999993,38.385000000000005,-24.86399999992628,-41.91101463424733,62.03353825688511,78.82202692235843,0.8033633286938108,231.05654400000003,IP15,222.50980547223588,29.14248576681112,-50.74919999995586,-46.51905418764958,-38.385000000000005,78.82202692235843,0.9914881923564222
1151,IP15_MAC,A	E	TR4c_1	TR4c_2	TR6c_1	TR6c_2	TR8c_1	TR8c_2	TRc0_1	TRc0_2	TR60_1	TR60_2,N	N	-127	-127	-127	-127	-127	-127	-127	-127	-83	-90,"[-127, -127, -127, -127, -127, -127, -127, -127, -83, -90]",-127,-127,-127,-127,-127,-127,-127,-127,-83,-90,359,30,928939,-4.544637,-4.510307,-129.932486,928739,1142766713,224029052,155625,0.421154,-0.052532,0.018855,-0.90527,928739,-0.546636,-0.588695,-0.004463,0.046950340270996,114.2766713,22.4029052,155.625,-0.0004083999999977,-0.0002239999999993,38.385000000000005,-24.86399999992628,-41.91101463424733,62.03353825688511,78.82202692235843,0.8033633286938108,231.067514,IP15,222.50980547223588,29.14248576681112,-50.74919999995586,-46.51905418764958,-38.385000000000005,78.82202692235843,0.9914666558129888
1152,IP15_MAC,A	E	TR4c_1	TR4c_2	TR6c_1	TR6c_2	TR8c_1	TR8c_2	TRc0_1	TRc0_2	TR60_1	TR60_2,N	N	-127	-127	-127	-127	-127	-127	-127	-127	-82	-84,"[-127, -127, -127, -127, -127, -127, -127, -127, -82, -84]",-127,-127,-127,-127,-127,-127,-127,-127,-82,-84,359,30,928939,-4.544637,-4.510307,-129.932486,928939,1142766701,224029041,155625,0.421154,-0.052532,0.018855,-0.90527,928939,-0.568529,-0.609539,-0.003049,0.0497136116027832,114.2766701,22.4029041,155.625,-0.0004095999999975,-0.0002250999999979,38.385000000000005,-24.986099999775742,-42.03416192468635,62.16577987051675,78.67078019338186,0.8335300311104573,231.067514,IP15,222.5029016126192,29.20392138064339,-50.6271000001064,-46.39590689721056,-38.385000000000005,78.67078019338186,0.9914736080420312
1153,IP15_MAC,A	E	TR4c_1	TR4c_2	TR6c_1	TR6c_2	TR8c_1	TR8c_2	TRc0_1	TRc0_2	TR60_1	TR60_2,N	N	-127	-127	-127	-127	-127	-127	-127	-127	-79	-86,"[-127, -127, -127, -127, -127, -127, -127, -127, -79, -86]",-127,-127,-127,-127,-127,-127,-127,-127,-79,-86,359,30,929139,-4.511375,-4.36449,-129.955328,928939,1142766701,224029041,155625,0.421055,-0.05173,0.017836,-0.905383,928939,-0.568529,-0.609539,-0.003049,0.045443058013916,114.2766701,22.4029041,155.625,-0.0004095999999975,-0.0002250999999979,38.385000000000005,-24.986099999775742,-42.03416192468635,62.16577987051675,78.67078019338186,0.8335300311104573,231.044672,IP15,222.5029016126192,29.20392138064339,-50.6271000001064,-46.39590689721056,-38.385000000000005,78.67078019338186,0.9915184301532644
1154,IP15_MAC,A	E	TR4c_1	TR4c_2	TR6c_1	TR6c_2	TR8c_1	TR8c_2	TRc0_1	TRc0_2	TR60_1	TR60_2,N	N	-127	-127	-127	-127	-127	-127	-127	-127	-78	-86,"[-127, -127, -127, -127, -127, -127, -127, -127, -78, -86]",-127,-127,-127,-127,-127,-127,-127,-127,-78,-86,359,30,929339,-4.109239,-4.371557,-129.99679,929139,1142766687,224029029,155628,0.420901,-0.048576,0.019397,-0.905597,929139,-0.589473,-0.643027,-0.003898,0.0412018299102783,114.2766687,22.4029029,155.628,-0.0004109999999997,-0.0002262999999977,38.38799999999999,-25.11929999975493,-42.17783374095024,62.31843575986907,78.50185813855619,0.8723401486014501,231.00321,IP15,222.4895745700492,29.27537046520423,-50.49390000012721,-46.25223508094667,-38.38799999999999,78.50185813855619,0.9915958363969358
1156,IP15_MAC,A	E	TR4c_1	TR4c_2	TR6c_1	TR6c_2	TR8c_1	TR8c_2	TRc0_1	TRc0_2	TR60_1	TR60_2,N	N	-127	-127	-127	-127	-84	-90	-91	-86	-80	-90,"[-127, -127, -127, -127, -84, -90, -91, -86, -80, -90]",-127,-127,-127,-127,-84,-90,-91,-86,-80,-90,0,30,929739,-3.105375,-4.535111,-130.071832,929539,1142766660,224029005,155624,0.420669,-0.041237,0.024424,-0.905947,929539,-0.606011,-0.695667,-1.8e-05,0.050722599029541,114.276666,22.4029005,155.624,-0.0004136999999957,-0.0002286999999974,38.384,-25.385699999713296,-42.454915133241855,62.61138106962832,78.1655164952066,0.9226060412407888,229.928168,IP15,222.4690614406169,29.410311029806884,-50.227500000168845,-45.975153688655055,-38.384,78.1655164952066,0.9935629884455004
1157,IP15_MAC,A	E	TR4c_1	TR4c_2	TR6c_1	TR6c_2	TR8c_1	TR8c_2	TRc0_1	TRc0_2	TR60_1	TR60_2,N	N	-127	-127	-127	-127	-83	-91	-127	-127	-77	-91,"[-127, -127, -127, -127, -83, -91, -127, -127, -77, -91]",-127,-127,-127,-127,-83,-91,-127,-127,-77,-91,0,30,929939,-2.816153,-4.626608,-130.120754,929739,1142766645,224028992,155614,0.420369,-0.039278,0.026231,-0.906123,929739,-0.610066,-0.692643,-0.002349,0.0469286441802978,114.2766645,22.4028992,155.614,-0.0004152000000061,-0.0002299999999983,38.37400000000001,-25.529999999822195,-42.60884923528286,62.76829461715514,77.97740033272915,0.923006157945872,229.879246,IP15,222.455456916927,29.479817419453408,-50.083200000059946,-45.82121958661405,-38.37400000000001,77.97740033272915,0.993639294030391
1158,IP15_MAC,A	E	TR4c_1	TR4c_2	TR6c_1	TR6c_2	TR8c_1	TR8c_2	TRc0_1	TRc0_2	TR60_1	TR60_2,N	N	-127	-127	-127	-127	-127	-127	-127	-127	-78	-88,"[-127, -127, -127, -127, -127, -127, -127, -127, -78, -88]",-127,-127,-127,-127,-127,-127,-127,-127,-78,-88,359,30,930139,-2.868149,-4.474849,-130.170795,929939,1142766630,224028980,155614,0.420004,-0.039121,0.024856,-0.906338,929939,-0.607578,-0.681024,-0.000273,0.046870470046997,114.276663,22.402898,155.614,-0.0004167000000023,-0.0002311999999982,38.37400000000001,-25.66319999980138,-42.76278330797823,62.927095487356695,77.801461054519,0.9126580899707184,230.829205,IP15,222.4354263521216,29.55308972259203,-49.95000000008076,-45.667285513918685,-38.37400000000001,77.801461054519,0.9918997870454276
1159,IP15_MAC,A	E	TR4c_1	TR4c_2	TR6c_1	TR6c_2	TR8c_1	TR8c_2	TRc0_1	TRc0_2	TR60_1	TR60_2,N	N	-127	-127	-127	-127	-127	-127	-127	-127	-79	-86,"[-127, -127, -127, -127, -127, -127, -127, -127, -79, -86]",-127,-127,-127,-127,-127,-127,-127,-127,-79,-86,359,30,930139,-2.868149,-4.474849,-130.170795,930139,1142766615,224028967,155607,0.420004,-0.039121,0.024856,-0.906338,930139,-0.60681,-0.675954,0.002696,0.045417308807373,114.2766615,22.4028967,155.607,-0.0004181999999985,-0.0002324999999991,38.367,-25.80749999991028,-42.91671741420917,63.08643577550133,77.61507326445597,0.9083718702337716,230.829205,IP15,222.4216337639297,29.62518954706156,-49.80569999997186,-45.51335140768774,-38.367,77.61507326445597,0.9918880991416604
1160,IP15_MAC,A	E	TR4c_1	TR4c_2	TR6c_1	TR6c_2	TR8c_1	TR8c_2	TRc0_1	TRc0_2	TR60_1	TR60_2,N	N	-127	-127	-127	-127	-127	-127	-127	-127	-80	-92,"[-127, -127, -127, -127, -127, -127, -127, -127, -80, -92]",-127,-127,-127,-127,-127,-127,-127,-127,-80,-92,359,30,930339,-2.686327,-4.526493,-130.169388,930339,1142766601,224028955,155616,0.42007,-0.037874,0.025933,-0.90633,930339,-0.61138,-0.678296,-0.001482,0.044163703918457,114.2766601,22.4028955,155.616,-0.0004196000000007,-0.000233699999999,38.37600000000002,-25.94069999988946,-43.060389245741895,63.24424412133543,77.4498706073306,0.9131665589255884,230.830612,IP15,222.40783276646985,29.7023763633098,-49.67249999999268,-45.369679576155015,-38.37600000000002,77.4498706073306,0.991872989478497
1161,IP15_MAC,A	E	TR4c_1	TR4c_2	TR6c_1	TR6c_2	TR8c_1	TR8c_2	TRc0_1	TRc0_2	TR60_1	TR60_2,N	N	-127	-127	-127	-127	-79	-87	-127	-127	-127	-127,"[-127, -127, -127, -127, -79, -87, -127, -127, -127, -127]",-127,-127,-127,-127,-79,-87,-127,-127,-127,-127,119,30,930539,-2.497013,-4.523183,-130.107366,930339,1142766601,224028955,155616,0.420637,-0.03638,0.026584,-0.90611,930339,-0.61138,-0.678296,-0.001482,0.0451271533966064,114.2766601,22.4028955,155.616,-0.0004196000000007,-0.000233699999999,38.37600000000002,-25.94069999988946,-43.060389245741895,63.24424412133543,77.4498706073306,0.9131665589255884,110.892634,IP15,222.40783276646985,29.7023763633098,-49.67249999999268,-45.369679576155015,-38.37600000000002,77.4498706073306,-0.028134878754638
1162,IP15_MAC,A	E	TR4c_1	TR4c_2	TR6c_1	TR6c_2	TR8c_1	TR8c_2	TRc0_1	TRc0_2	TR60_1	TR60_2,N	N	-127	-127	-84	-86	-79	-87	-127	-127	-75	-82,"[-127, -127, -84, -86, -79, -87, -127, -127, -75, -82]",-127,-127,-84,-86,-79,-87,-127,-127,-75,-82,1,30,930539,-2.497013,-4.523183,-130.107366,930539,1142766587,224028943,155623,0.420637,-0.03638,0.026584,-0.90611,930539,-0.614279,-0.679123,-0.00193,0.0457487106323242,114.2766587,22.4028943,155.623,-0.0004210000000028,-0.0002348999999988,38.383,-26.073899999868644,-43.20406107975544,63.40105554315629,77.28381919770514,0.91572401075324,228.892634,IP15,222.3939514274912,29.77860465393901,-49.5393000000135,-45.22600774214147,-38.383,77.28381919770514,0.9951626630423138
1163,IP15_MAC,A	E	TR4c_1	TR4c_2	TR6c_1	TR6c_2	TR8c_1	TR8c_2	TRc0_1	TRc0_2	TR60_1	TR60_2,N	N	-127	-127	-127	-127	-127	-127	-84	-83	-73	-84,"[-127, -127, -127, -127, -127, -127, -84, -83, -73, -84]",-127,-127,-127,-127,-127,-127,-84,-83,-73,-84,0,30,930939,-2.557522,-4.340487,-130.162107,930739,1142766573,224028931,155610,0.420238,-0.036176,0.024934,-0.90635,930739,-0.613668,-0.675773,-0.004676,0.0522797107696533,114.2766573,22.4028931,155.61,-0.000422400000005,-0.0002360999999986,38.37000000000002,-26.207099999847827,-43.34773291624981,63.54600647861793,77.107954375168,0.9128414028345778,229.837893,IP15,222.37998904504877,29.84227070961896,-49.40610000003432,-45.08233590564711,-38.37000000000002,77.107954375168,0.9936415207320596
1164,IP15_MAC,A	E	TR4c_1	TR4c_2	TR6c_1	TR6c_2	TR8c_1	TR8c_2	TRc0_1	TRc0_2	TR60_1	TR60_2,N	N	-127	-127	-127	-127	-127	-127	-85	-85	-71	-85,"[-127, -127, -127, -127, -127, -127, -85, -85, -71, -85]",-127,-127,-127,-127,-127,-127,-85,-85,-71,-85,0,30,931139,-2.485327,-4.287208,-130.152284,930939,1142766558,224028919,155600,0.42036,-0.035412,0.024775,-0.906328,930939,-0.611738,-0.67619,-0.0007,0.0503859519958496,114.2766558,22.4028919,155.6,-0.0004239000000012,-0.0002372999999984,38.36,-26.34029999982701,-43.50166700208022,63.70004737863828,76.92769049242503,0.9118425229961586,229.847716,IP15,222.35942980119532,29.91073097015053,-49.27290000005513,-44.92840181981669,-38.36,76.92769049242503,0.9935966847871665
1165,IP15_MAC,A	E	TR4c_1	TR4c_2	TR6c_1	TR6c_2	TR8c_1	TR8c_2	TRc0_1	TRc0_2	TR60_1	TR60_2,N	N	-127	-127	-127	-127	-81	-83	-84	-85	-127	-127,"[-127, -127, -127, -127, -81, -83, -84, -85, -127, -127]",-127,-127,-127,-127,-81,-83,-84,-85,-127,-127,121,29,931339,-2.365542,-4.190904,-130.176765,931139,1142766544,224028907,155615,0.42024,-0.034107,0.024462,-0.906442,931139,-0.608244,-0.67688,-0.006364,0.0523459911346435,114.2766544,22.4028907,155.615,-0.0004253000000034,-0.0002384999999982,38.375000000000014,-26.473499999806197,-43.64533884362481,63.86237100213681,76.76602621162702,0.9100372511232714,108.823235,IP15,222.34528259322343,29.99309428407432,-49.13970000007595,-44.7847299782721,-38.375000000000014,76.76602621162702,-0.0599637445782061
1166,IP15_MAC,A	E	TR4c_1	TR4c_2	TR6c_1	TR6c_2	TR8c_1	TR8c_2	TRc0_1	TRc0_2	TR60_1	TR60_2,N	N	-127	-127	-83	-88	-127	-127	-83	-85	-71	-83,"[-127, -127, -83, -88, -127, -127, -83, -85, -71, -83]",-127,-127,-83,-88,-127,-127,-83,-85,-71,-83,0,30,931339,-2.365542,-4.190904,-130.176765,931339,1142766530,224028895,155601,0.42024,-0.034107,0.024462,-0.906442,931339,-0.594301,-0.680757,-0.003189,0.0479769706726074,114.276653,22.4028895,155.601,-0.0004267000000055,-0.000239699999998,38.361,-26.606699999785377,-43.78901068765023,64.00750161412117,76.58999565612127,0.9036780075729408,229.823235,IP15,222.3310520571768,30.05702995921387,-49.00650000009677,-44.64105813424669,-38.361,76.58999565612127,0.9936001826330336
1168,IP15_MAC,A	E	TR4c_1	TR4c_2	TR6c_1	TR6c_2	TR8c_1	TR8c_2	TRc0_1	TRc0_2	TR60_1	TR60_2,N	N	-127	-127	-83	-87	-81	-83	-85	-84	-73	-84,"[-127, -127, -83, -87, -81, -83, -85, -84, -73, -84]",-127,-127,-83,-87,-81,-83,-85,-84,-73,-84,0,30,931539,-2.349299,-4.510771,-130.097885,931539,1142766516,224028883,155595,0.420773,-0.03517,0.027027,-0.906081,931539,-0.590932,-0.672783,-0.003263,0.0432586669921875,114.2766516,22.4028883,155.595,-0.0004281000000077,-0.0002408999999978,38.355,-26.73989999976456,-43.932682534156456,64.15768754907229,76.4180794337432,0.8954597930013385,229.902115,IP15,222.3167374564525,30.12644675852409,-48.87330000011758,-44.49738628774045,-38.355,76.4180794337432,0.9934428889804552
1169,IP15_MAC,A	E	TR4c_1	TR4c_2	TR6c_1	TR6c_2	TR8c_1	TR8c_2	TRc0_1	TRc0_2	TR60_1	TR60_2,N	N	-127	-127	-83	-87	-81	-86	-86	-86	-72	-84,"[-127, -127, -83, -87, -81, -86, -86, -86, -72, -84]",-127,-127,-83,-87,-81,-86,-86,-86,-72,-84,0,30,931739,-2.365824,-4.283789,-130.075589,931739,1142766501,224028872,155608,0.421012,-0.034472,0.025165,-0.90605,931739,-0.596147,-0.657588,0.001914,0.0458478927612304,114.2766501,22.4028872,155.608,-0.0004296000000039,-0.000242,38.36800000000001,-26.86200000000838,-44.086616598633896,64.32184878496102,76.25696479997418,0.8875904949631896,229.924411,IP15,222.28924402182267,30.208020570876187,-48.75119999987376,-44.34345222326301,-38.36800000000001,76.25696479997418,0.9933580240657776
1171,IP15_MAC,A	E	TR4c_1	TR4c_2	TR6c_1	TR6c_2	TR8c_1	TR8c_2	TRc0_1	TRc0_2	TR60_1	TR60_2,N	N	-127	-127	-83	-88	-82	-86	-86	-85	-71	-88,"[-127, -127, -83, -88, -82, -86, -86, -85, -71, -88]",-127,-127,-83,-88,-82,-86,-86,-85,-71,-88,0,30,931939,-2.5396,-4.147323,-130.135317,931939,1142766487,224028860,155620,0.420517,-0.035331,0.023464,-0.906293,931939,-0.598853,-0.654359,0.006464,0.0491750240325927,114.2766487,22.402886,155.62,-0.000431000000006,-0.0002431999999998,38.38000000000001,-26.99519999998756,-44.23028845008699,64.48320432032847,76.09438158567282,0.8870470110349281,229.864683,IP15,222.274720433742,30.289781819413623,-48.61799999989458,-44.19978037180992,-38.38000000000001,76.09438158567282,0.9934355024807564
1175,IP15_MAC,A	E	TR4c_1	TR4c_2	TR6c_1	TR6c_2	TR8c_1	TR8c_2	TRc0_1	TRc0_2	TR60_1	TR60_2,N	N	-127	-127	-127	-127	-127	-127	-127	-127	-72	-84,"[-127, -127, -127, -127, -127, -127, -127, -127, -72, -84]",-127,-127,-127,-127,-127,-127,-127,-127,-72,-84,359,30,932339,-1.520679,-4.291154,-130.188992,932339,1142766459,224028837,155604,0.420416,-0.027793,0.028365,-0.906462,932339,-0.586604,-0.64111,0.007228,0.0501244068145751,114.2766459,22.4028837,155.604,-0.0004337999999961,-0.0002454999999983,38.36400000000002,-27.250499999816213,-44.51763212694792,64.77812760824636,75.75651354031731,0.8690100856146608,230.811008,IP15,222.238867395242,30.425122394282354,-48.36270000006593,-43.91243669494899,-38.36400000000002,75.75651354031731,0.9916303252347868
1176,IP15_MAC,A	E	TR4c_1	TR4c_2	TR6c_1	TR6c_2	TR8c_1	TR8c_2	TRc0_1	TRc0_2	TR60_1	TR60_2,N	N	-127	-127	-85	-88	-127	-127	-127	-127	-127	-127,"[-127, -127, -85, -88, -127, -127, -127, -127, -127, -127]",-127,-127,-85,-88,-127,-127,-127,-127,-127,-127,239,30,932539,4.227138,-4.213754,-130.347587,932339,1142766459,224028837,155604,0.420604,0.018019,0.048816,-0.905751,932339,-0.586604,-0.64111,0.007228,0.0484066009521484,114.2766459,22.4028837,155.604,-0.0004337999999961,-0.0002454999999983,38.36400000000002,-27.250499999816213,-44.51763212694792,64.77812760824636,75.75651354031731,0.8690100856146608,350.652413,IP15,222.238867395242,30.425122394282354,-48.36270000006593,-43.91243669494899,-38.36400000000002,75.75651354031731,-0.2107847638833066
1177,IP15_MAC,A	E	TR4c_1	TR4c_2	TR6c_1	TR6c_2	TR8c_1	TR8c_2	TRc0_1	TRc0_2	TR60_1	TR60_2,N	N	-127	-127	-85	-88	-127	-127	-127	-127	-72	-91,"[-127, -127, -85, -88, -127, -127, -127, -127, -72, -91]",-127,-127,-85,-88,-127,-127,-127,-127,-72,-91,0,30,932539,4.227138,-4.213754,-130.347587,932539,1142766446,224028825,155608,0.420604,0.018019,0.048816,-0.905751,932539,-0.509517,-0.54674,0.005282,0.0510005950927734,114.2766446,22.4028825,155.608,-0.0004351000000042,-0.0002466999999981,38.36800000000001,-27.3836999997954,-44.65104173819083,64.9283141470996,75.59623870705632,0.747368784746192,229.652413,IP15,222.23074877648955,30.50000770615273,-48.229500000086745,-43.77902708370608,-38.36800000000001,75.59623870705632,0.9937106123511183
1180,IP15_MAC,A	E	TR4c_1	TR4c_2	TR6c_1	TR6c_2	TR8c_1	TR8c_2	TRc0_1	TRc0_2	TR60_1	TR60_2,N	N	-127	-127	-127	-127	-127	-127	-127	-127	-75	-85,"[-127, -127, -127, -127, -127, -127, -127, -127, -75, -85]",-127,-127,-127,-127,-127,-127,-127,-127,-75,-85,359,30,932939,1.020379,-4.156427,-130.259034,932939,1142766426,224028808,155593,0.420644,-0.00718,0.036638,-0.906457,932939,-0.26081,-0.244244,-0.00586,0.0498580932617187,114.2766426,22.4028808,155.593,-0.0004370999999991,-0.0002484000000002,38.353,-27.572400000028807,-44.85628724948419,65.14043564921735,75.34948914323337,0.3573672162300285,230.740966,IP15,222.20853645225165,30.59734037339274,-48.04079999985333,-43.57378157241272,-38.353,75.34948914323337,0.9916951031066784
1184,IP15_MAC,A	E	TR4c_1	TR4c_2	TR6c_1	TR6c_2	TR8c_1	TR8c_2	TRc0_1	TRc0_2	TR60_1	TR60_2,N	N	-127	-127	-127	-127	-127	-127	-127	-127	-76	-85,"[-127, -127, -127, -127, -127, -127, -127, -127, -76, -85]",-127,-127,-127,-127,-127,-127,-127,-127,-76,-85,359,30,933739,-1.123456,-3.399969,-130.174511,933539,1142766411,224028795,155615,0.420844,-0.021384,0.022773,-0.906595,933539,-0.094304,-0.052925,0.001542,0.0525259971618652,114.2766411,22.4028795,155.615,-0.0004385999999954,-0.0002496999999976,38.375000000000014,-27.716699999743355,-45.010221394344974,65.32056424927546,75.17977446025749,0.1081511803218069,230.825489,IP15,222.19340376436008,30.693351459115178,-47.89650000013879,-43.419847427551936,-38.375000000000014,75.17977446025749,0.9914911228143208
1185,IP15_MAC,A	E	TR4c_1	TR4c_2	TR6c_1	TR6c_2	TR8c_1	TR8c_2	TRc0_1	TRc0_2	TR60_1	TR60_2,N	N	-127	-127	-127	-127	-127	-127	-127	-127	-76	-87,"[-127, -127, -127, -127, -127, -127, -127, -127, -76, -87]",-127,-127,-127,-127,-127,-127,-127,-127,-76,-87,359,30,933739,-1.123456,-3.399969,-130.174511,933739,1142766408,224028792,155639,0.420844,-0.021384,0.022773,-0.906595,933739,-0.059791,-0.028563,0.001773,0.0435249805450439,114.2766408,22.4028792,155.639,-0.000438900000006,-0.0002499999999976,38.399000000000015,-27.74999999973815,-45.04100823779172,65.37000936256847,75.15304181219105,0.0662868929653517,230.825489,IP15,222.19301001778223,30.72673331443427,-47.86320000014399,-43.3890605841052,-38.399000000000015,75.15304181219105,0.9914860537875336
1186,IP15_MAC,A	E	TR4c_1	TR4c_2	TR6c_1	TR6c_2	TR8c_1	TR8c_2	TRc0_1	TRc0_2	TR60_1	TR60_2,N	N	-127	-127	-127	-127	-127	-127	-127	-127	-76	-85,"[-127, -127, -127, -127, -127, -127, -127, -127, -76, -85]",-127,-127,-127,-127,-127,-127,-127,-127,-76,-85,359,30,933939,-1.087862,-3.549734,-130.228173,933939,1142766406,224028790,155629,0.420401,-0.021641,0.024099,-0.90676,933939,-0.032173,-0.015252,-0.002639,0.0478568077087402,114.2766406,22.402879,155.629,-0.0004391000000083,-0.0002501999999999,38.389,-27.772199999997586,-45.06153279967727,65.38770642939126,75.1219443218792,0.0357027975654569,230.77182700000003,IP15,222.1927472132397,30.731958616665622,-47.84099999988456,-43.36853602221965,-38.389,75.1219443218792,0.9915891641244604
1188,IP15_MAC,A	E	TR4c_1	TR4c_2	TR6c_1	TR6c_2	TR8c_1	TR8c_2	TRc0_1	TRc0_2	TR60_1	TR60_2,N	N	-127	-127	-127	-127	-127	-127	-127	-127	-75	-86,"[-127, -127, -127, -127, -127, -127, -127, -127, -75, -86]",-127,-127,-127,-127,-127,-127,-127,-127,-75,-86,359,30,934339,-1.118768,-3.584568,-130.214785,934139,1142766404,224028790,155636,0.420492,-0.022016,0.024258,-0.906705,934139,-0.015314,0.006112,-0.007613,0.0514116287231445,114.2766404,22.402879,155.636,-0.0004392999999964,-0.0002501999999999,38.396,-27.772199999997586,-45.08205729529266,65.40596149293974,75.11367518834084,0.0181613025138617,230.785215,IP15,222.1792515382213,30.741920927344385,-47.84099999988456,-43.34801152660425,-38.396,75.11367518834084,0.9915356093515604
1189,IP15_MAC,A	E	TR4c_1	TR4c_2	TR6c_1	TR6c_2	TR8c_1	TR8c_2	TRc0_1	TRc0_2	TR60_1	TR60_2,N	N	-127	-127	-127	-127	-127	-127	-127	-127	-75	-85,"[-127, -127, -127, -127, -127, -127, -127, -127, -75, -85]",-127,-127,-127,-127,-127,-127,-127,-127,-75,-85,359,30,934539,-0.656638,-3.706042,-130.257682,934339,1142766403,224028789,155638,0.42026,-0.018796,0.026924,-0.906809,934339,0.00402,0.00869,0.005558,0.0524423122406005,114.2766403,22.4028789,155.638,-0.0004394000000047,-0.0002502999999975,38.39800000000001,-27.783299999732947,-45.09231957700152,65.41892270367646,75.10170602348327,0.0110710371691183,230.742318,IP15,222.1791168540974,30.749127341100586,-47.8299000001492,-43.33774924489539,-38.39800000000001,75.10170602348327,0.9916175165215396
1191,IP15_MAC,A	E	TR4c_1	TR4c_2	TR6c_1	TR6c_2	TR8c_1	TR8c_2	TRc0_1	TRc0_2	TR60_1	TR60_2,N	N	-127	-127	-85	-88	-127	-127	-127	-127	-76	-88,"[-127, -127, -85, -88, -127, -127, -127, -127, -76, -88]",-127,-127,-85,-88,-127,-127,-127,-127,-76,-88,0,30,934739,-0.706353,-3.74595,-130.273939,934539,1142766401,224028789,155623,0.420111,-0.019332,0.02706,-0.906863,934539,0.023375,0.011796,-0.005425,0.0457310676574707,114.2766401,22.4028789,155.623,-0.000439600000007,-0.0002502999999975,38.383,-27.783299999732947,-45.112844074090034,65.42427033088195,75.08219484589063,0.0267388643363924,229.726061,IP15,222.1656122235729,30.744666149967657,-47.8299000001492,-43.31722474780688,-38.383,75.08219484589063,0.9934449663186626
1193,IP15_MAC,A	E	TR4c_1	TR4c_2	TR6c_1	TR6c_2	TR8c_1	TR8c_2	TRc0_1	TRc0_2	TR60_1	TR60_2,N	N	-127	-127	-127	-127	-127	-127	-127	-127	-77	-88,"[-127, -127, -127, -127, -127, -127, -127, -127, -77, -88]",-127,-127,-127,-127,-127,-127,-127,-127,-77,-88,359,30,934939,-0.825457,-4.115886,-130.16182,934939,1142766399,224028789,155631,0.420897,-0.021659,0.029529,-0.906369,934939,0.05252,0.011987,0.004947,0.0441648960113525,114.2766399,22.4028789,155.631,-0.0004397999999952,-0.0002502999999975,38.391000000000005,-27.783299999732947,-45.1333685697202,65.4431172723715,75.07444617012577,0.0540972400220196,230.83818,IP15,222.15210182608664,30.75528817795922,-47.8299000001492,-43.29670025217671,-38.391000000000005,75.07444617012577,0.9913772874015812
1194,IP15_MAC,A	E	TR4c_1	TR4c_2	TR6c_1	TR6c_2	TR8c_1	TR8c_2	TRc0_1	TRc0_2	TR60_1	TR60_2,N	N	-127	-127	-127	-127	-84	-88	-127	-127	-78	-94,"[-127, -127, -127, -127, -84, -88, -127, -127, -78, -94]",-127,-127,-127,-127,-84,-88,-127,-127,-78,-94,359,30,935139,-0.428572,-4.641662,-130.173268,935139,1142766399,224028790,155633,0.420837,-0.020449,0.035148,-0.906224,935139,0.0389,0.024584,0.002075,0.045804738998413,114.2766399,22.402879,155.633,-0.0004397999999952,-0.0002501999999999,38.393000000000015,-27.772199999997586,-45.133368537247854,65.4395789821336,75.08254114990838,0.0460639629319927,230.826732,IP15,222.1454871307017,30.753388294606346,-47.84099999988456,-43.296700284649056,-38.393000000000015,75.08254114990838,0.9913870342968903
1195,IP15_MAC,A	E	TR4c_1	TR4c_2	TR6c_1	TR6c_2	TR8c_1	TR8c_2	TRc0_1	TRc0_2	TR60_1	TR60_2,N	N	-127	-127	-127	-127	-84	-90	-127	-127	-78	-93,"[-127, -127, -127, -127, -84, -90, -127, -127, -78, -93]",-127,-127,-127,-127,-84,-90,-127,-127,-78,-93,359,30,935339,-0.346541,-4.43712,-130.331822,935139,1142766399,224028790,155633,0.419645,-0.019002,0.033858,-0.906857,935139,0.0389,0.024584,0.002075,0.0453133583068847,114.2766399,22.402879,155.633,-0.0004397999999952,-0.0002501999999999,38.393000000000015,-27.772199999997586,-45.133368537247854,65.4395789821336,75.08254114990838,0.0460639629319927,230.668178,IP15,222.1454871307017,30.753388294606346,-47.84099999988456,-43.296700284649056,-38.393000000000015,75.08254114990838,0.99169507694064
1196,IP15_MAC,A	E	TR4c_1	TR4c_2	TR6c_1	TR6c_2	TR8c_1	TR8c_2	TRc0_1	TRc0_2	TR60_1	TR60_2,N	N	-127	-127	-127	-127	-127	-127	-127	-127	-79	-86,"[-127, -127, -127, -127, -127, -127, -127, -127, -79, -86]",-127,-127,-127,-127,-127,-127,-127,-127,-79,-86,359,30,935539,-0.888827,-3.432054,-130.364145,935339,1142766399,224028791,155647,0.419401,-0.019606,0.023922,-0.907274,935339,0.038812,0.068207,0.007458,0.0441625118255615,114.2766399,22.4028791,155.647,-0.0004397999999952,-0.0002500999999988,38.407,-27.761099999867863,-45.1333685047755,65.44308423959345,75.09677344441629,0.07883012087394,230.635855,IP15,222.13887412227297,30.75935666880936,-47.85210000001428,-43.29670031712141,-38.407,75.09677344441629,0.991743627210578
1197,IP15_MAC,A	E	TR4c_1	TR4c_2	TR6c_1	TR6c_2	TR8c_1	TR8c_2	TRc0_1	TRc0_2	TR60_1	TR60_2,N	N	-127	-127	-127	-127	-127	-127	-127	-127	-78	-86,"[-127, -127, -127, -127, -127, -127, -127, -127, -78, -86]",-127,-127,-127,-127,-127,-127,-127,-127,-78,-86,359,30,935739,-1.305955,-3.807952,-130.558874,935539,1142766400,224028792,155655,0.417667,-0.02424,0.025411,-0.907921,935539,0.070607,0.082532,0.013893,0.0565297603607177,114.27664,22.4028792,155.655,-0.0004397000000011,-0.0002499999999976,38.415000000000006,-27.74999999973815,-45.12310622451022,65.43599499001984,75.1138545720111,0.1094983786272655,230.441126,IP15,222.1390182527026,30.7587034785952,-47.86320000014399,-43.30696259738669,-38.415000000000006,75.1138545720111,0.9921134619763148
1198,IP15_MAC,A	E	TR4c_1	TR4c_2	TR6c_1	TR6c_2	TR8c_1	TR8c_2	TRc0_1	TRc0_2	TR60_1	TR60_2,N	N	-127	-127	-127	-127	-127	-127	-127	-127	-77	-87,"[-127, -127, -127, -127, -127, -127, -127, -127, -77, -87]",-127,-127,-127,-127,-127,-127,-127,-127,-77,-87,359,30,935739,-1.305955,-3.807952,-130.558874,935539,1142766400,224028792,155655,0.417667,-0.02424,0.025411,-0.907921,935539,0.070607,0.082532,0.013893,0.0465333461761474,114.27664,22.4028792,155.655,-0.0004397000000011,-0.0002499999999976,38.415000000000006,-27.74999999973815,-45.12310622451022,65.43599499001984,75.1138545720111,0.1094983786272655,230.441126,IP15,222.1390182527026,30.7587034785952,-47.86320000014399,-43.30696259738669,-38.415000000000006,75.1138545720111,0.9921134619763148
1199,IP15_MAC,A	E	TR4c_1	TR4c_2	TR6c_1	TR6c_2	TR8c_1	TR8c_2	TRc0_1	TRc0_2	TR60_1	TR60_2,N	N	-127	-127	-87	-86	-127	-127	-127	-127	-78	-86,"[-127, -127, -87, -86, -127, -127, -127, -127, -78, -86]",-127,-127,-87,-86,-127,-127,-127,-127,-78,-86,0,30,935939,-1.853349,-4.247475,-130.665269,935739,1142766401,224028794,155672,0.41654,-0.030151,0.026922,-0.908218,935739,0.102478,0.087202,0.022172,0.0454077720642089,114.2766401,22.4028794,155.672,-0.000439600000007,-0.0002497999999988,38.432,-27.72779999987307,-45.11284391180212,65.42949031318815,75.14261195269036,0.1363727497412881,229.334731,IP15,222.13255405285472,30.7607379286148,-47.88540000000907,-43.31722491009479,-38.432,75.14261195269036,0.9940401931855178
1201,IP15_MAC,A	E	TR4c_1	TR4c_2	TR6c_1	TR6c_2	TR8c_1	TR8c_2	TRc0_1	TRc0_2	TR60_1	TR60_2,N	N	-127	-127	-86	-86	-82	-87	-127	-127	-79	-85,"[-127, -127, -86, -86, -82, -87, -127, -127, -79, -85]",-127,-127,-86,-86,-82,-87,-127,-127,-79,-85,1,30,936139,-3.103516,-3.740815,-130.553656,936139,1142766407,224028799,155702,0.417132,-0.038229,0.018312,-0.907857,936139,0.13094,0.161926,0.028145,0.0443005561828613,114.2766407,22.4028799,155.702,-0.000439,-0.0002493000000001,38.462,-27.672300000013195,-45.05127025869167,65.38117912069502,75.22882095038159,0.2101367509528021,228.446344,IP15,222.14002528191995,30.748248829554747,-47.94089999986895,-43.37879856320524,-38.462,75.22882095038159,0.9954109675248236
1202,IP15_MAC,A	E	TR4c_1	TR4c_2	TR6c_1	TR6c_2	TR8c_1	TR8c_2	TRc0_1	TRc0_2	TR60_1	TR60_2,N	N	-127	-127	-87	-86	-84	-87	-127	-127	-79	-96,"[-127, -127, -87, -86, -84, -87, -127, -127, -79, -96]",-127,-127,-87,-86,-84,-87,-127,-127,-79,-96,359,30,936339,-3.725565,-4.076216,-130.352792,936139,1142766407,224028799,155702,0.418366,-0.044405,0.018618,-0.907001,936139,0.13094,0.161926,0.028145,0.0445754528045654,114.2766407,22.4028799,155.702,-0.000439,-0.0002493000000001,38.462,-27.672300000013195,-45.05127025869167,65.38117912069502,75.22882095038159,0.2101367509528021,230.647208,IP15,222.14002528191995,30.748248829554747,-47.94089999986895,-43.37879856320524,-38.462,75.22882095038159,0.9917256423938576
1205,IP15_MAC,A	E	TR4c_1	TR4c_2	TR6c_1	TR6c_2	TR8c_1	TR8c_2	TRc0_1	TRc0_2	TR60_1	TR60_2,N	N	-127	-127	-87	-85	-84	-86	-127	-127	-79	-89,"[-127, -127, -87, -85, -84, -86, -127, -127, -79, -89]",-127,-127,-87,-85,-84,-86,-127,-127,-79,-89,0,30,936939,-3.760709,-2.964066,-129.979194,936939,1142766422,224028808,155741,0.421721,-0.040652,0.009554,-0.905764,936939,0.063605,0.108986,-0.007868,0.0433154106140136,114.2766422,22.4028808,155.741,-0.0004375000000038,-0.0002484000000002,38.50100000000002,-27.572400000028807,-44.89733624310008,65.25591961261122,75.40122194900391,0.1264335779965116,230.020806,IP15,222.18166509743148,30.70480773660851,-48.04079999985333,-43.53273257879683,-38.50100000000002,75.40122194900391,0.9929658201548408
1206,IP15_MAC,A	E	TR4c_1	TR4c_2	TR6c_1	TR6c_2	TR8c_1	TR8c_2	TRc0_1	TRc0_2	TR60_1	TR60_2,N	N	-127	-127	-86	-86	-83	-88	-127	-127	-78	-86,"[-127, -127, -86, -86, -83, -88, -127, -127, -78, -86]",-127,-127,-86,-86,-83,-88,-127,-127,-78,-86,0,30,936939,-3.760709,-2.964066,-129.979194,936939,1142766422,224028808,155741,0.421721,-0.040652,0.009554,-0.905764,936939,0.063605,0.108986,-0.007868,0.0416586399078369,114.2766422,22.4028808,155.741,-0.0004375000000038,-0.0002484000000002,38.50100000000002,-27.572400000028807,-44.89733624310008,65.25591961261122,75.40122194900391,0.1264335779965116,230.020806,IP15,222.18166509743148,30.70480773660851,-48.04079999985333,-43.53273257879683,-38.50100000000002,75.40122194900391,0.9929658201548408
1209,IP15_MAC,A	E	TR4c_1	TR4c_2	TR6c_1	TR6c_2	TR8c_1	TR8c_2	TRc0_1	TRc0_2	TR60_1	TR60_2,N	N	-127	-127	-85	-88	-86	-88	-127	-127	-79	-87,"[-127, -127, -85, -88, -86, -88, -127, -127, -79, -87]",-127,-127,-85,-88,-86,-88,-127,-127,-79,-87,0,30,937539,-4.157489,-3.002526,-129.945068,937539,1142766427,224028811,155769,0.421844,-0.04393,0.008379,-0.905565,937539,0.025514,0.053091,-0.003536,0.0542967319488525,114.2766427,22.4028811,155.769,-0.0004370000000051,-0.0002481000000003,38.52900000000001,-27.53910000003401,-44.84602490501255,65.22309268650851,75.46636214860435,0.0590095057850851,230.054932,IP15,222.1954944455854,30.70016181695757,-48.07409999984813,-43.58404391688436,-38.52900000000001,75.46636214860435,0.99293045424971
1210,IP15_MAC,A	E	TR4c_1	TR4c_2	TR6c_1	TR6c_2	TR8c_1	TR8c_2	TRc0_1	TRc0_2	TR60_1	TR60_2,N	N	-127	-127	-86	-88	-84	-88	-127	-127	-78	-87,"[-127, -127, -86, -88, -84, -88, -127, -127, -78, -87]",-127,-127,-86,-88,-84,-88,-127,-127,-78,-87,0,30,937739,-4.167806,-3.05927,-129.985984,937739,1142766428,224028812,155761,0.421495,-0.044217,0.008805,-0.905709,937739,0.008387,0.015734,0.011223,0.0514061450958251,114.2766428,22.4028812,155.761,-0.0004368999999968,-0.0002479999999991,38.521,-27.527999999904296,-44.83576262364331,65.20662416532865,75.47527696500995,0.0210678962879543,230.014016,IP15,222.19562459623808,30.68908123258146,-48.085199999977846,-43.5943061982536,-38.521,75.47527696500995,0.993004762105072
1214,IP15_MAC,A	E	TR4c_1	TR4c_2	TR6c_1	TR6c_2	TR8c_1	TR8c_2	TRc0_1	TRc0_2	TR60_1	TR60_2,N	N	-127	-127	-86	-87	-89	-87	-127	-127	-79	-89,"[-127, -127, -86, -87, -89, -87, -127, -127, -79, -89]",-127,-127,-86,-87,-89,-87,-127,-127,-79,-89,359,30,938339,-6.661722,-3.520039,-129.961817,938339,1142766426,224028810,155781,0.420466,-0.065588,0.003218,-0.904929,938339,-0.159986,-0.177731,0.007969,0.0478949546813964,114.2766426,22.402881,155.781,-0.0004370999999991,-0.0002481999999979,38.54100000000001,-27.550199999769376,-44.85628718493819,65.24192441248911,75.45949308176012,0.2392641500893939,231.038183,IP15,222.19536423499116,30.71385622947806,-48.063000000112766,-43.57378163695872,-38.54100000000001,75.45949308176012,0.9910725330539166
1215,IP15_MAC,A	E	TR4c_1	TR4c_2	TR6c_1	TR6c_2	TR8c_1	TR8c_2	TRc0_1	TRc0_2	TR60_1	TR60_2,N	N	-127	-127	-85	-86	-127	-127	-127	-127	-77	-86,"[-127, -127, -85, -86, -127, -127, -127, -127, -77, -86]",-127,-127,-85,-86,-127,-127,-127,-127,-77,-86,0,30,938539,-7.229243,-3.340499,-129.98026,938339,1142766426,224028810,155781,0.420165,-0.069403,-0.000287,-0.90479,938339,-0.159986,-0.177731,0.007969,0.045691967010498,114.2766426,22.402881,155.781,-0.0004370999999991,-0.0002481999999979,38.54100000000001,-27.550199999769376,-44.85628718493819,65.24192441248911,75.45949308176012,0.2392641500893939,230.01974,IP15,222.19536423499116,30.71385622947806,-48.063000000112766,-43.57378163695872,-38.54100000000001,75.45949308176012,0.992990662865037
1216,IP15_MAC,A	E	TR4c_1	TR4c_2	TR6c_1	TR6c_2	TR8c_1	TR8c_2	TRc0_1	TRc0_2	TR60_1	TR60_2,N	N	-127	-127	-86	-87	-127	-127	-127	-127	-79	-93,"[-127, -127, -86, -87, -127, -127, -127, -127, -79, -93]",-127,-127,-86,-87,-127,-127,-127,-127,-79,-93,359,30,938739,-7.699596,-3.334523,-129.899439,938539,1142766423,224028807,155796,0.420585,-0.073086,-0.002124,-0.904302,938539,-0.245486,-0.288416,0.001942,0.0454585552215576,114.2766423,22.4028807,155.796,-0.0004373999999955,-0.0002484999999978,38.556,-27.58349999976417,-44.88707402626207,65.28601705477308,75.4281751991523,0.3787491737495938,231.100561,IP15,222.1949732383281,30.74124608844415,-48.02970000011797,-43.54299479563484,-38.556,75.4281751991523,0.9909431832203952
1217,IP15_MAC,A	E	TR4c_1	TR4c_2	TR6c_1	TR6c_2	TR8c_1	TR8c_2	TRc0_1	TRc0_2	TR60_1	TR60_2,N	N	-127	-127	-89	-88	-127	-127	-127	-127	-79	-91,"[-127, -127, -89, -88, -127, -127, -127, -127, -79, -91]",-127,-127,-89,-88,-127,-127,-127,-127,-79,-91,0,30,938739,-7.699596,-3.334523,-129.899439,938739,1142766417,224028803,155791,0.420585,-0.073086,-0.002124,-0.904302,938739,-0.334297,-0.408203,-0.004218,0.0471665859222412,114.2766417,22.4028803,155.791,-0.0004380000000026,-0.0002488999999989,38.551,-27.627899999888683,-44.948647646088006,65.34417636343748,75.36181131420247,0.5276381003509887,230.100561,IP15,222.1809966990556,30.766833684740856,-47.98529999999346,-43.4814211758089,-38.551,75.36181131420247,0.9928132059987372
1219,IP15_MAC,A	E	TR4c_1	TR4c_2	TR6c_1	TR6c_2	TR8c_1	TR8c_2	TRc0_1	TRc0_2	TR60_1	TR60_2,N	N	-127	-127	-127	-127	-127	-127	-127	-127	-80	-88,"[-127, -127, -127, -127, -127, -127, -127, -127, -80, -88]",-127,-127,-127,-127,-127,-127,-127,-127,-80,-88,359,30,939139,-8.180164,-3.60213,-129.887636,938939,1142766409,224028797,155798,0.420265,-0.077851,-0.001799,-0.904054,938939,-0.428986,-0.525155,0.001746,0.0448012351989746,114.2766409,22.4028797,155.798,-0.0004387999999977,-0.0002494999999989,38.55800000000001,-27.694499999878275,-45.03074582654786,65.43296389388468,75.27564287433887,0.6781001480142885,231.112364,IP15,222.1667134181289,30.81209120653167,-47.91870000000387,-43.39932299534905,-38.55800000000001,75.27564287433887,0.9908523371000094
1220,IP15_MAC,A	E	TR4c_1	TR4c_2	TR6c_1	TR6c_2	TR8c_1	TR8c_2	TRc0_1	TRc0_2	TR60_1	TR60_2,N	N	-127	-127	-87	-90	-127	-127	-127	-127	-79	-91,"[-127, -127, -87, -90, -127, -127, -127, -127, -79, -91]",-127,-127,-87,-90,-127,-127,-127,-127,-79,-91,0,30,939139,-8.180164,-3.60213,-129.887636,939139,1142766398,224028790,155802,0.420265,-0.077851,-0.001799,-0.904054,939139,-0.524264,-0.646733,-0.00181,0.0455322265625,114.2766398,22.402879,155.802,-0.0004399000000034,-0.0002501999999999,38.562,-27.772199999997586,-45.1436307865139,65.54594066323979,75.16318808286412,0.8325380418245162,230.112364,IP15,222.13872992333475,30.866782490049022,-47.84099999988456,-43.28643803538301,-38.562,75.16318808286412,0.9926987359372388
1222,IP15_MAC,A	E	TR4c_1	TR4c_2	TR6c_1	TR6c_2	TR8c_1	TR8c_2	TRc0_1	TRc0_2	TR60_1	TR60_2,N	N	-127	-127	-81	-91	-127	-127	-127	-127	-77	-83,"[-127, -127, -81, -91, -127, -127, -127, -127, -77, -83]",-127,-127,-81,-91,-127,-127,-127,-127,-77,-83,2,30,939739,-8.735087,-3.678508,-129.986326,939539,1142766369,224028770,155800,0.419143,-0.082502,-0.00318,-0.904159,939539,-0.713951,-0.889643,-0.000282,0.0515999794006347,114.2766369,22.402877,155.8,-0.0004428000000018,-0.0002521999999984,38.56000000000002,-27.99419999983144,-45.44123664431437,65.84417074726619,74.8497324844731,1.1406974959970764,228.013674,IP15,222.07466219864568,31.00851800223641,-47.619000000050704,-42.98883217758254,-38.56000000000002,74.8497324844731,0.9958610681933084
1223,IP15_MAC,A	E	TR4c_1	TR4c_2	TR6c_1	TR6c_2	TR8c_1	TR8c_2	TRc0_1	TRc0_2	TR60_1	TR60_2,N	N	-127	-127	-127	-127	-127	-127	-127	-127	-78	-86,"[-127, -127, -127, -127, -127, -127, -127, -127, -78, -86]",-127,-127,-127,-127,-127,-127,-127,-127,-78,-86,359,30,940139,-8.670093,-4.325173,-129.963033,939939,1142766332,224028744,155794,0.418892,-0.084354,0.002145,-0.904107,939939,-0.900292,-1.140279,-4.5e-05,0.0494911670684814,114.2766332,22.4028744,155.794,-0.0004464999999953,-0.0002547999999968,38.554000000000016,-28.282799999654884,-45.8209406976811,66.2260243276077,74.4453858858113,1.452846132641031,231.036967,IP15,221.99508218222485,31.190354356849117,-47.33040000022726,-42.60912812421581,-38.554000000000016,74.4453858858113,0.9905782752364626
1224,IP15_MAC,A	E	TR4c_1	TR4c_2	TR6c_1	TR6c_2	TR8c_1	TR8c_2	TRc0_1	TRc0_2	TR60_1	TR60_2,N	N	-127	-127	-127	-127	-127	-127	-127	-127	-76	-85,"[-127, -127, -127, -127, -127, -127, -127, -127, -76, -85]",-127,-127,-127,-127,-127,-127,-127,-127,-76,-85,359,30,940139,-8.670093,-4.325173,-129.963033,940139,1142766309,224028729,155797,0.418892,-0.084354,0.002145,-0.904107,940139,-1.01418,-1.248844,-0.003388,0.0527491569519043,114.2766309,22.4028729,155.797,-0.0004488000000009,-0.0002563000000002,38.557,-28.44930000002321,-46.0569729167061,66.46239292819301,74.20616530172673,1.608783356229173,231.036967,IP15,221.93722857835837,31.30495104411859,-47.16389999985893,-42.37309590519081,-38.557,74.20616530172673,0.9904280990574492
1225,IP15_MAC,A	E	TR4c_1	TR4c_2	TR6c_1	TR6c_2	TR8c_1	TR8c_2	TRc0_1	TRc0_2	TR60_1	TR60_2,N	N	-127	-127	-127	-127	-127	-127	-127	-127	-78	-84,"[-127, -127, -127, -127, -127, -127, -127, -127, -78, -84]",-127,-127,-127,-127,-127,-127,-127,-127,-78,-84,359,30,940339,-8.399678,-4.21104,-129.995014,940139,1142766309,224028729,155797,0.418876,-0.081809,0.002268,-0.904348,940139,-1.01418,-1.248844,-0.003388,0.0497047901153564,114.2766309,22.4028729,155.797,-0.0004488000000009,-0.0002563000000002,38.557,-28.44930000002321,-46.0569729167061,66.46239292819301,74.20616530172673,1.608783356229173,231.00498600000003,IP15,221.93722857835837,31.30495104411859,-47.16389999985893,-42.37309590519081,-38.557,74.20616530172673,0.9904933054107984
1226,IP15_MAC,A	E	TR4c_1	TR4c_2	TR6c_1	TR6c_2	TR8c_1	TR8c_2	TRc0_1	TRc0_2	TR60_1	TR60_2,N	N	-127	-127	-127	-127	-127	-127	-127	-127	-76	-88,"[-127, -127, -127, -127, -127, -127, -127, -127, -76, -88]",-127,-127,-127,-127,-127,-127,-127,-127,-76,-88,359,30,940339,-8.399678,-4.21104,-129.995014,940339,1142766284,224028711,155786,0.418876,-0.081809,0.002268,-0.904348,940339,-1.105455,-1.358244,-0.008556,0.0523707866668701,114.2766284,22.4028711,155.786,-0.0004512999999946,-0.0002580999999999,38.54600000000001,-28.64909999999199,-46.31352973752762,66.71962292727977,73.927151096501,1.751265464085043,231.00498600000003,IP15,221.88516932474587,31.426555907431464,-46.96409999989015,-42.11653908436929,-38.54600000000001,73.927151096501,0.9903485519446902
1227,IP15_MAC,A	E	TR4c_1	TR4c_2	TR6c_1	TR6c_2	TR8c_1	TR8c_2	TRc0_1	TRc0_2	TR60_1	TR60_2,N	N	-127	-127	-127	-127	-127	-127	-127	-127	-76	-84,"[-127, -127, -127, -127, -127, -127, -127, -127, -76, -84]",-127,-127,-127,-127,-127,-127,-127,-127,-76,-84,359,30,940539,-8.511258,-4.060898,-130.086395,940539,1142766257,224028692,155789,0.4182,-0.082138,0.000736,-0.904633,940539,-1.198523,-1.458131,-0.005204,0.043489933013916,114.2766257,22.4028692,155.789,-0.0004540000000048,-0.0002599999999972,38.54899999999999,-28.85999999969613,-46.59061109847944,67.0045524088641,73.63713284645885,1.8874931725190425,230.913605,IP15,221.8253742974377,31.567283119120344,-46.75320000018601,-41.83945772341747,-38.54899999999999,73.63713284645885,0.9903628003997902
1228,IP15_MAC,A	E	TR4c_1	TR4c_2	TR6c_1	TR6c_2	TR8c_1	TR8c_2	TRc0_1	TRc0_2	TR60_1	TR60_2,N	N	-127	-127	-127	-127	-127	-127	-127	-127	-81	-91,"[-127, -127, -127, -127, -127, -127, -127, -127, -81, -91]",-127,-127,-127,-127,-127,-127,-127,-127,-81,-91,359,30,940739,-8.121953,-4.067035,-130.268679,940539,1142766257,224028692,155789,0.416969,-0.07909,0.002347,-0.90547,940539,-1.198523,-1.458131,-0.005204,0.0500411987304687,114.2766257,22.4028692,155.789,-0.0004540000000048,-0.0002599999999972,38.54899999999999,-28.85999999969613,-46.59061109847944,67.0045524088641,73.63713284645885,1.8874931725190425,230.731321,IP15,221.8253742974377,31.567283119120344,-46.75320000018601,-41.83945772341747,-38.54899999999999,73.63713284645885,0.9907299155481996
1229,IP15_MAC,A	E	TR4c_1	TR4c_2	TR6c_1	TR6c_2	TR8c_1	TR8c_2	TRc0_1	TRc0_2	TR60_1	TR60_2,N	N	-127	-127	-127	-127	-127	-127	-127	-127	-79	-93,"[-127, -127, -127, -127, -127, -127, -127, -127, -79, -93]",-127,-127,-127,-127,-127,-127,-127,-127,-79,-93,359,30,940739,-8.121953,-4.067035,-130.268679,940739,1142766229,224028671,155783,0.416969,-0.07909,0.002347,-0.90547,940739,-1.271969,-1.560759,0.00532,0.05242919921875,114.2766229,22.4028671,155.783,-0.0004567999999949,-0.0002620999999969,38.54299999999999,-29.0930999996597,-46.87795478167486,67.3016638806423,73.32298912511897,2.0134304297496843,230.731321,IP15,221.77147548415377,31.71271924177347,-46.52010000022244,-41.55211404022205,-38.54299999999999,73.32298912511897,0.9905635581509422
1230,IP15_MAC,A	E	TR4c_1	TR4c_2	TR6c_1	TR6c_2	TR8c_1	TR8c_2	TRc0_1	TRc0_2	TR60_1	TR60_2,N	N	-127	-127	-127	-127	-127	-127	-127	-127	-78	-85,"[-127, -127, -127, -127, -127, -127, -127, -127, -78, -85]",-127,-127,-127,-127,-127,-127,-127,-127,-78,-85,359,30,940939,-8.053693,-4.429564,-130.266247,940739,1142766229,224028671,155783,0.416774,-0.079871,0.005461,-0.905478,940739,-1.271969,-1.560759,0.00532,0.052971601486206,114.2766229,22.4028671,155.783,-0.0004567999999949,-0.0002620999999969,38.54299999999999,-29.0930999996597,-46.87795478167486,67.3016638806423,73.32298912511897,2.0134304297496843,230.733753,IP15,221.77147548415377,31.71271924177347,-46.52010000022244,-41.55211404022205,-38.54299999999999,73.32298912511897,0.9905586872421284
1231,IP15_MAC,A	E	TR4c_1	TR4c_2	TR6c_1	TR6c_2	TR8c_1	TR8c_2	TRc0_1	TRc0_2	TR60_1	TR60_2,N	N	-127	-127	-127	-127	-127	-127	-127	-127	-77	-85,"[-127, -127, -127, -127, -127, -127, -127, -127, -77, -85]",-127,-127,-127,-127,-127,-127,-127,-127,-77,-85,359,30,940939,-8.053693,-4.429564,-130.266247,940939,1142766197,224028649,155784,0.416774,-0.079871,0.005461,-0.905478,940939,-1.33547,-1.649193,0.003889,0.0528061389923095,114.2766197,22.4028649,155.784,-0.0004600000000039,-0.0002642999999977,38.544,-29.337299999752982,-47.20634750725748,67.63694517237943,72.98283398066295,2.1221057458265364,230.733753,IP15,221.695443102345,31.878801227615877,-46.27590000012916,-41.22372131463944,-38.544,72.98283398066295,0.990331332992276
1232,IP15_MAC,A	E	TR4c_1	TR4c_2	TR6c_1	TR6c_2	TR8c_1	TR8c_2	TRc0_1	TRc0_2	TR60_1	TR60_2,N	N	-127	-127	-127	-127	-127	-127	-127	-127	-78	-82,"[-127, -127, -127, -127, -127, -127, -127, -127, -78, -82]",-127,-127,-127,-127,-127,-127,-127,-127,-78,-82,359,30,941139,-8.40379,-4.633475,-130.110125,941139,1142766165,224028626,155783,0.41766,-0.083379,0.00567,-0.904752,941139,-1.415876,-1.740351,-0.001668,0.0477018356323242,114.2766165,22.4028626,155.783,-0.0004631999999986,-0.0002665999999997,38.54299999999999,-29.592599999975988,-47.534740275977605,67.97673393789397,72.63529699966844,2.2435528148008905,230.889875,IP15,221.6252818682558,32.04852670798991,-46.02059999990615,-40.895328545919305,-38.54299999999999,72.63529699966844,0.9897856183196296
1233,IP15_MAC,A	E	TR4c_1	TR4c_2	TR6c_1	TR6c_2	TR8c_1	TR8c_2	TRc0_1	TRc0_2	TR60_1	TR60_2,N	N	-127	-127	-127	-127	-127	-127	-127	-127	-76	-86,"[-127, -127, -127, -127, -127, -127, -127, -127, -76, -86]",-127,-127,-127,-127,-127,-127,-127,-127,-76,-86,359,30,941539,-7.838423,-4.555433,-129.955232,941339,1142766131,224028602,155775,0.419264,-0.078652,0.007034,-0.904423,941339,-1.491269,-1.840584,-0.004396,0.0525770187377929,114.2766131,22.4028602,155.775,-0.0004665999999957,-0.0002689999999994,38.53500000000001,-29.858999999934355,-47.88365758985228,68.33264790843612,72.2662058394745,2.368892571695264,231.044768,IP15,221.54668820631215,32.224414040759385,-45.75419999994779,-40.54641123204463,-38.53500000000001,72.2662058394745,0.9892029672014782
1234,IP15_MAC,A	E	TR4c_1	TR4c_2	TR6c_1	TR6c_2	TR8c_1	TR8c_2	TRc0_1	TRc0_2	TR60_1	TR60_2,N	N	-127	-127	-127	-127	-127	-127	-127	-127	-77	-85,"[-127, -127, -127, -127, -127, -127, -127, -127, -77, -85]",-127,-127,-127,-127,-127,-127,-127,-127,-77,-85,359,30,941539,-7.838423,-4.555433,-129.955232,941539,1142766095,224028575,155771,0.419264,-0.078652,0.007034,-0.904423,941539,-1.554544,-1.918824,-0.01201,0.0451025962829589,114.2766095,22.4028575,155.771,-0.0004701999999952,-0.0002716999999989,38.53099999999999,-30.15869999988752,-48.25309952013161,68.7207884121169,71.86750582512587,2.469541826131317,231.044768,IP15,221.47327951477567,32.421214381983525,-45.454499999994624,-40.1769693017653,-38.53099999999999,71.86750582512587,0.9889304113969132
1235,IP15_MAC,A	E	TR4c_1	TR4c_2	TR6c_1	TR6c_2	TR8c_1	TR8c_2	TRc0_1	TRc0_2	TR60_1	TR60_2,N	N	-127	-127	-84	-90	-127	-127	-127	-127	-76	-86,"[-127, -127, -84, -90, -127, -127, -127, -127, -76, -86]",-127,-127,-84,-90,-127,-127,-127,-127,-76,-86,1,30,941739,-7.691873,-4.525169,-129.987145,941539,1142766095,224028575,155771,0.419115,-0.077385,0.00736,-0.904599,941539,-1.554544,-1.918824,-0.01201,0.0490210056304931,114.2766095,22.4028575,155.771,-0.0004701999999952,-0.0002716999999989,38.53099999999999,-30.15869999988752,-48.25309952013161,68.7207884121169,71.86750582512587,2.469541826131317,229.012855,IP15,221.47327951477567,32.421214381983525,-45.454499999994624,-40.1769693017653,-38.53099999999999,71.86750582512587,0.9927870476511784
1236,IP15_MAC,A	E	TR4c_1	TR4c_2	TR6c_1	TR6c_2	TR8c_1	TR8c_2	TRc0_1	TRc0_2	TR60_1	TR60_2,N	N	-127	-127	-127	-127	-127	-127	-127	-127	-83	-86,"[-127, -127, -127, -127, -127, -127, -127, -127, -83, -86]",-127,-127,-127,-127,-127,-127,-127,-127,-83,-86,359,30,941939,-7.530608,-4.792617,-130.058581,941939,1142766018,224028520,155759,0.418462,-0.077087,0.010115,-0.9049,941939,-1.662444,-2.066242,-0.01468,0.0489227771759033,114.2766018,22.402852,155.759,-0.000477900000007,-0.0002771999999993,38.51899999999999,-30.76919999992356,-49.04329471237976,69.53921042031345,71.03531285037334,2.6520353613969783,230.941419,IP15,221.2930459118277,32.83703538127778,-44.84399999995858,-39.38677410951716,-38.51899999999999,71.03531285037334,0.9884816811582168
1238,IP15_MAC,A	E	TR4c_1	TR4c_2	TR6c_1	TR6c_2	TR8c_1	TR8c_2	TRc0_1	TRc0_2	TR60_1	TR60_2,N	N	-127	-127	-127	-127	-127	-127	-127	-127	-81	-83,"[-127, -127, -127, -127, -127, -127, -127, -127, -81, -83]",-127,-127,-127,-127,-127,-127,-127,-127,-81,-83,359,30,942139,-7.21345,-4.783993,-130.074879,942139,1142765977,224028492,155743,0.418519,-0.074556,0.01123,-0.905073,942139,-1.715077,-2.123742,-0.012011,0.0495684146881103,114.2765977,22.4028492,155.743,-0.0004820000000052,-0.00028,38.503,-31.08000000000644,-49.46404797548917,69.96527317978466,70.59771732734431,2.72981930951739,230.925121,IP15,221.18553957685108,33.051039016429065,-44.533199999875706,-38.96602084640774,-38.503,70.59771732734431,0.9881201531261982
1239,IP15_MAC,A	E	TR4c_1	TR4c_2	TR6c_1	TR6c_2	TR8c_1	TR8c_2	TRc0_1	TRc0_2	TR60_1	TR60_2,N	N	-127	-127	-84	-87	-127	-127	-127	-127	-78	-93,"[-127, -127, -84, -87, -127, -127, -127, -127, -78, -93]",-127,-127,-84,-87,-127,-127,-127,-127,-78,-93,359,30,942339,-6.303105,-4.685787,-130.038417,942339,1142765935,224028462,155736,0.419362,-0.067027,0.013795,-0.905236,942339,-1.751454,-2.1674,-0.010752,0.0443184375762939,114.2765935,22.4028462,155.736,-0.0004861999999974,-0.0002829999999995,38.496,-31.412999999954398,-49.895063577561935,70.41474245075446,70.14660594223028,2.786634077093726,230.961583,IP15,221.0828540810183,33.28427998591416,-44.20019999992775,-38.535005244334975,-38.496,70.14660594223028,0.9876234683799386
1241,IP15_MAC,A	E	TR4c_1	TR4c_2	TR6c_1	TR6c_2	TR8c_1	TR8c_2	TRc0_1	TRc0_2	TR60_1	TR60_2,N	N	-127	-127	-84	-86	-78	-90	-86	-86	-127	-127,"[-127, -127, -84, -86, -78, -90, -86, -86, -127, -127]",-127,-127,-84,-86,-78,-90,-86,-86,-127,-127,119,30,942539,-5.353088,-4.747672,-130.135576,942539,1142765893,224028431,155731,0.419047,-0.059748,0.017844,-0.905821,942539,-1.765343,-2.183504,-0.007438,0.0503623485565185,114.2765893,22.4028431,155.731,-0.0004904000000038,-0.0002861000000002,38.491,-31.757100000032068,-50.32607923590746,70.87160738032455,69.69095070786481,2.807878371566155,110.864424,IP15,220.9854589668596,33.52562454329247,-43.85609999985007,-38.10398958598945,-38.491,69.69095070786481,0.027800083366255
1246,IP15_MAC,A	E	TR4c_1	TR4c_2	TR6c_1	TR6c_2	TR8c_1	TR8c_2	TRc0_1	TRc0_2	TR60_1	TR60_2,N	N	-127	-127	-80	-84	-77	-83	-127	-127	-71	-85,"[-127, -127, -80, -84, -77, -83, -127, -127, -71, -85]",-127,-127,-80,-84,-77,-83,-127,-127,-71,-85,0,30,943139,-3.216318,-4.941283,-130.202285,942939,1142765808,224028370,155725,0.419439,-0.043573,0.027275,-0.906327,942939,-1.719626,-2.144061,-0.010205,0.0484955310821533,114.2765808,22.402837,155.725,-0.0004988999999966,-0.0002921999999969,38.485,-32.43419999966335,-51.198372822899245,71.79377364598373,68.78750215686475,2.748493276983228,229.797715,IP15,220.7700141871879,34.019611052073,-43.17900000021879,-37.23169599899767,-38.485,68.78750215686475,0.9886484132444182
1248,IP15_MAC,A	E	TR4c_1	TR4c_2	TR6c_1	TR6c_2	TR8c_1	TR8c_2	TRc0_1	TRc0_2	TR60_1	TR60_2,N	N	-127	-127	-82	-84	-80	-85	-127	-127	-74	-89,"[-127, -127, -82, -84, -80, -85, -127, -127, -74, -89]",-127,-127,-82,-84,-80,-85,-127,-127,-74,-89,0,30,943139,-3.216318,-4.941283,-130.202285,943139,1142765766,224028340,155717,0.419439,-0.043573,0.027275,-0.906327,943139,-1.676661,-2.093304,-0.010233,0.0467479228973388,114.2765766,22.402834,155.717,-0.000503100000003,-0.0002952,38.47700000000002,-32.76720000000566,-51.629388501696425,72.24792510445872,68.34141728863258,2.682017609865006,229.797715,IP15,220.65947462768617,34.26431604008821,-42.84599999987648,-36.800680320200485,-38.47700000000002,68.34141728863258,0.9881476644505056
1252,IP15_MAC,A	E	TR4c_1	TR4c_2	TR6c_1	TR6c_2	TR8c_1	TR8c_2	TRc0_1	TRc0_2	TR60_1	TR60_2,N	N	-127	-127	-85	-83	-77	-84	-127	-127	-74	-86,"[-127, -127, -85, -83, -77, -84, -127, -127, -74, -86]",-127,-127,-85,-83,-77,-84,-127,-127,-74,-86,0,30,943739,-2.375198,-5.427543,-130.383845,943739,1142765646,224028255,155688,0.418205,-0.038654,0.034276,-0.906882,943739,-1.52147,-1.918674,-0.004216,0.0502185821533203,114.2765646,22.4028255,155.688,-0.0005151000000012,-0.0003036999999999,38.44799999999999,-33.71069999998966,-52.86086194296258,73.54543305904352,67.07634969374391,2.448713673305232,229.616155,IP15,220.32647661290443,34.973503717548674,-41.90249999989248,-35.56920687893433,-38.44799999999999,67.07634969374391,0.9869278859290174
1253,IP15_MAC,A	E	TR4c_1	TR4c_2	TR6c_1	TR6c_2	TR8c_1	TR8c_2	TRc0_1	TRc0_2	TR60_1	TR60_2,N	N	-127	-127	-127	-127	-81	-89	-127	-127	-72	-92,"[-127, -127, -127, -127, -81, -89, -127, -127, -72, -92]",-127,-127,-127,-127,-81,-89,-127,-127,-72,-92,359,30,943739,-2.375198,-5.427543,-130.383845,943739,1142765646,224028255,155688,0.418205,-0.038654,0.034276,-0.906882,943739,-1.52147,-1.918674,-0.004216,0.0477128028869628,114.2765646,22.4028255,155.688,-0.0005151000000012,-0.0003036999999999,38.44799999999999,-33.71069999998966,-52.86086194296258,73.54543305904352,67.07634969374391,2.448713673305232,230.616155,IP15,220.32647661290443,34.973503717548674,-41.90249999989248,-35.56920687893433,-38.44799999999999,67.07634969374391,0.984821983840247
1254,IP15_MAC,A	E	TR4c_1	TR4c_2	TR6c_1	TR6c_2	TR8c_1	TR8c_2	TRc0_1	TRc0_2	TR60_1	TR60_2,N	N	-127	-127	-82	-84	-82	-83	-127	-127	-127	-127,"[-127, -127, -82, -84, -82, -83, -127, -127, -127, -127]",-127,-127,-82,-84,-82,-83,-127,-127,-127,-127,120,30,943939,0.842713,-5.253208,-130.398462,943939,1142765609,224028229,155669,0.419394,-0.012556,0.044676,-0.906617,943939,-1.463979,-1.853684,0.020844,0.0428783893585205,114.2765609,22.4028229,155.669,-0.0005187999999947,-0.0003062999999983,38.429000000000016,-33.999299999813104,-53.24056627581213,73.94118161651487,66.68437450900065,2.362162855654326,109.601538,IP15,220.2184937226498,35.18945600652503,-41.61390000006904,-35.18950254608478,-38.429000000000016,66.68437450900065,0.0389254393605144
1255,IP15_MAC,A	E	TR4c_1	TR4c_2	TR6c_1	TR6c_2	TR8c_1	TR8c_2	TRc0_1	TRc0_2	TR60_1	TR60_2,N	N	-127	-127	-82	-84	-82	-83	-127	-127	-69	-77,"[-127, -127, -82, -84, -82, -83, -127, -127, -69, -77]",-127,-127,-82,-84,-82,-83,-127,-127,-69,-77,1,30,944139,15.467153,-5.059353,-130.82381,943939,1142765609,224028229,155669,0.417382,0.104032,0.095709,-0.897669,943939,-1.463979,-1.853684,0.020844,0.0489492416381835,114.2765609,22.4028229,155.669,-0.0005187999999947,-0.0003062999999983,38.429000000000016,-33.999299999813104,-53.24056627581213,73.94118161651487,66.68437450900065,2.362162855654326,228.17619,IP15,220.2184937226498,35.18945600652503,-41.61390000006904,-35.18950254608478,-38.429000000000016,66.68437450900065,0.9890857242621232
1256,IP15_MAC,A	E	TR4c_1	TR4c_2	TR6c_1	TR6c_2	TR8c_1	TR8c_2	TRc0_1	TRc0_2	TR60_1	TR60_2,N	N	-127	-127	-81	-84	-89	-82	-127	-127	-70	-80,"[-127, -127, -81, -84, -89, -82, -127, -127, -70, -80]",-127,-127,-81,-84,-89,-82,-127,-127,-70,-80,0,30,944339,13.024717,-6.163117,-131.104879,944139,1142765573,224028203,155618,0.416221,0.080981,0.095493,-0.900602,944139,-1.160646,-1.500093,-0.037063,0.0478217601776123,114.2765573,22.4028203,155.618,-0.0005224000000083,-0.0003089000000002,38.378,-34.2879000000309,-53.610008372183856,74.31395540595146,66.28037351885833,1.8970376411484304,228.895121,IP15,220.1169718805768,35.382002644118224,-41.32529999985124,-34.820060449713054,-38.378,66.28037351885833,0.9873209292167284
1260,IP15_MAC,A	E	TR4c_1	TR4c_2	TR6c_1	TR6c_2	TR8c_1	TR8c_2	TRc0_1	TRc0_2	TR60_1	TR60_2,N	N	-127	-127	-82	-85	-80	-85	-127	-127	-72	-84,"[-127, -127, -82, -85, -80, -85, -127, -127, -72, -84]",-127,-127,-82,-85,-80,-85,-127,-127,-72,-84,0,30,944539,4.176429,-4.966463,-130.579558,944539,1142765524,224028170,155604,0.418869,0.014965,0.054549,-0.906283,944539,-0.451766,-0.636917,-0.008523,0.040921926498413,114.2765524,22.402817,155.604,-0.0005273000000016,-0.0003121999999997,38.36400000000002,-34.654199999973656,-54.1128600410785,74.83923900911557,65.7807494294401,0.780915120338952,229.420442,IP15,219.95772052814084,35.67664490554471,-40.958999999908485,-34.31720878081841,-38.36400000000002,65.7807494294401,0.985523415584447
1261,IP15_MAC,A	E	TR4c_1	TR4c_2	TR6c_1	TR6c_2	TR8c_1	TR8c_2	TRc0_1	TRc0_2	TR60_1	TR60_2,N	N	-127	-127	-127	-127	-127	-127	-127	-127	-72	-84,"[-127, -127, -127, -127, -127, -127, -127, -127, -72, -84]",-127,-127,-127,-127,-127,-127,-127,-127,-72,-84,359,30,944739,0.731163,-4.53888,-130.084127,944739,1142765513,224028162,155629,0.421918,-0.010931,0.038587,-0.905747,944739,-0.339962,-0.520848,-0.010339,0.0426428318023681,114.2765513,22.4028162,155.629,-0.0005284000000074,-0.0003129999999984,38.389,-34.74299999982833,-54.22574513672165,74.97481447540075,65.68123269096462,0.6220640605829917,230.91587300000003,IP15,219.92600660301736,35.76586845750448,-40.87020000005381,-34.20432368517526,-38.389,65.68123269096462,0.9820537929800004
1262,IP15_MAC,A	E	TR4c_1	TR4c_2	TR6c_1	TR6c_2	TR8c_1	TR8c_2	TRc0_1	TRc0_2	TR60_1	TR60_2,N	N	-127	-127	-84	-86	-83	-85	-127	-127	-73	-91,"[-127, -127, -84, -86, -83, -85, -127, -127, -73, -91]",-127,-127,-84,-86,-83,-85,-127,-127,-73,-91,0,30,944939,0.092454,-4.561938,-129.982842,944739,1142765513,224028162,155629,0.422524,-0.016097,0.036405,-0.905477,944739,-0.339962,-0.520848,-0.010339,0.0447392463684082,114.2765513,22.4028162,155.629,-0.0005284000000074,-0.0003129999999984,38.389,-34.74299999982833,-54.22574513672165,74.97481447540075,65.68123269096462,0.6220640605829917,230.017158,IP15,219.92600660301736,35.76586845750448,-40.87020000005381,-34.20432368517526,-38.389,65.68123269096462,0.984070085440868
1263,IP15_MAC,A	E	TR4c_1	TR4c_2	TR6c_1	TR6c_2	TR8c_1	TR8c_2	TRc0_1	TRc0_2	TR60_1	TR60_2,N	N	-127	-127	-84	-85	-127	-127	-127	-127	-73	-86,"[-127, -127, -84, -85, -127, -127, -127, -127, -73, -86]",-127,-127,-84,-85,-127,-127,-127,-127,-73,-86,0,30,944939,0.092454,-4.561938,-129.982842,944939,1142765503,224028156,155622,0.422524,-0.016097,0.036405,-0.905477,944939,-0.243941,-0.435561,-0.008907,0.0404286384582519,114.2765503,22.4028156,155.622,-0.0005294000000048,-0.0003135999999983,38.38200000000002,-34.80959999981792,-54.32836790152677,75.07634604181912,65.58229717406685,0.4992994400667799,230.017158,IP15,219.88726720251177,35.820610854315944,-40.80360000006422,-34.10170092037014,-38.38200000000002,65.58229717406685,0.98389778267744
1264,IP15_MAC,A	E	TR4c_1	TR4c_2	TR6c_1	TR6c_2	TR8c_1	TR8c_2	TRc0_1	TRc0_2	TR60_1	TR60_2,N	N	-127	-127	-83	-85	-127	-127	-127	-127	-73	-84,"[-127, -127, -83, -85, -127, -127, -127, -127, -73, -84]",-127,-127,-83,-85,-127,-127,-127,-127,-73,-84,0,30,945139,-0.469967,-4.947814,-129.955519,944939,1142765503,224028156,155622,0.422488,-0.021971,0.037375,-0.905331,944939,-0.243941,-0.435561,-0.008907,0.0466444492340087,114.2765503,22.4028156,155.622,-0.0005294000000048,-0.0003135999999983,38.38200000000002,-34.80959999981792,-54.32836790152677,75.07634604181912,65.58229717406685,0.4992994400667799,230.044481,IP15,219.88726720251177,35.820610854315944,-40.80360000006422,-34.10170092037014,-38.38200000000002,65.58229717406685,0.9838388067063064
1265,IP15_MAC,A	E	TR4c_1	TR4c_2	TR6c_1	TR6c_2	TR8c_1	TR8c_2	TRc0_1	TRc0_2	TR60_1	TR60_2,N	N	-127	-127	-83	-85	-82	-85	-127	-127	-72	-86,"[-127, -127, -83, -85, -82, -85, -127, -127, -72, -86]",-127,-127,-83,-85,-82,-85,-127,-127,-72,-86,0,30,945139,-0.469967,-4.947814,-129.955519,945139,1142765494,224028152,155630,0.422488,-0.021971,0.037375,-0.905331,945139,-0.166647,-0.355292,-0.011399,0.0402553081512451,114.2765494,22.4028152,155.63,-0.0005303000000083,-0.0003139999999994,38.39,-34.85399999994243,-54.420728336376285,75.16787271605905,65.51137095875156,0.392598478186047,230.044481,IP15,219.84150763618973,35.874030205189044,-40.75919999993971,-34.009340485520624,-38.39,65.51137095875156,0.9836521761283454
1266,IP15_MAC,A	E	TR4c_1	TR4c_2	TR6c_1	TR6c_2	TR8c_1	TR8c_2	TRc0_1	TRc0_2	TR60_1	TR60_2,N	N	-127	-127	-84	-84	-83	-85	-127	-127	-72	-83,"[-127, -127, -84, -84, -83, -85, -127, -127, -72, -83]",-127,-127,-84,-84,-83,-85,-127,-127,-72,-83,0,30,945339,-0.823168,-5.051645,-130.006121,945339,1142765487,224028150,155630,0.421937,-0.025127,0.036903,-0.905525,945339,-0.12084,-0.279596,-0.00421,0.0407366752624511,114.2765487,22.402815,155.63,-0.0005309999999951,-0.0003141999999982,38.39,-34.87619999980751,-54.49256418533312,75.23018661361425,65.46028941245882,0.3046209988099967,229.993879,IP15,219.79727340133428,35.90637087966173,-40.73700000007463,-33.93750463656379,-38.39,65.46028941245882,0.9836125875557532
1267,IP15_MAC,A	E	TR4c_1	TR4c_2	TR6c_1	TR6c_2	TR8c_1	TR8c_2	TRc0_1	TRc0_2	TR60_1	TR60_2,N	N	-127	-127	-82	-82	-83	-84	-127	-127	-72	-82,"[-127, -127, -82, -82, -83, -84, -127, -127, -72, -82]",-127,-127,-82,-82,-83,-84,-127,-127,-72,-82,0,30,945539,-0.459642,-5.20772,-130.151902,945539,1142765481,224028147,155624,0.420889,-0.02278,0.039505,-0.905965,945539,-0.079993,-0.201629,-0.005283,0.0450813770294189,114.2765481,22.4028147,155.624,-0.0005316000000021,-0.0003144999999982,38.384,-34.90949999980231,-54.55413782265743,75.28717420523697,65.40413863634114,0.2169816669191201,229.848098,IP15,219.7691499286552,35.93550262485751,-40.70370000007984,-33.87593099923948,-38.384,65.40413863634114,0.9838176680388664
1268,IP15_MAC,A	E	TR4c_1	TR4c_2	TR6c_1	TR6c_2	TR8c_1	TR8c_2	TRc0_1	TRc0_2	TR60_1	TR60_2,N	N	-127	-127	-82	-84	-82	-85	-127	-127	-74	-86,"[-127, -127, -82, -84, -82, -85, -127, -127, -74, -86]",-127,-127,-82,-84,-82,-85,-127,-127,-74,-86,0,30,945739,-0.83237,-5.116675,-130.165631,945539,1142765481,224028147,155624,0.420659,-0.025388,0.037419,-0.906091,945539,-0.079993,-0.201629,-0.005283,0.0467424392700195,114.2765481,22.4028147,155.624,-0.0005316000000021,-0.0003144999999982,38.384,-34.90949999980231,-54.55413782265743,75.28717420523697,65.40413863634114,0.2169816669191201,229.834369,IP15,219.7691499286552,35.93550262485751,-40.70370000007984,-33.87593099923948,-38.384,65.40413863634114,0.9838470524440724
1270,IP15_MAC,A	E	TR4c_1	TR4c_2	TR6c_1	TR6c_2	TR8c_1	TR8c_2	TRc0_1	TRc0_2	TR60_1	TR60_2,N	N	-127	-127	-81	-82	-83	-86	-127	-127	-73	-83,"[-127, -127, -81, -82, -83, -86, -127, -127, -73, -83]",-127,-127,-81,-82,-83,-86,-127,-127,-73,-83,0,30,946139,-0.876727,-5.587481,-129.943593,946139,1142765469,224028144,155626,0.422287,-0.027545,0.040924,-0.905119,946139,0.004224,-0.035435,0.002518,0.0501935482025146,114.2765469,22.4028144,155.626,-0.0005328000000019,-0.0003147999999981,38.38600000000001,-34.9427999997971,-54.677284978628585,75.3929025867819,65.32087606069987,0.0357745960843725,230.056407,IP15,219.6896299338572,35.990624735351375,-40.67040000008504,-33.752783843268325,-38.38600000000001,65.32087606069987,0.9831005398196384
1271,IP15_MAC,A	E	TR4c_1	TR4c_2	TR6c_1	TR6c_2	TR8c_1	TR8c_2	TRc0_1	TRc0_2	TR60_1	TR60_2,N	N	-127	-127	-81	-82	-82	-86	-127	-127	-74	-83,"[-127, -127, -81, -82, -82, -86, -127, -127, -74, -83]",-127,-127,-81,-82,-82,-86,-127,-127,-74,-83,0,30,946539,-1.707823,-5.376917,-130.000834,946339,1142765467,224028144,155643,0.421542,-0.033313,0.036209,-0.905473,946339,0.012517,0.003887,0.002739,0.0412356853485107,114.2765467,22.4028144,155.643,-0.0005330000000043,-0.0003147999999981,38.403000000000006,-34.9427999997971,-54.69780948524172,75.41644411737813,65.32026611337616,0.0133897789003403,229.999166,IP15,219.67250381413044,36.00944509253942,-40.67040000008504,-33.73225933665519,-38.403000000000006,65.32026611337616,0.9831570258317748
1272,IP15_MAC,A	E	TR4c_1	TR4c_2	TR6c_1	TR6c_2	TR8c_1	TR8c_2	TRc0_1	TRc0_2	TR60_1	TR60_2,N	N	-127	-127	-81	-82	-83	-85	-127	-127	-74	-83,"[-127, -127, -81, -82, -83, -85, -127, -127, -74, -83]",-127,-127,-81,-82,-83,-85,-127,-127,-74,-83,0,30,946539,-1.707823,-5.376917,-130.000834,946539,1142765466,224028144,155646,0.421542,-0.033313,0.036209,-0.905473,946539,0.02093,0.027211,0.008492,0.0471696853637695,114.2765466,22.4028144,155.646,-0.0005330999999983,-0.0003147999999981,38.40599999999999,-34.9427999997971,-54.708071737819104,75.42541495474971,65.31673108404513,0.0353640705377647,229.999166,IP15,219.66393756912944,36.01495224257978,-40.67040000008504,-33.721997084077806,-38.40599999999999,65.31673108404513,0.9831289694763692
1273,IP15_MAC,A	E	TR4c_1	TR4c_2	TR6c_1	TR6c_2	TR8c_1	TR8c_2	TRc0_1	TRc0_2	TR60_1	TR60_2,N	N	-127	-127	-80	-82	-83	-84	-127	-127	-72	-83,"[-127, -127, -80, -82, -83, -84, -127, -127, -72, -83]",-127,-127,-80,-82,-83,-84,-127,-127,-72,-83,0,30,946739,-1.666959,-5.385404,-130.027993,946739,1142765465,224028144,155662,0.421342,-0.033013,0.036435,-0.905568,946739,0.016419,0.05147,-0.005072,0.0538110733032226,114.2765465,22.4028144,155.662,-0.0005332000000066,-0.0003147999999981,38.42200000000001,-34.9427999997971,-54.71833399185485,75.44100629412361,65.32084342243284,0.0542629675285087,229.972007,IP15,219.6553691985372,36.02968210212629,-40.67040000008504,-33.71173483004206,-38.42200000000001,65.32084342243284,0.9831448549567128
1275,IP15_MAC,A	E	TR4c_1	TR4c_2	TR6c_1	TR6c_2	TR8c_1	TR8c_2	TRc0_1	TRc0_2	TR60_1	TR60_2,N	N	-127	-127	-81	-83	-82	-85	-127	-127	-127	-127,"[-127, -127, -81, -83, -82, -85, -127, -127, -127, -127]",-127,-127,-81,-83,-82,-85,-127,-127,-127,-127,241,30,947139,-1.182288,-4.826159,-130.12783,947139,1142765466,224028143,155644,0.420893,-0.027098,0.033826,-0.906074,947139,0.034367,0.092023,-0.006692,0.0495522022247314,114.2765466,22.4028143,155.644,-0.0005330999999983,-0.0003148999999993,38.40400000000001,-34.95389999992682,-54.708071777180095,75.42953969620903,65.30864396977063,0.0984586516361055,348.87217,IP15,219.6716222856065,36.017940631132134,-40.65929999995532,-33.721997044716815,-38.40400000000001,65.30864396977063,-0.1487033832127019
1276,IP15_MAC,A	E	TR4c_1	TR4c_2	TR6c_1	TR6c_2	TR8c_1	TR8c_2	TRc0_1	TRc0_2	TR60_1	TR60_2,N	N	-127	-127	-81	-83	-82	-85	-127	-127	-71	-84,"[-127, -127, -81, -83, -82, -85, -127, -127, -71, -84]",-127,-127,-81,-83,-82,-85,-127,-127,-71,-84,0,30,947339,-2.48942,-4.864688,-130.074141,947139,1142765466,224028143,155644,0.420792,-0.037582,0.029301,-0.905904,947139,0.034367,0.092023,-0.006692,0.0483176708221435,114.2765466,22.4028143,155.644,-0.0005330999999983,-0.0003148999999993,38.40400000000001,-34.95389999992682,-54.708071777180095,75.42953969620903,65.30864396977063,0.0984586516361055,229.925859,IP15,219.6716222856065,36.017940631132134,-40.65929999995532,-33.721997044716815,-38.40400000000001,65.30864396977063,0.9833008876715011
1277,IP15_MAC,A	E	TR4c_1	TR4c_2	TR6c_1	TR6c_2	TR8c_1	TR8c_2	TRc0_1	TRc0_2	TR60_1	TR60_2,N	N	-127	-127	-81	-82	-81	-86	-127	-127	-72	-82,"[-127, -127, -81, -82, -81, -86, -127, -127, -72, -82]",-127,-127,-81,-82,-81,-86,-127,-127,-72,-82,0,30,947339,-2.48942,-4.864688,-130.074141,947139,1142765466,224028143,155644,0.420792,-0.037582,0.029301,-0.905904,947139,0.034367,0.092023,-0.006692,0.0461716651916503,114.2765466,22.4028143,155.644,-0.0005330999999983,-0.0003148999999993,38.40400000000001,-34.95389999992682,-54.708071777180095,75.42953969620903,65.30864396977063,0.0984586516361055,229.925859,IP15,219.6716222856065,36.017940631132134,-40.65929999995532,-33.721997044716815,-38.40400000000001,65.30864396977063,0.9833008876715011
1278,IP15_MAC,A	E	TR4c_1	TR4c_2	TR6c_1	TR6c_2	TR8c_1	TR8c_2	TRc0_1	TRc0_2	TR60_1	TR60_2,N	N	-127	-127	-81	-86	-83	-87	-87	-90	-73	-86,"[-127, -127, -81, -86, -83, -87, -87, -90, -73, -86]",-127,-127,-81,-86,-83,-87,-87,-90,-73,-86,0,30,947539,-4.38368,-4.809902,-129.955697,947339,1142765468,224028143,155655,0.420909,-0.052359,0.021827,-0.905328,947339,0.050214,0.094144,-0.000347,0.04595947265625,114.2765468,22.4028143,155.655,-0.000532899999996,-0.0003148999999993,38.415000000000006,-34.95389999992682,-54.687547270552194,75.4202570711196,65.3257121057959,0.1066989172438033,230.044303,IP15,219.68875351685276,36.01898519317943,-40.65929999995532,-33.74252155134472,-38.415000000000006,65.3257121057959,0.9830775589717088
1283,IP15_MAC,A	E	TR4c_1	TR4c_2	TR6c_1	TR6c_2	TR8c_1	TR8c_2	TRc0_1	TRc0_2	TR60_1	TR60_2,N	N	-127	-127	-83	-87	-84	-89	-127	-127	-74	-85,"[-127, -127, -83, -87, -84, -89, -127, -127, -74, -85]",-127,-127,-83,-87,-84,-89,-127,-127,-74,-85,0,30,948339,-6.974521,-4.706246,-129.866993,948139,1142765466,224028137,155712,0.420343,-0.07241,0.011367,-0.9044,948139,-0.272717,-0.303217,0.01628,0.0690655708312988,114.2765466,22.4028137,155.712,-0.0005330999999983,-0.0003154999999992,38.472,-35.02049999991641,-54.708072013346005,75.49505512059447,65.30723655187941,0.4081423153484578,230.133007,IP15,219.71778282874916,36.09263213689367,-40.59269999996573,-33.721996808550905,-38.472,65.30723655187941,0.982821236514887
1285,IP15_MAC,A	E	TR4c_1	TR4c_2	TR6c_1	TR6c_2	TR8c_1	TR8c_2	TRc0_1	TRc0_2	TR60_1	TR60_2,N	N	-127	-127	-84	-87	-127	-127	-127	-127	-78	-88,"[-127, -127, -84, -87, -127, -127, -127, -127, -78, -88]",-127,-127,-84,-87,-127,-127,-127,-127,-78,-88,0,30,948339,-6.974521,-4.706246,-129.866993,948339,1142765461,224028131,155695,0.420343,-0.07241,0.011367,-0.9044,948339,-0.360271,-0.42569,0.013798,0.0451331138610839,114.2765461,22.4028131,155.695,-0.0005335999999971,-0.0003160999999991,38.455,-35.087099999906,-54.75938351579549,75.55449486584752,65.22934044730623,0.5578508352104531,230.133007,IP15,219.72114190435988,36.12403992791199,-40.52609999997614,-33.67068530610142,-38.455,65.22934044730623,0.9827749288612194
1286,IP15_MAC,A	E	TR4c_1	TR4c_2	TR6c_1	TR6c_2	TR8c_1	TR8c_2	TRc0_1	TRc0_2	TR60_1	TR60_2,N	N	-127	-127	-86	-85	-127	-127	-127	-127	-78	-87,"[-127, -127, -86, -85, -127, -127, -127, -127, -78, -87]",-127,-127,-86,-85,-127,-127,-127,-127,-78,-87,0,30,948539,-7.073558,-4.907642,-129.841214,948539,1142765453,224028124,155703,0.420362,-0.073931,0.012572,-0.904252,948539,-0.441487,-0.532233,0.005853,0.0445656776428222,114.2765453,22.4028124,155.703,-0.0005344000000064,-0.0003168000000002,38.46300000000001,-35.16480000002531,-54.84148181921467,75.65417143931347,65.14344639628128,0.6915323528707822,230.158786,IP15,219.7064380073875,36.18791504933096,-40.44839999985683,-33.58858700268224,-38.46300000000001,65.14344639628128,0.982575336323374
1289,IP15_MAC,A	E	TR4c_1	TR4c_2	TR6c_1	TR6c_2	TR8c_1	TR8c_2	TRc0_1	TRc0_2	TR60_1	TR60_2,N	N	-127	-127	-127	-127	-127	-127	-127	-127	-80	-83,"[-127, -127, -127, -127, -127, -127, -127, -127, -80, -83]",-127,-127,-127,-127,-127,-127,-127,-127,-80,-83,359,30,948939,-7.076473,-5.005673,-129.834835,948739,1142765443,224028115,155704,0.420348,-0.074314,0.013331,-0.904217,948739,-0.537741,-0.640086,0.004488,0.0454297065734863,114.2765443,22.4028115,155.704,-0.0005354000000039,-0.0003177,38.46400000000001,-35.2647000000097,-54.94410470807588,75.7755435761611,65.02915146972023,0.8359997683139633,231.165165,IP15,219.68990607166955,36.26271315483779,-40.348499999872445,-33.48596411382103,-38.46400000000001,65.02915146972023,0.9800738739922884
1294,IP15_MAC,A	E	TR4c_1	TR4c_2	TR6c_1	TR6c_2	TR8c_1	TR8c_2	TRc0_1	TRc0_2	TR60_1	TR60_2,N	N	-127	-127	-82	-90	-82	-90	-86	-88	-74	-88,"[-127, -127, -82, -90, -82, -90, -86, -88, -74, -88]",-127,-127,-82,-90,-82,-90,-86,-88,-74,-88,0,30,949939,-6.486035,-4.862472,-129.976476,949739,1142765362,224028048,155715,0.419649,-0.069123,0.014477,-0.904935,949739,-0.940367,-1.088861,-0.00302,0.0459840297698974,114.2765362,22.4028048,155.715,-0.0005435000000062,-0.0003244000000002,38.47500000000001,-36.00840000002492,-55.77534992240513,76.73213247739524,64.14979715036921,1.438720783338449,230.023524,IP15,219.5060645154777,36.85328865742103,-39.60479999985722,-32.65471889949178,-38.47500000000001,64.14979715036921,0.9812125798750636
1299,IP15_MAC,A	E	TR4c_1	TR4c_2	TR6c_1	TR6c_2	TR8c_1	TR8c_2	TRc0_1	TRc0_2	TR60_1	TR60_2,N	N	-127	-127	-127	-127	-127	-127	-127	-127	-80	-87,"[-127, -127, -127, -127, -127, -127, -127, -127, -80, -87]",-127,-127,-127,-127,-127,-127,-127,-127,-80,-87,359,30,951339,-5.871038,-4.983013,-130.049755,951139,1142765184,224027905,155737,0.41933,-0.064707,0.017745,-0.905351,951139,-1.303846,-1.529837,0.001394,0.0452749729156494,114.2765184,22.4027905,155.737,-0.000561300000001,-0.0003387000000003,38.497,-37.59570000003976,-57.6020370416269,78.8254422051532,62.27131650032264,2.0100789988259167,230.950245,IP15,219.03826959444064,38.1858286716698,-38.01749999984239,-30.82803178027001,-38.497,62.27131650032264,0.975153095845093
1300,IP15_MAC,A	E	TR4c_1	TR4c_2	TR6c_1	TR6c_2	TR8c_1	TR8c_2	TRc0_1	TRc0_2	TR60_1	TR60_2,N	N	-127	-127	-127	-127	-127	-127	-127	-127	-78	-85,"[-127, -127, -127, -127, -127, -127, -127, -127, -78, -85]",-127,-127,-127,-127,-127,-127,-127,-127,-78,-85,359,30,951339,-5.871038,-4.983013,-130.049755,951339,1142765154,224027881,155756,0.41933,-0.064707,0.017745,-0.905351,951339,-1.342658,-1.571865,-0.003308,0.0520768165588378,114.2765154,22.4027881,155.756,-0.0005643000000077,-0.0003410999999999,38.516000000000005,-37.86209999999812,-57.909905690795874,79.18698156595396,61.96860628374873,2.0672447910329823,230.950245,IP15,218.9540696341873,38.42871914989392,-37.75109999988402,-30.52016313110104,-38.516000000000005,61.96860628374873,0.9743831043204372
1301,IP15_MAC,A	E	TR4c_1	TR4c_2	TR6c_1	TR6c_2	TR8c_1	TR8c_2	TRc0_1	TRc0_2	TR60_1	TR60_2,N	N	-127	-127	-127	-127	-127	-127	-127	-127	-76	-91,"[-127, -127, -127, -127, -127, -127, -127, -127, -76, -91]",-127,-127,-127,-127,-127,-127,-127,-127,-76,-91,359,30,951539,-5.82859,-4.789213,-130.074373,951339,1142765154,224027881,155756,0.419266,-0.063659,0.016385,-0.90548,951339,-1.342658,-1.571865,-0.003308,0.0484070777893066,114.2765154,22.4027881,155.756,-0.0005643000000077,-0.0003410999999999,38.516000000000005,-37.86209999999812,-57.909905690795874,79.18698156595396,61.96860628374873,2.0672447910329823,230.925627,IP15,218.9540696341873,38.42871914989392,-37.75109999988402,-30.52016313110104,-38.516000000000005,61.96860628374873,0.9744436297021588
1302,IP15_MAC,A	E	TR4c_1	TR4c_2	TR6c_1	TR6c_2	TR8c_1	TR8c_2	TRc0_1	TRc0_2	TR60_1	TR60_2,N	N	-127	-127	-127	-127	-127	-127	-127	-127	-76	-88,"[-127, -127, -127, -127, -127, -127, -127, -127, -76, -88]",-127,-127,-127,-127,-127,-127,-127,-127,-76,-88,359,30,951539,-5.82859,-4.789213,-130.074373,951539,1142765123,224027856,155746,0.419266,-0.063659,0.016385,-0.90548,951539,-1.376797,-1.610798,-0.002784,0.046419620513916,114.2765123,22.4027856,155.746,-0.0005674000000084,-0.0003435999999972,38.506000000000014,-38.13959999969185,-58.22803664718672,79.54775531668142,61.63720857125582,2.119020511148724,230.925627,IP15,218.86724842766588,38.66164279260326,-37.47360000019029,-30.20203217471019,-38.506000000000014,61.63720857125582,0.9736739756740068
1303,IP15_MAC,A	E	TR4c_1	TR4c_2	TR6c_1	TR6c_2	TR8c_1	TR8c_2	TRc0_1	TRc0_2	TR60_1	TR60_2,N	N	-127	-127	-127	-127	-127	-127	-127	-127	-79	-85,"[-127, -127, -127, -127, -127, -127, -127, -127, -79, -85]",-127,-127,-127,-127,-127,-127,-127,-127,-79,-85,359,30,951739,-5.886373,-4.861146,-130.052201,951539,1142765123,224027856,155746,0.419371,-0.064381,0.016727,-0.905374,951539,-1.376797,-1.610798,-0.002784,0.0460643768310546,114.2765123,22.4027856,155.746,-0.0005674000000084,-0.0003435999999972,38.506000000000014,-38.13959999969185,-58.22803664718672,79.54775531668142,61.63720857125582,2.119020511148724,230.94779900000003,IP15,218.86724842766588,38.66164279260326,-37.47360000019029,-30.20203217471019,-38.506000000000014,61.63720857125582,0.9736192578885834
1304,IP15_MAC,A	E	TR4c_1	TR4c_2	TR6c_1	TR6c_2	TR8c_1	TR8c_2	TRc0_1	TRc0_2	TR60_1	TR60_2,N	N	-127	-127	-83	-87	-127	-127	-127	-127	-127	-127,"[-127, -127, -83, -87, -127, -127, -127, -127, -127, -127]",-127,-127,-83,-87,-127,-127,-127,-127,-127,-127,239,30,951739,-5.886373,-4.861146,-130.052201,951739,1142765091,224027831,155754,0.419371,-0.064381,0.016727,-0.905374,951739,-1.410449,-1.649616,-0.000785,0.0459318161010742,114.2765091,22.4027831,155.754,-0.0005706000000031,-0.000346099999998,38.514,-38.417099999779936,-58.55642986991014,79.92532294274947,61.31323148759381,2.170391657116752,350.94779900000003,IP15,218.7693063439164,38.913876856464846,-37.196100000102206,-29.87363895198677,-38.514,61.31323148759381,-0.1383734592049684
1305,IP15_MAC,A	E	TR4c_1	TR4c_2	TR6c_1	TR6c_2	TR8c_1	TR8c_2	TRc0_1	TRc0_2	TR60_1	TR60_2,N	N	-127	-127	-83	-87	-127	-127	-127	-127	-81	-83,"[-127, -127, -83, -87, -127, -127, -127, -127, -81, -83]",-127,-127,-83,-87,-127,-127,-127,-127,-81,-83,2,30,951939,-5.775761,-4.892937,-130.049414,951739,1142765091,224027831,155754,0.419433,-0.063626,0.017386,-0.905387,951739,-1.410449,-1.649616,-0.000785,0.0462503433227539,114.2765091,22.4027831,155.754,-0.0005706000000031,-0.000346099999998,38.514,-38.417099999779936,-58.55642986991014,79.92532294274947,61.31323148759381,2.170391657116752,227.950586,IP15,218.7693063439164,38.913876856464846,-37.196100000102206,-29.87363895198677,-38.514,61.31323148759381,0.9792893474039152
1306,IP15_MAC,A	E	TR4c_1	TR4c_2	TR6c_1	TR6c_2	TR8c_1	TR8c_2	TRc0_1	TRc0_2	TR60_1	TR60_2,N	N	-82	-94	-82	-86	-83	-88	-87	-88	-76	-86,"[-82, -94, -82, -86, -83, -88, -87, -88, -76, -86]",-82,-94,-82,-86,-83,-88,-87,-88,-76,-86,0,29,951939,-5.775761,-4.892937,-130.049414,951939,1142765058,224027805,155765,0.419433,-0.063626,0.017386,-0.905387,951939,-1.444955,-1.687659,-0.00184,0.0399584770202636,114.2765058,22.4027805,155.765,-0.0005739000000062,-0.0003486999999999,38.52499999999999,-38.70569999999773,-58.8950854033516,80.31773105708292,60.98077095917379,2.221731585476968,229.950586,IP15,218.6683109026609,39.17983504292263,-36.90749999988441,-29.53498341854531,-38.52499999999999,60.98077095917379,0.9711561357771996
1307,IP15_MAC,A	E	TR4c_1	TR4c_2	TR6c_1	TR6c_2	TR8c_1	TR8c_2	TRc0_1	TRc0_2	TR60_1	TR60_2,N	N	-84	-93	-81	-88	-127	-127	-84	-85	-73	-89,"[-84, -93, -81, -88, -127, -127, -84, -85, -73, -89]",-84,-93,-81,-88,-127,-127,-84,-85,-73,-89,0,30,952139,-5.603786,-4.786121,-130.150713,951939,1142765058,224027805,155765,0.41878,-0.061864,0.017232,-0.905814,951939,-1.444955,-1.687659,-0.00184,0.0433671474456787,114.2765058,22.4027805,155.765,-0.0005739000000062,-0.0003486999999999,38.52499999999999,-38.70569999999773,-58.8950854033516,80.31773105708292,60.98077095917379,2.221731585476968,229.849287,IP15,218.6683109026609,39.17983504292263,-36.90749999988441,-29.53498341854531,-38.52499999999999,60.98077095917379,0.974450656268805
1308,IP15_MAC,A	E	TR4c_1	TR4c_2	TR6c_1	TR6c_2	TR8c_1	TR8c_2	TRc0_1	TRc0_2	TR60_1	TR60_2,N	N	-85	-91	-84	-87	-86	-92	-86	-88	-72	-84,"[-85, -91, -84, -87, -86, -92, -86, -88, -72, -84]",-85,-91,-84,-87,-86,-92,-86,-88,-72,-84,0,30,952339,-5.362695,-4.808926,-130.182817,952139,1142765025,224027779,155763,0.418636,-0.06004,0.018317,-0.905982,952139,-1.475433,-1.721102,-0.001038,0.0439639091491699,114.2765025,22.4027779,155.763,-0.000577199999995,-0.0003512999999983,38.52300000000001,-38.99429999982118,-59.23374094800449,80.70447960411714,60.64149509646256,2.266957368222217,229.817183,IP15,218.56543099791008,39.43912872103224,-36.61890000006096,-29.19632787389242,-38.52300000000001,60.64149509646256,0.9736049950917688
1309,IP15_MAC,A	E	TR4c_1	TR4c_2	TR6c_1	TR6c_2	TR8c_1	TR8c_2	TRc0_1	TRc0_2	TR60_1	TR60_2,N	N	-127	-127	-88	-87	-84	-88	-127	-127	-78	-85,"[-127, -127, -88, -87, -84, -88, -127, -127, -78, -85]",-127,-127,-88,-87,-84,-88,-127,-127,-78,-85,1,30,952739,-4.83149,-4.94676,-130.206574,952539,1142764955,224027725,155762,0.418644,-0.056347,0.021376,-0.906149,952539,-1.516165,-1.769573,0.003453,0.0452656745910644,114.2764955,22.4027725,155.762,-0.0005842000000058,-0.0003566999999975,38.522000000000006,-39.59369999972751,-59.95210119004585,81.52214423559968,59.93616191166979,2.330269690993513,228.793426,IP15,218.3308272916066,39.99473125933094,-36.01950000015464,-28.477967631851055,-38.522000000000006,59.93616191166979,0.973792718077953
1310,IP15_MAC,A	E	TR4c_1	TR4c_2	TR6c_1	TR6c_2	TR8c_1	TR8c_2	TRc0_1	TRc0_2	TR60_1	TR60_2,N	N	-85	-92	-127	-127	-127	-127	-127	-127	-127	-127,"[-85, -92, -127, -127, -127, -127, -127, -127, -127, -127]",-85,-92,-127,-127,-127,-127,-127,-127,-127,-127,210,60,952739,-4.83149,-4.94676,-130.206574,952539,1142764955,224027725,155762,0.418644,-0.056347,0.021376,-0.906149,952539,-1.516165,-1.769573,0.003453,0.0464644432067871,114.2764955,22.4027725,155.762,-0.0005842000000058,-0.0003566999999975,38.522000000000006,-39.59369999972751,-59.95210119004585,81.52214423559968,59.93616191166979,2.330269690993513,19.79342600000001,IP15,218.3308272916066,39.99473125933094,-36.01950000015464,-28.477967631851055,-38.522000000000006,59.93616191166979,0.1934317510850336
1311,IP15_MAC,A	E	TR4c_1	TR4c_2	TR6c_1	TR6c_2	TR8c_1	TR8c_2	TRc0_1	TRc0_2	TR60_1	TR60_2,N	N	-86	-92	-86	-89	-127	-127	-127	-127	-127	-127,"[-86, -92, -86, -89, -127, -127, -127, -127, -127, -127]",-86,-92,-86,-89,-127,-127,-127,-127,-127,-127,239,30,952939,-4.453402,-4.897716,-130.226998,952739,1142764920,224027697,155749,0.418691,-0.053179,0.022389,-0.906294,952739,-1.531995,-1.789875,0.001155,0.0528602600097656,114.276492,22.4027697,155.749,-0.0005876999999969,-0.0003594999999982,38.509,-39.90449999981038,-60.311281373932175,81.93145221586448,59.5711385172295,2.355984407774169,350.773002,IP15,218.2186356992464,40.27351752543328,-35.70870000007176,-28.11878744796473,-38.509,59.5711385172295,-0.1236389843270957
1312,IP15_MAC,A	E	TR4c_1	TR4c_2	TR6c_1	TR6c_2	TR8c_1	TR8c_2	TRc0_1	TRc0_2	TR60_1	TR60_2,N	N	-86	-92	-86	-89	-127	-127	-88	-87	-79	-89,"[-86, -92, -86, -89, -127, -127, -88, -87, -79, -89]",-86,-92,-86,-89,-127,-127,-88,-87,-79,-89,0,30,952939,-4.453402,-4.897716,-130.226998,952739,1142764920,224027697,155749,0.418691,-0.053179,0.022389,-0.906294,952739,-1.531995,-1.789875,0.001155,0.0459575653076171,114.276492,22.4027697,155.749,-0.0005876999999969,-0.0003594999999982,38.509,-39.90449999981038,-60.311281373932175,81.93145221586448,59.5711385172295,2.355984407774169,229.773002,IP15,218.2186356992464,40.27351752543328,-35.70870000007176,-28.11878744796473,-38.509,59.5711385172295,0.9705775572062838
1313,IP15_MAC,A	E	TR4c_1	TR4c_2	TR6c_1	TR6c_2	TR8c_1	TR8c_2	TRc0_1	TRc0_2	TR60_1	TR60_2,N	N	-86	-92	-86	-94	-88	-89	-88	-89	-127	-127,"[-86, -92, -86, -94, -88, -89, -88, -89, -127, -127]",-86,-92,-86,-94,-88,-89,-88,-89,-127,-127,209,60,953139,-4.168099,-5.215564,-130.286985,952939,1142764885,224027669,155735,0.418209,-0.052073,0.02598,-0.906485,952939,-1.540287,-1.795602,0.003427,0.0415201187133789,114.2764885,22.4027669,155.735,-0.0005912000000023,-0.000362299999999,38.49500000000002,-40.21529999989326,-60.67046157374818,82.3410000343272,59.207027825932,2.365730823467032,20.71301500000004,IP15,218.1041177168786,40.5548874502942,-35.39789999998888,-27.759607248148733,-38.49500000000002,59.207027825932,0.2005434514370737
1314,IP15_MAC,A	E	TR4c_1	TR4c_2	TR6c_1	TR6c_2	TR8c_1	TR8c_2	TRc0_1	TRc0_2	TR60_1	TR60_2,N	N	-86	-92	-86	-94	-88	-89	-88	-89	-75	-88,"[-86, -92, -86, -94, -88, -89, -88, -89, -75, -88]",-86,-92,-86,-94,-88,-89,-88,-89,-75,-88,0,30,953139,-4.168099,-5.215564,-130.286985,953139,1142764849,224027641,155730,0.418209,-0.052073,0.02598,-0.906485,953139,-1.541572,-1.79942,-0.004418,0.0405130386352539,114.2764849,22.4027641,155.73,-0.0005948000000017,-0.0003650999999997,38.49,-40.52609999997614,-61.03990404432674,82.76300361241537,58.845609971737474,2.369467468927987,229.713015,IP15,217.97679010026783,40.850266527473366,-35.087099999906,-27.39016477757017,-38.49,58.845609971737474,0.968427637084404
1315,IP15_MAC,A	E	TR4c_1	TR4c_2	TR6c_1	TR6c_2	TR8c_1	TR8c_2	TRc0_1	TRc0_2	TR60_1	TR60_2,N	N	-127	-127	-89	-92	-87	-89	-127	-127	-76	-86,"[-127, -127, -89, -92, -87, -89, -127, -127, -76, -86]",-127,-127,-89,-92,-87,-89,-127,-127,-76,-86,1,30,953339,-4.207432,-4.991045,-130.371208,953139,1142764849,224027641,155730,0.417625,-0.051547,0.024097,-0.906836,953139,-1.541572,-1.79942,-0.004418,0.0465614795684814,114.2764849,22.4027641,155.73,-0.0005948000000017,-0.0003650999999997,38.49,-40.52609999997614,-61.03990404432674,82.76300361241537,58.845609971737474,2.369467468927987,228.628792,IP15,217.97679010026783,40.850266527473366,-35.087099999906,-27.39016477757017,-38.49,58.845609971737474,0.9708341302741944
1316,IP15_MAC,A	E	TR4c_1	TR4c_2	TR6c_1	TR6c_2	TR8c_1	TR8c_2	TRc0_1	TRc0_2	TR60_1	TR60_2,N	N	-88	-94	-84	-92	-84	-89	-87	-87	-127	-127,"[-88, -94, -84, -92, -84, -89, -87, -87, -127, -127]",-88,-94,-84,-92,-84,-89,-87,-87,-127,-127,120,30,953539,-3.979185,-4.546497,-130.383981,953539,1142764776,224027585,155716,0.417822,-0.04812,0.021422,-0.907001,953539,-1.558464,-1.792264,-0.002417,0.0448520183563232,114.2764776,22.4027585,155.716,-0.0006020999999947,-0.0003706999999977,38.47600000000001,-41.147699999747545,-61.78905128684293,83.6147274718834,58.12071129608044,2.375084446263122,109.616019,IP15,217.70317615743335,41.45270033326148,-34.4655000001346,-26.641017535053976,-38.47600000000001,58.12071129608044,0.1294826640593082
1317,IP15_MAC,A	E	TR4c_1	TR4c_2	TR6c_1	TR6c_2	TR8c_1	TR8c_2	TRc0_1	TRc0_2	TR60_1	TR60_2,N	N	-88	-94	-84	-92	-84	-89	-87	-87	-77	-84,"[-88, -94, -84, -92, -84, -89, -87, -87, -77, -84]",-88,-94,-84,-92,-84,-89,-87,-87,-77,-84,1,29,953739,-3.565431,-4.807483,-130.432506,953539,1142764776,224027585,155716,0.417515,-0.045791,0.025025,-0.907171,953539,-1.558464,-1.792264,-0.002417,0.0435788631439209,114.2764776,22.4027585,155.716,-0.0006020999999947,-0.0003706999999977,38.47600000000001,-41.147699999747545,-61.78905128684293,83.6147274718834,58.12071129608044,2.375084446263122,228.567494,IP15,217.70317615743335,41.45270033326148,-34.4655000001346,-26.641017535053976,-38.47600000000001,58.12071129608044,0.9647248267191436
1318,IP15_MAC,A	E	TR4c_1	TR4c_2	TR6c_1	TR6c_2	TR8c_1	TR8c_2	TRc0_1	TRc0_2	TR60_1	TR60_2,N	N	-85	-92	-85	-88	-83	-93	-85	-88	-127	-127,"[-85, -92, -85, -88, -83, -93, -85, -88, -127, -127]",-85,-92,-85,-88,-83,-93,-85,-88,-127,-127,119,30,953939,-2.858816,-4.684786,-130.572809,953739,1142764741,224027557,155706,0.416754,-0.039723,0.02669,-0.907759,953739,-1.553361,-1.783121,-0.005215,0.0441036224365234,114.2764741,22.4027557,155.706,-0.0006056,-0.0003734999999984,38.466,-41.45849999983042,-62.14823154537113,84.0288228077307,57.76600781362091,2.3648420863108384,110.427191,IP15,217.57806672412744,41.75089670464247,-34.15470000005172,-26.281837276525778,-38.466,57.76600781362091,0.1424202431013855
1319,IP15_MAC,A	E	TR4c_1	TR4c_2	TR6c_1	TR6c_2	TR8c_1	TR8c_2	TRc0_1	TRc0_2	TR60_1	TR60_2,N	N	-86	-92	-85	-90	-82	-89	-85	-90	-72	-85,"[-86, -92, -85, -90, -82, -89, -85, -90, -72, -85]",-86,-92,-85,-90,-82,-89,-85,-90,-72,-85,0,30,953939,-2.858816,-4.684786,-130.572809,953739,1142764741,224027557,155706,0.416754,-0.039723,0.02669,-0.907759,953739,-1.553361,-1.783121,-0.005215,0.0441172122955322,114.2764741,22.4027557,155.706,-0.0006056,-0.0003734999999984,38.466,-41.45849999983042,-62.14823154537113,84.0288228077307,57.76600781362091,2.3648420863108384,229.427191,IP15,217.57806672412744,41.75089670464247,-34.15470000005172,-26.281837276525778,-38.466,57.76600781362091,0.965275084876519
1320,IP15_MAC,A	E	TR4c_1	TR4c_2	TR6c_1	TR6c_2	TR8c_1	TR8c_2	TRc0_1	TRc0_2	TR60_1	TR60_2,N	N	-127	-127	-83	-93	-127	-127	-87	-92	-81	-93,"[-127, -127, -83, -93, -127, -127, -87, -92, -81, -93]",-127,-127,-83,-93,-127,-127,-87,-92,-81,-93,240,30,954339,-2.774475,-4.01029,-130.609558,954139,1142764668,224027502,155685,0.41672,-0.036595,0.021667,-0.90804,954139,-1.516755,-1.699941,0.002457,0.0441360473632812,114.2764668,22.4027502,155.685,-0.0006129000000072,-0.0003789999999987,38.44500000000001,-42.06899999986646,-62.89737883402175,84.87578600625277,57.0539186792458,2.2782342220138383,349.390442,IP15,217.277141624907,42.36384530059232,-33.54420000001568,-25.53268998787516,-38.44500000000001,57.0539186792458,-0.0921909846454194
1321,IP15_MAC,A	E	TR4c_1	TR4c_2	TR6c_1	TR6c_2	TR8c_1	TR8c_2	TRc0_1	TRc0_2	TR60_1	TR60_2,N	N	-87	-94	-83	-96	-87	-88	-85	-88	-77	-91,"[-87, -94, -83, -96, -87, -88, -85, -88, -77, -91]",-87,-94,-83,-96,-87,-88,-85,-88,-77,-91,0,30,954539,-2.473694,-4.008184,-130.470499,954339,1142764634,224027475,155677,0.417931,-0.034233,0.022706,-0.90755,954339,-1.489806,-1.659901,-0.013208,0.0479946136474609,114.2764634,22.4027475,155.677,-0.0006163000000043,-0.0003816999999983,38.437,-42.368699999819626,-63.246296831839175,85.27956244972077,56.71703554401775,2.230463561392788,229.529501,IP15,217.1450931086985,42.66398787564815,-33.24450000006252,-25.183771990057732,-38.437,56.71703554401775,0.9608540755400328
1322,IP15_MAC,A	E	TR4c_1	TR4c_2	TR6c_1	TR6c_2	TR8c_1	TR8c_2	TRc0_1	TRc0_2	TR60_1	TR60_2,N	N	-127	-127	-81	-88	-85	-91	-88	-87	-83	-89,"[-127, -127, -81, -88, -85, -91, -88, -87, -83, -89]",-127,-127,-81,-88,-85,-91,-88,-87,-83,-89,241,30,954939,-2.440869,-3.617614,-130.265838,954739,1142764568,224027422,155649,0.419676,-0.032584,0.019675,-0.906876,954739,-1.418302,-1.58034,-0.019739,0.0526390075683593,114.2764568,22.4027422,155.649,-0.0006228999999962,-0.0003869999999999,38.409000000000006,-42.956999999990586,-63.92360830486066,86.06266803157129,56.05573375227528,2.1235453154865804,348.734162,IP15,216.88596339321472,43.25079247946268,-32.656199999891555,-24.50646051703625,-38.409000000000006,56.05573375227528,-0.0782339442469809
1323,IP15_MAC,A	E	TR4c_1	TR4c_2	TR6c_1	TR6c_2	TR8c_1	TR8c_2	TRc0_1	TRc0_2	TR60_1	TR60_2,N	N	-127	-127	-87	-90	-88	-88	-92	-89	-76	-86,"[-127, -127, -87, -90, -88, -88, -92, -89, -76, -86]",-127,-127,-87,-90,-88,-88,-92,-89,-76,-86,0,30,955139,-2.114427,-4.102107,-130.215386,954939,1142764536,224027396,155636,0.42005,-0.031788,0.024694,-0.906608,954939,-1.358555,-1.549919,-0.013142,0.0495626926422119,114.2764536,22.4027396,155.636,-0.0006261000000051,-0.0003895999999983,38.396,-43.24559999981403,-64.25200178025314,86.44509510731982,55.73592442612422,2.061090319891392,229.784614,IP15,216.75912889191096,43.542418921195846,-32.36760000006811,-24.17806704164377,-38.396,55.73592442612422,0.9560447302761098
1324,IP15_MAC,A	E	TR4c_1	TR4c_2	TR6c_1	TR6c_2	TR8c_1	TR8c_2	TRc0_1	TRc0_2	TR60_1	TR60_2,N	N	-127	-127	-127	-127	-84	-90	-127	-127	-81	-88,"[-127, -127, -127, -127, -84, -90, -127, -127, -81, -88]",-127,-127,-127,-127,-84,-90,-127,-127,-81,-88,0,30,955539,-1.518751,-4.15861,-129.897048,955339,1142764474,224027348,155633,0.422756,-0.027361,0.027254,-0.90542,955339,-1.261279,-1.482735,-0.010605,0.0557682514190673,114.2764474,22.4027348,155.633,-0.0006323000000065,-0.0003943999999975,38.393000000000015,-43.778399999730766,-64.88826406126994,87.18404423070498,55.15155039921469,1.946648469059321,230.102952,IP15,216.4828908039645,44.11784038177852,-31.834800000151372,-23.54180476062697,-38.393000000000015,55.15155039921469,0.9523122593304908
1328,IP15_MAC,A	E	TR4c_1	TR4c_2	TR6c_1	TR6c_2	TR8c_1	TR8c_2	TRc0_1	TRc0_2	TR60_1	TR60_2,N	N	-127	-127	-83	-86	-84	-88	-127	-127	-75	-81,"[-127, -127, -83, -86, -84, -88, -127, -127, -75, -81]",-127,-127,-83,-86,-84,-88,-127,-127,-75,-81,1,30,956339,11.035524,-4.497572,-130.486551,956139,1142764359,224027262,155601,0.420007,0.070883,0.075703,-0.901576,956139,-1.026296,-1.25726,0.029022,0.0539510250091552,114.2764359,22.4027262,155.601,-0.0006438000000059,-0.0004029999999985,38.361,-44.73299999984448,-66.06842794149361,88.53047374009935,54.08508163908464,1.6232154705090758,228.513449,IP15,215.9098651740818,45.17566294744449,-30.88020000003766,-22.3616408804033,-38.361,54.08508163908464,0.9504168178129848
1329,IP15_MAC,A	E	TR4c_1	TR4c_2	TR6c_1	TR6c_2	TR8c_1	TR8c_2	TRc0_1	TRc0_2	TR60_1	TR60_2,N	N	-127	-127	-82	-85	-127	-127	-127	-127	-127	-127,"[-127, -127, -82, -85, -127, -127, -127, -127, -127, -127]",-127,-127,-82,-85,-127,-127,-127,-127,-127,-127,239,30,956539,6.137204,-4.874163,-130.409364,956339,1142764333,224027244,155521,0.42054,0.030738,0.060975,-0.904701,956339,-0.750956,-0.928692,-0.032933,0.0554506778717041,114.2764333,22.4027244,155.521,-0.0006464000000079,-0.0004047999999983,38.28099999999999,-44.932799999813255,-66.33524755293568,88.79615163244677,53.80430309995258,1.1947754296473458,350.590636,IP15,215.75995429775037,45.35593662250135,-30.68040000006889,-22.094821268961223,-38.28099999999999,53.80430309995258,-0.0732979259885323
1330,IP15_MAC,A	E	TR4c_1	TR4c_2	TR6c_1	TR6c_2	TR8c_1	TR8c_2	TRc0_1	TRc0_2	TR60_1	TR60_2,N	N	-127	-127	-82	-85	-127	-127	-127	-127	-72	-80,"[-127, -127, -82, -85, -127, -127, -127, -127, -72, -80]",-127,-127,-82,-85,-127,-127,-127,-127,-72,-80,1,30,956539,6.137204,-4.874163,-130.409364,956539,1142764314,224027230,155523,0.42054,0.030738,0.060975,-0.904701,956539,-0.48847,-0.614809,-0.013181,0.0429766178131103,114.2764314,22.402723,155.523,-0.0006482999999946,-0.0004061999999969,38.283,-45.08819999965752,-66.53023115850168,89.02137679351395,53.63736201284304,0.7853450108977583,228.590636,IP15,215.6571473787509,45.53983310676578,-30.525000000224622,-21.899837663395232,-38.283,53.63736201284304,0.94805593508492
1331,IP15_MAC,A	E	TR4c_1	TR4c_2	TR6c_1	TR6c_2	TR8c_1	TR8c_2	TRc0_1	TRc0_2	TR60_1	TR60_2,N	N	-127	-127	-85	-85	-127	-127	-127	-127	-73	-83,"[-127, -127, -85, -85, -127, -127, -127, -127, -73, -83]",-127,-127,-85,-85,-127,-127,-127,-127,-73,-83,0,30,956739,2.250926,-4.482377,-130.086901,956739,1142764301,224027219,155544,0.422299,0.001294,0.043726,-0.905401,956739,-0.379723,-0.459268,0.011353,0.0414302349090576,114.2764301,22.4027219,155.544,-0.0006496000000026,-0.0004072999999991,38.304000000000016,-45.21029999990134,-66.6636410660747,89.19197655769,53.528591627823175,0.5960247840165709,229.913099,IP15,215.6001111306962,45.69076838918582,-30.402899999980804,-21.766427755822207,-38.304000000000016,53.528591627823175,0.9439576619800112
1332,IP15_MAC,A	E	TR4c_1	TR4c_2	TR6c_1	TR6c_2	TR8c_1	TR8c_2	TRc0_1	TRc0_2	TR60_1	TR60_2,N	N	-127	-127	-84	-85	-127	-127	-127	-127	-76	-81,"[-127, -127, -84, -85, -127, -127, -127, -127, -76, -81]",-127,-127,-84,-85,-127,-127,-127,-127,-76,-81,1,30,956939,1.511174,-4.101701,-130.030739,956739,1142764301,224027219,155544,0.422571,-0.003172,0.037998,-0.905527,956739,-0.379723,-0.459268,0.011353,0.0416858196258544,114.2764301,22.4027219,155.544,-0.0006496000000026,-0.0004072999999991,38.304000000000016,-45.21029999990134,-66.6636410660747,89.19197655769,53.528591627823175,0.5960247840165709,228.969261,IP15,215.6001111306962,45.69076838918582,-30.402899999980804,-21.766427755822207,-38.304000000000016,53.528591627823175,0.9463416314875424
1333,IP15_MAC,A	E	TR4c_1	TR4c_2	TR6c_1	TR6c_2	TR8c_1	TR8c_2	TRc0_1	TRc0_2	TR60_1	TR60_2,N	N	-127	-127	-82	-85	-127	-127	-127	-127	-77	-82,"[-127, -127, -82, -85, -127, -127, -127, -127, -77, -82]",-127,-127,-82,-85,-127,-127,-127,-127,-77,-82,1,30,957139,1.106297,-4.51045,-130.015903,956939,1142764291,224027211,155556,0.422566,-0.007884,0.039737,-0.905427,956939,-0.297983,-0.379003,0.020254,0.0510001182556152,114.2764291,22.4027211,155.556,-0.0006506000000001,-0.0004080999999978,38.31600000000002,-45.29909999975601,-66.76626405026894,89.31885765065589,53.4451209372835,0.4825426062162801,228.984097,IP15,215.55128740584925,45.80096242927616,-30.31410000012613,-21.66380477162797,-38.31600000000002,53.4451209372835,0.9456965761958144
1334,IP15_MAC,A	E	TR4c_1	TR4c_2	TR6c_1	TR6c_2	TR8c_1	TR8c_2	TRc0_1	TRc0_2	TR60_1	TR60_2,N	N	-127	-127	-82	-84	-127	-127	-127	-127	-77	-85,"[-127, -127, -82, -84, -127, -127, -127, -127, -77, -85]",-127,-127,-82,-84,-127,-127,-127,-127,-77,-85,0,30,957139,1.106297,-4.51045,-130.015903,956939,1142764291,224027211,155556,0.422566,-0.007884,0.039737,-0.905427,956939,-0.297983,-0.379003,0.020254,0.0456182956695556,114.2764291,22.4027211,155.556,-0.0006506000000001,-0.0004080999999978,38.31600000000002,-45.29909999975601,-66.76626405026894,89.31885765065589,53.4451209372835,0.4825426062162801,229.984097,IP15,215.55128740584925,45.80096242927616,-30.31410000012613,-21.66380477162797,-38.31600000000002,53.4451209372835,0.9431593568443696
1335,IP15_MAC,A	E	TR4c_1	TR4c_2	TR6c_1	TR6c_2	TR8c_1	TR8c_2	TRc0_1	TRc0_2	TR60_1	TR60_2,N	N	-127	-127	-84	-86	-127	-127	-127	-127	-76	-82,"[-127, -127, -84, -86, -127, -127, -127, -127, -76, -82]",-127,-127,-84,-86,-127,-127,-127,-127,-76,-82,1,30,957339,0.508608,-4.393408,-130.030056,957139,1142764283,224027205,155563,0.422296,-0.012172,0.036613,-0.905637,957139,-0.22878,-0.287174,0.01213,0.0521590709686279,114.2764283,22.4027205,155.563,-0.0006513999999953,-0.0004086999999977,38.32299999999999,-45.3656999997456,-66.84836241894509,89.41701529105937,53.37914982951182,0.3673640314129842,228.969944,IP15,215.50800196411325,45.884622511672056,-30.24750000013654,-21.581706402951824,-38.32299999999999,53.37914982951182,0.945251495043578
1336,IP15_MAC,A	E	TR4c_1	TR4c_2	TR6c_1	TR6c_2	TR8c_1	TR8c_2	TRc0_1	TRc0_2	TR60_1	TR60_2,N	N	-127	-127	-86	-86	-127	-127	-127	-127	-127	-127,"[-127, -127, -86, -86, -127, -127, -127, -127, -127, -127]",-127,-127,-86,-86,-127,-127,-127,-127,-127,-127,241,30,957739,0.816637,-3.779433,-130.089155,957539,1142764273,224027196,155564,0.421962,-0.007457,0.032898,-0.905986,957539,-0.138198,-0.134959,0.016031,0.0508840084075927,114.2764273,22.4027196,155.564,-0.0006524000000069,-0.0004095999999975,38.324,-45.46559999972999,-66.95098545486375,89.54487262100955,53.28187106377867,0.1938288209890366,348.910845,IP15,215.46850866822876,45.99416357255992,-30.147600000152156,-21.479083367033155,-38.324,53.28187106377867,-0.0540781901971293
1337,IP15_MAC,A	E	TR4c_1	TR4c_2	TR6c_1	TR6c_2	TR8c_1	TR8c_2	TRc0_1	TRc0_2	TR60_1	TR60_2,N	N	-127	-127	-86	-86	-127	-127	-127	-127	-75	-82,"[-127, -127, -86, -86, -127, -127, -127, -127, -75, -82]",-127,-127,-86,-86,-127,-127,-127,-127,-75,-82,1,30,957739,0.816637,-3.779433,-130.089155,957539,1142764273,224027196,155564,0.421962,-0.007457,0.032898,-0.905986,957539,-0.138198,-0.134959,0.016031,0.0491578578948974,114.2764273,22.4027196,155.564,-0.0006524000000069,-0.0004095999999975,38.324,-45.46559999972999,-66.95098545486375,89.54487262100955,53.28187106377867,0.1938288209890366,228.910845,IP15,215.46850866822876,45.99416357255992,-30.147600000152156,-21.479083367033155,-38.324,53.28187106377867,0.9448070453914348
1338,IP15_MAC,A	E	TR4c_1	TR4c_2	TR6c_1	TR6c_2	TR8c_1	TR8c_2	TRc0_1	TRc0_2	TR60_1	TR60_2,N	N	-127	-127	-84	-86	-127	-127	-127	-127	-75	-80,"[-127, -127, -84, -86, -127, -127, -127, -127, -75, -80]",-127,-127,-84,-86,-127,-127,-127,-127,-75,-80,2,30,957939,0.490475,-4.057164,-130.2451,957739,1142764269,224027193,155567,0.420625,-0.011013,0.033909,-0.906534,957739,-0.082986,-0.073863,0.016258,0.0507864952087402,114.2764269,22.4027193,155.567,-0.0006527999999974,-0.0004098999999975,38.32700000000001,-45.498899999724784,-66.99203463922574,89.59375835005572,53.24865541135153,0.1122797467444596,227.7549,IP15,215.44663952692372,46.03582817621454,-30.11430000015736,-21.43803418267117,-38.32700000000001,53.24865541135153,0.9472704262384208
1339,IP15_MAC,A	E	TR4c_1	TR4c_2	TR6c_1	TR6c_2	TR8c_1	TR8c_2	TRc0_1	TRc0_2	TR60_1	TR60_2,N	N	-127	-127	-86	-86	-127	-127	-127	-127	-76	-83,"[-127, -127, -86, -86, -127, -127, -127, -127, -76, -83]",-127,-127,-86,-86,-127,-127,-127,-127,-76,-83,1,30,957939,0.490475,-4.057164,-130.2451,957739,1142764269,224027193,155567,0.420625,-0.011013,0.033909,-0.906534,957739,-0.082986,-0.073863,0.016258,0.059269905090332,114.2764269,22.4027193,155.567,-0.0006527999999974,-0.0004098999999975,38.32700000000001,-45.498899999724784,-66.99203463922574,89.59375835005572,53.24865541135153,0.1122797467444596,228.7549,IP15,215.44663952692372,46.03582817621454,-30.11430000015736,-21.43803418267117,-38.32700000000001,53.24865541135153,0.944944281826473
1340,IP15_MAC,A	E	TR4c_1	TR4c_2	TR6c_1	TR6c_2	TR8c_1	TR8c_2	TRc0_1	TRc0_2	TR60_1	TR60_2,N	N	-127	-127	-127	-127	-127	-127	-127	-127	-77	-83,"[-127, -127, -127, -127, -127, -127, -127, -127, -77, -83]",-127,-127,-127,-127,-127,-127,-127,-127,-77,-83,359,30,958339,-0.056567,-4.352605,-130.248132,958139,1142764266,224027190,155594,0.42041,-0.016423,0.03424,-0.906539,958139,-0.006764,0.015932,0.043561,0.0526025295257568,114.2764266,22.402719,155.594,-0.000653100000008,-0.0004101999999974,38.354,-45.53219999971958,-67.02282156560213,89.64524060667698,53.23688676192402,0.0468736710851625,230.751868,IP15,215.43768745688632,46.090846457380366,-30.08100000016256,-21.40724725629478,-38.354,53.23688676192402,0.9394972728599976
1342,IP15_MAC,A	E	TR4c_1	TR4c_2	TR6c_1	TR6c_2	TR8c_1	TR8c_2	TRc0_1	TRc0_2	TR60_1	TR60_2,N	N	-127	-127	-127	-127	-127	-127	-127	-127	-75	-83,"[-127, -127, -127, -127, -127, -127, -127, -127, -75, -83]",-127,-127,-127,-127,-127,-127,-127,-127,-75,-83,359,30,958939,-4.32502,-3.748147,-130.037993,958739,1142764270,224027190,155632,0.420749,-0.047984,0.01369,-0.905804,958739,-0.018161,0.047508,0.001717,0.0603549480438232,114.276427,22.402719,155.632,-0.0006527000000033,-0.0004101999999974,38.39200000000001,-45.53219999971958,-66.9817725242008,89.63082478309707,53.2807811418296,0.050889881843054,230.962007,IP15,215.48955533528144,46.10073497455227,-30.08100000016256,-21.448296297696103,-38.39200000000001,53.2807811418296,0.9390129353585436
1343,IP15_MAC,A	E	TR4c_1	TR4c_2	TR6c_1	TR6c_2	TR8c_1	TR8c_2	TRc0_1	TRc0_2	TR60_1	TR60_2,N	N	-127	-127	-127	-127	-127	-127	-127	-127	-75	-84,"[-127, -127, -127, -127, -127, -127, -127, -127, -75, -84]",-127,-127,-127,-127,-127,-127,-127,-127,-75,-84,359,30,958939,-4.32502,-3.748147,-130.037993,958939,1142764271,224027190,155625,0.420749,-0.047984,0.01369,-0.905804,958939,-0.082436,-0.003707,-0.010814,0.0496201515197753,114.2764271,22.402719,155.625,-0.0006525999999951,-0.0004101999999974,38.385000000000005,-45.53219999971958,-66.9715102631213,89.62015760272811,53.27986975800694,0.0832248673234148,230.962007,IP15,215.50251185530576,46.09089811802337,-30.08100000016256,-21.458558558775607,-38.385000000000005,53.27986975800694,0.9390928695156228
1344,IP15_MAC,A	E	TR4c_1	TR4c_2	TR6c_1	TR6c_2	TR8c_1	TR8c_2	TRc0_1	TRc0_2	TR60_1	TR60_2,N	N	-127	-127	-127	-127	-82	-90	-127	-127	-127	-127,"[-127, -127, -127, -127, -82, -90, -127, -127, -127, -127]",-127,-127,-127,-127,-82,-90,-127,-127,-127,-127,119,30,959139,-4.427825,-3.540118,-130.108581,958939,1142764271,224027190,155625,0.420238,-0.048025,0.011696,-0.906067,958939,-0.082436,-0.003707,-0.010814,0.0550553798675537,114.2764271,22.402719,155.625,-0.0006525999999951,-0.0004101999999974,38.385000000000005,-45.53219999971958,-66.9715102631213,89.62015760272811,53.27986975800694,0.0832248673234148,110.891419,IP15,215.50251185530576,46.09089811802337,-30.08100000016256,-21.458558558775607,-38.385000000000005,53.27986975800694,0.208714409676804
1345,IP15_MAC,A	E	TR4c_1	TR4c_2	TR6c_1	TR6c_2	TR8c_1	TR8c_2	TRc0_1	TRc0_2	TR60_1	TR60_2,N	N	-127	-127	-127	-127	-82	-90	-127	-127	-76	-85,"[-127, -127, -127, -127, -82, -90, -127, -127, -76, -85]",-127,-127,-127,-127,-82,-90,-127,-127,-76,-85,0,30,959339,-3.948594,-3.534784,-130.293352,959139,1142764273,224027188,155651,0.418959,-0.044199,0.013491,-0.906828,959139,-0.137548,-0.073469,-0.005969,0.0522687435150146,114.2764273,22.4027188,155.651,-0.0006524000000069,-0.0004103999999998,38.411000000000016,-45.55439999997901,-66.9509858402174,89.62724354422086,53.29434664359862,0.1560537574876042,229.706648,IP15,215.54841931849515,46.1150402561374,-30.05879999990313,-21.47908298167951,-38.411000000000016,53.29434664359862,0.9424703641824792
1346,IP15_MAC,A	E	TR4c_1	TR4c_2	TR6c_1	TR6c_2	TR8c_1	TR8c_2	TRc0_1	TRc0_2	TR60_1	TR60_2,N	N	-127	-127	-127	-127	-127	-127	-127	-127	-76	-83,"[-127, -127, -127, -127, -127, -127, -127, -127, -76, -83]",-127,-127,-127,-127,-127,-127,-127,-127,-76,-83,359,30,959539,-4.505909,-3.480399,-130.288939,959339,1142764272,224027185,155630,0.418806,-0.048405,0.011012,-0.906718,959339,-0.180829,-0.119308,-0.003631,0.0555906295776367,114.2764272,22.4027185,155.63,-0.000652500000001,-0.0004106999999997,38.39,-45.58769999997381,-66.96124824438309,89.64284275798882,53.25629547043219,0.2166718954225489,230.711061,IP15,215.56551055697,46.12501220550197,-30.02549999990833,-21.468820577513824,-38.39,53.25629547043219,0.9398091079566968
1347,IP15_MAC,A	E	TR4c_1	TR4c_2	TR6c_1	TR6c_2	TR8c_1	TR8c_2	TRc0_1	TRc0_2	TR60_1	TR60_2,N	N	-127	-127	-127	-127	-83	-91	-127	-127	-127	-127,"[-127, -127, -127, -127, -83, -91, -127, -127, -127, -127]",-127,-127,-127,-127,-83,-91,-127,-127,-127,-127,119,30,959539,-4.505909,-3.480399,-130.288939,959339,1142764272,224027185,155630,0.418806,-0.048405,0.011012,-0.906718,959339,-0.180829,-0.119308,-0.003631,0.0540592670440673,114.2764272,22.4027185,155.63,-0.000652500000001,-0.0004106999999997,38.39,-45.58769999997381,-66.96124824438309,89.64284275798882,53.25629547043219,0.2166718954225489,110.711061,IP15,215.56551055697,46.12501220550197,-30.02549999990833,-21.468820577513824,-38.39,53.25629547043219,0.2065489558792502
1348,IP15_MAC,A	E	TR4c_1	TR4c_2	TR6c_1	TR6c_2	TR8c_1	TR8c_2	TRc0_1	TRc0_2	TR60_1	TR60_2,N	N	-127	-127	-127	-127	-83	-91	-127	-127	-77	-88,"[-127, -127, -127, -127, -83, -91, -127, -127, -77, -88]",-127,-127,-127,-127,-83,-91,-127,-127,-77,-88,0,30,959739,-4.901217,-3.588659,-130.318188,959539,1142764270,224027183,155650,0.418371,-0.051922,0.01043,-0.906731,959539,-0.212495,-0.154919,-0.003508,0.051288366317749,114.276427,22.4027183,155.65,-0.0006527000000033,-0.0004108999999985,38.41000000000001,-45.60989999983889,-66.98177286154029,89.67802949257015,53.2499343708107,0.2629949194376195,229.681812,IP15,215.55963279955265,46.16319290712967,-30.003300000043254,-21.448295960356617,-38.41000000000001,53.2499343708107,0.9423448877249304
1349,IP15_MAC,A	E	TR4c_1	TR4c_2	TR6c_1	TR6c_2	TR8c_1	TR8c_2	TRc0_1	TRc0_2	TR60_1	TR60_2,N	N	-127	-127	-127	-127	-127	-127	-127	-127	-76	-85,"[-127, -127, -127, -127, -127, -127, -127, -127, -76, -85]",-127,-127,-127,-127,-127,-127,-127,-127,-76,-85,359,30,959939,-4.806035,-3.521668,-130.359158,959739,1142764268,224027178,155645,0.418115,-0.050922,0.010267,-0.906907,959739,-0.25923,-0.208597,0.004103,0.0536661148071289,114.2764268,22.4027178,155.645,-0.0006529000000057,-0.0004113999999972,38.405000000000015,-45.66539999969877,-67.00229762337493,89.71945535358427,53.20680528266279,0.3327607788156531,230.640842,IP15,215.58387246618545,46.20380268588859,-29.947800000183378,-21.42777119852198,-38.405000000000015,53.20680528266279,0.9396975267823432
1350,IP15_MAC,A	E	TR4c_1	TR4c_2	TR6c_1	TR6c_2	TR8c_1	TR8c_2	TRc0_1	TRc0_2	TR60_1	TR60_2,N	N	-127	-127	-127	-127	-127	-127	-127	-127	-77	-86,"[-127, -127, -127, -127, -127, -127, -127, -127, -77, -86]",-127,-127,-127,-127,-127,-127,-127,-127,-77,-86,359,30,960139,-4.87364,-3.243304,-130.222422,959939,1142764265,224027173,155656,0.419294,-0.05045,0.007756,-0.906415,959939,-0.309745,-0.250123,0.000693,0.0516445636749267,114.2764265,22.4027173,155.656,-0.0006532000000021,-0.0004118999999995,38.41600000000001,-45.72089999995299,-67.0330846451039,89.77540971693399,53.171134905582896,0.3981255585905029,230.777578,IP15,215.59518340175887,46.261046724399606,-29.89229999992915,-21.39698417679301,-38.41600000000001,53.171134905582896,0.939097817228201
1351,IP15_MAC,A	E	TR4c_1	TR4c_2	TR6c_1	TR6c_2	TR8c_1	TR8c_2	TRc0_1	TRc0_2	TR60_1	TR60_2,N	N	-127	-127	-127	-127	-127	-127	-127	-127	-77	-83,"[-127, -127, -127, -127, -127, -127, -127, -127, -77, -83]",-127,-127,-127,-127,-127,-127,-127,-127,-77,-83,359,30,960339,-5.023231,-3.344748,-130.093841,960139,1142764261,224027168,155659,0.420208,-0.052012,0.00795,-0.905901,960139,-0.347733,-0.289735,0.002748,0.0538046360015869,114.2764261,22.4027168,155.659,-0.0006536000000068,-0.0004123999999983,38.419,-45.77639999981287,-67.07413392829629,89.83561543271074,53.12560729463563,0.4526280603519848,230.906159,IP15,215.59350447553132,46.31706690904266,-29.836800000069275,-21.35593489360062,-38.419,53.12560729463563,0.938487317570126
1352,IP15_MAC,A	E	TR4c_1	TR4c_2	TR6c_1	TR6c_2	TR8c_1	TR8c_2	TRc0_1	TRc0_2	TR60_1	TR60_2,N	N	-127	-127	-127	-127	-127	-127	-127	-127	-76	-82,"[-127, -127, -127, -127, -127, -127, -127, -127, -76, -82]",-127,-127,-127,-127,-127,-127,-127,-127,-76,-82,359,30,960539,-5.13098,-3.365153,-130.052378,960339,1142764255,224027162,155655,0.420483,-0.05294,0.007695,-0.905722,960339,-0.390362,-0.341019,0.006102,0.0566828250885009,114.2764255,22.4027162,155.655,-0.0006541999999996,-0.0004129999999982,38.415000000000006,-45.84299999980246,-67.13570777972714,89.91382615074727,53.06059597515865,0.5183760062049555,230.947622,IP15,215.5758055494052,46.38435886080855,-29.770200000079683,-21.29436104216977,-38.415000000000006,53.06059597515865,0.9380196033912088
1354,IP15_MAC,A	E	TR4c_1	TR4c_2	TR6c_1	TR6c_2	TR8c_1	TR8c_2	TRc0_1	TRc0_2	TR60_1	TR60_2,N	N	-127	-127	-127	-127	-127	-127	-127	-127	-75	-84,"[-127, -127, -127, -127, -127, -127, -127, -127, -75, -84]",-127,-127,-127,-127,-127,-127,-127,-127,-75,-84,359,30,960939,-5.133491,-3.482546,-129.974386,960739,1142764242,224027145,155652,0.421044,-0.053396,0.008577,-0.905426,960739,-0.471076,-0.458778,0.002196,0.0540742874145507,114.2764242,22.4027145,155.652,-0.0006555000000076,-0.0004147000000003,38.41199999999999,-46.03170000003587,-67.26911798900724,90.10845345422526,52.89926962059948,0.6575672387490119,231.025614,IP15,215.5778110462061,46.56333096002171,-29.581499999846272,-21.160950832889668,-38.41199999999999,52.89926962059948,0.9369941390318172
1355,IP15_MAC,A	E	TR4c_1	TR4c_2	TR6c_1	TR6c_2	TR8c_1	TR8c_2	TRc0_1	TRc0_2	TR60_1	TR60_2,N	N	-127	-127	-127	-127	-127	-127	-127	-127	-79	-86,"[-127, -127, -127, -127, -127, -127, -127, -127, -79, -86]",-127,-127,-127,-127,-127,-127,-127,-127,-79,-86,359,30,961139,-5.262364,-3.44559,-130.044824,961139,1142764223,224027127,155642,0.420453,-0.054273,0.007842,-0.905656,961139,-0.544181,-0.581663,-0.007153,0.0479905605316162,114.2764223,22.4027127,155.642,-0.0006574000000085,-0.0004165,38.402,-46.23150000000464,-67.46410181347933,90.35192432787436,52.702653362813294,0.7965651082861965,230.955176,IP15,215.51060205603468,46.77367379515504,-29.381699999877497,-20.96596700841758,-38.402,52.702653362813294,0.9360335719154746
1360,IP15_MAC,A	E	TR4c_1	TR4c_2	TR6c_1	TR6c_2	TR8c_1	TR8c_2	TRc0_1	TRc0_2	TR60_1	TR60_2,N	N	-127	-127	-127	-127	-127	-127	-127	-127	-80	-82,"[-127, -127, -127, -127, -127, -127, -127, -127, -80, -82]",-127,-127,-127,-127,-127,-127,-127,-127,-80,-82,359,30,961739,-4.830101,-3.799294,-130.264745,961739,1142764187,224027093,155637,0.418728,-0.052135,0.012333,-0.90653,961739,-0.650432,-0.700994,0.00603,0.0448577404022216,114.2764187,22.4027093,155.637,-0.000661000000008,-0.0004198999999971,38.397000000000006,-46.60889999968276,-67.83354485780315,90.81910028268294,52.34305901363671,0.9562900896485332,230.735255,IP15,215.37931020893112,47.18604104232842,-29.00430000019938,-20.596523964093763,-38.397000000000006,52.34305901363671,0.9343380839909008
1361,IP15_MAC,A	E	TR4c_1	TR4c_2	TR6c_1	TR6c_2	TR8c_1	TR8c_2	TRc0_1	TRc0_2	TR60_1	TR60_2,N	N	-127	-127	-82	-89	-127	-127	-127	-127	-127	-127,"[-127, -127, -82, -89, -127, -127, -127, -127, -127, -127]",-127,-127,-82,-89,-127,-127,-127,-127,-127,-127,239,30,961939,-4.801872,-3.787979,-130.294048,961939,1142764174,224027081,155635,0.418513,-0.051867,0.012361,-0.906644,961939,-0.679747,-0.715393,-0.001552,0.0471789836883544,114.2764174,22.4027081,155.635,-0.0006623000000018,-0.0004210999999969,38.395,-46.742099999661946,-67.96695483628204,90.98630054626685,52.21547159809036,0.9868361247755374,350.705952,IP15,215.3280609596041,47.334132145796566,-28.8711000002202,-20.463113985614868,-38.395,52.21547159809036,-0.0500870706425072
1363,IP15_MAC,A	E	TR4c_1	TR4c_2	TR6c_1	TR6c_2	TR8c_1	TR8c_2	TRc0_1	TRc0_2	TR60_1	TR60_2,N	N	-127	-127	-79	-86	-127	-127	-127	-127	-127	-127,"[-127, -127, -79, -86, -127, -127, -127, -127, -127, -127]",-127,-127,-79,-86,-127,-127,-127,-127,-127,-127,239,30,962139,-5.055609,-3.529722,-130.1682,962139,1142764160,224027068,155637,0.419522,-0.052939,0.009327,-0.906152,962139,-0.708013,-0.749492,0.002427,0.0486948490142822,114.276416,22.4027068,155.637,-0.000663700000004,-0.0004223999999979,38.397000000000006,-46.886399999770845,-68.11062712804092,91.16864396114234,52.08107485446521,1.0310317922169034,350.8318,IP15,215.27306699853955,47.4980522057673,-28.726800000111297,-20.319441693855996,-38.397000000000006,52.08107485446521,-0.0491158143878638
1364,IP15_MAC,A	E	TR4c_1	TR4c_2	TR6c_1	TR6c_2	TR8c_1	TR8c_2	TRc0_1	TRc0_2	TR60_1	TR60_2,N	N	-127	-127	-79	-86	-127	-127	-127	-127	-75	-86,"[-127, -127, -79, -86, -127, -127, -127, -127, -75, -86]",-127,-127,-79,-86,-127,-127,-127,-127,-75,-86,0,30,962339,-5.322212,-3.569793,-130.048635,962339,1142764145,224027055,155649,0.420339,-0.0552,0.008605,-0.905646,962339,-0.735945,-0.80128,-0.005008,0.051995038986206,114.2764145,22.4027055,155.649,-0.0006652000000002,-0.0004236999999989,38.409000000000006,-47.030699999879744,-68.26456168310521,91.36294875530872,51.9505367192178,1.0879750739281666,229.951365,IP15,215.2037093166255,47.675044131657394,-28.5825000000024,-20.165507138791696,-38.409000000000006,51.9505367192178,0.933583557580482
1365,IP15_MAC,A	E	TR4c_1	TR4c_2	TR6c_1	TR6c_2	TR8c_1	TR8c_2	TRc0_1	TRc0_2	TR60_1	TR60_2,N	N	-127	-127	-78	-82	-83	-83	-84	-87	-127	-127,"[-127, -127, -78, -82, -83, -83, -84, -87, -127, -127]",-127,-127,-78,-82,-83,-83,-84,-87,-127,-127,240,30,962339,-5.322212,-3.569793,-130.048635,962339,1142764145,224027055,155649,0.420339,-0.0552,0.008605,-0.905646,962339,-0.735945,-0.80128,-0.005008,0.0499598979949951,114.2764145,22.4027055,155.649,-0.0006652000000002,-0.0004236999999989,38.409000000000006,-47.030699999879744,-68.26456168310521,91.36294875530872,51.9505367192178,1.0879750739281666,349.951365,IP15,215.2037093166255,47.675044131657394,-28.5825000000024,-20.165507138791696,-38.409000000000006,51.9505367192178,-0.0408426090340649
1367,IP15_MAC,A	E	TR4c_1	TR4c_2	TR6c_1	TR6c_2	TR8c_1	TR8c_2	TRc0_1	TRc0_2	TR60_1	TR60_2,N	N	-127	-127	-78	-82	-83	-83	-84	-87	-69	-82,"[-127, -127, -78, -82, -83, -83, -84, -87, -69, -82]",-127,-127,-78,-82,-83,-83,-84,-87,-69,-82,0,30,962539,-5.314342,-3.787834,-129.893824,962539,1142764130,224027041,155632,0.421459,-0.055952,0.010281,-0.905061,962539,-0.775595,-0.860578,-0.011711,0.0497560501098632,114.276413,22.4027041,155.632,-0.0006666999999964,-0.0004250999999975,38.39200000000001,-47.18609999972401,-68.418496290274,91.55088383956866,51.792940770025744,1.1585677561670702,230.106176,IP15,215.14405517325972,47.8388009878732,-28.42710000015813,-20.011572531622903,-38.39200000000001,51.792940770025744,0.9322144364878846
1368,IP15_MAC,A	E	TR4c_1	TR4c_2	TR6c_1	TR6c_2	TR8c_1	TR8c_2	TRc0_1	TRc0_2	TR60_1	TR60_2,N	N	-127	-127	-80	-83	-127	-127	-85	-84	-70	-79,"[-127, -127, -80, -83, -127, -127, -85, -84, -70, -79]",-127,-127,-80,-83,-127,-127,-85,-84,-70,-79,0,30,962539,-5.314342,-3.787834,-129.893824,962539,1142764130,224027041,155632,0.421459,-0.055952,0.010281,-0.905061,962539,-0.775595,-0.860578,-0.011711,0.0431165695190429,114.276413,22.4027041,155.632,-0.0006666999999964,-0.0004250999999975,38.39200000000001,-47.18609999972401,-68.418496290274,91.55088383956866,51.792940770025744,1.1585677561670702,230.106176,IP15,215.14405517325972,47.8388009878732,-28.42710000015813,-20.011572531622903,-38.39200000000001,51.792940770025744,0.9322144364878846
1370,IP15_MAC,A	E	TR4c_1	TR4c_2	TR6c_1	TR6c_2	TR8c_1	TR8c_2	TRc0_1	TRc0_2	TR60_1	TR60_2,N	N	-127	-127	-83	-84	-83	-87	-88	-86	-127	-127,"[-127, -127, -83, -84, -83, -87, -88, -86, -127, -127]",-127,-127,-83,-84,-83,-87,-88,-86,-127,-127,240,29,962739,-4.734194,-3.745031,-129.8881,962739,1142764114,224027026,155645,0.421769,-0.051219,0.012088,-0.905175,962739,-0.82514,-0.908688,-0.019144,0.047098159790039,114.2764114,22.4027026,155.645,-0.0006683000000009,-0.0004265999999972,38.405000000000015,-47.35259999969799,-68.5826932121699,91.76490919717632,51.64807698224588,1.2275733760879632,350.1119,IP15,215.08030838641244,48.03814382298451,-28.260600000184155,-19.84737560972701,-38.405000000000015,51.64807698224588,-0.0532457397253104
1372,IP15_MAC,A	E	TR4c_1	TR4c_2	TR6c_1	TR6c_2	TR8c_1	TR8c_2	TRc0_1	TRc0_2	TR60_1	TR60_2,N	N	-127	-127	-127	-127	-127	-127	-127	-127	-71	-85,"[-127, -127, -127, -127, -127, -127, -127, -127, -71, -85]",-127,-127,-127,-127,-127,-127,-127,-127,-71,-85,359,30,963139,-3.713483,-3.350545,-130.126,962939,1142764097,224027011,155634,0.420437,-0.041685,0.012836,-0.906273,962939,-0.856812,-0.933996,-0.010433,0.045271873474121,114.2764097,22.4027011,155.634,-0.0006699999999995,-0.000428099999997,38.39399999999999,-47.519099999671965,-68.75715239855253,91.97668240775268,51.48204863271956,1.2675110172495545,230.874,IP15,215.00166378966145,48.225667348063496,-28.094100000210176,-19.672916423344372,-38.39399999999999,51.48204863271956,0.9278351350397354
1373,IP15_MAC,A	E	TR4c_1	TR4c_2	TR6c_1	TR6c_2	TR8c_1	TR8c_2	TRc0_1	TRc0_2	TR60_1	TR60_2,N	N	-127	-127	-86	-87	-83	-87	-127	-127	-74	-85,"[-127, -127, -86, -87, -83, -87, -127, -127, -74, -85]",-127,-127,-86,-87,-83,-87,-127,-127,-74,-85,0,30,963139,-3.713483,-3.350545,-130.126,963139,1142764079,224026996,155630,0.420437,-0.041685,0.012836,-0.906273,963139,-0.874405,-0.959986,-0.002319,0.0544877052307128,114.2764079,22.4026996,155.63,-0.0006718000000063,-0.0004296000000003,38.39,-47.685600000040296,-68.94187385121255,92.19918935370498,51.317956749724296,1.2985232389071826,229.874,IP15,214.90777050952,48.42444001471882,-27.92759999984185,-19.48819497068436,-38.39,51.317956749724296,0.9292464059846072
1374,IP15_MAC,A	E	TR4c_1	TR4c_2	TR6c_1	TR6c_2	TR8c_1	TR8c_2	TRc0_1	TRc0_2	TR60_1	TR60_2,N	N	-127	-127	-85	-87	-127	-127	-127	-127	-80	-84,"[-127, -127, -85, -87, -127, -127, -127, -127, -80, -84]",-127,-127,-85,-87,-127,-127,-127,-127,-80,-84,1,30,963339,-3.326197,-3.434983,-129.972746,963339,1142764061,224026980,155636,0.421753,-0.038955,0.014878,-0.905751,963339,-0.887643,-0.969715,-0.007577,0.0535523891448974,114.2764061,22.402698,155.636,-0.0006735999999989,-0.0004311999999977,38.396,-47.86319999974964,-69.12659535613562,92.43173110867797,51.156029985239314,1.3146538280486617,229.027254,IP15,214.82327257165824,48.63946968680053,-27.750000000132506,-19.30347346576129,-38.396,51.156029985239314,0.930053341441172
1377,IP15_MAC,A	E	TR4c_1	TR4c_2	TR6c_1	TR6c_2	TR8c_1	TR8c_2	TRc0_1	TRc0_2	TR60_1	TR60_2,N	N	-127	-127	-127	-127	-127	-127	-127	-127	-81	-85,"[-127, -127, -127, -127, -127, -127, -127, -127, -81, -85]",-127,-127,-127,-127,-127,-127,-127,-127,-81,-85,359,30,964339,-3.286673,-3.439598,-130.312218,964339,1142763967,224026900,155580,0.419081,-0.038615,0.015175,-0.907001,964339,-0.887999,-0.925126,-0.003334,0.0569565296173095,114.2763967,22.40269,155.58,-0.0006829999999951,-0.0004391999999988,38.34000000000002,-48.75119999987376,-70.0912519974253,93.5917662403818,50.27757796992586,1.2823460747524438,230.687782,IP15,214.3215417237713,49.69098615012517,-26.86200000000838,-18.338816824471607,-38.34000000000002,50.27757796992586,0.9188227237588128
1378,IP15_MAC,A	E	TR4c_1	TR4c_2	TR6c_1	TR6c_2	TR8c_1	TR8c_2	TRc0_1	TRc0_2	TR60_1	TR60_2,N	N	-127	-127	-127	-127	-127	-127	-127	-127	-80	-84,"[-127, -127, -127, -127, -127, -127, -127, -127, -80, -84]",-127,-127,-127,-127,-127,-127,-127,-127,-80,-84,359,30,964539,-3.433684,-2.731797,-130.108103,964539,1142763949,224026884,155574,0.420882,-0.037204,0.008967,-0.906308,964539,-0.888203,-0.901961,-0.00804,0.0559427738189697,114.2763949,22.4026884,155.574,-0.0006848000000019,-0.0004407999999997,38.33400000000002,-48.92879999997746,-70.27597352979589,93.8202295936136,50.11111588489722,1.2659000182992337,230.891897,IP15,214.2284787738989,49.905210221319706,-26.684399999904684,-18.15409529210102,-38.33400000000002,50.11111588489722,0.916834167850124
1380,IP15_MAC,A	E	TR4c_1	TR4c_2	TR6c_1	TR6c_2	TR8c_1	TR8c_2	TRc0_1	TRc0_2	TR60_1	TR60_2,N	N	-127	-127	-127	-127	-127	-127	-127	-127	-77	-81,"[-127, -127, -127, -127, -127, -127, -127, -127, -77, -81]",-127,-127,-127,-127,-127,-127,-127,-127,-77,-81,359,30,964739,-3.50606,-2.646363,-129.984973,964739,1142763932,224026868,155562,0.421862,-0.037471,0.007985,-0.90585,964739,-0.878352,-0.904957,-0.008485,0.050830602645874,114.2763932,22.4026868,155.562,-0.0006865000000004,-0.0004423999999971,38.32200000000002,-49.1063999996868,-70.4504328029623,94.03870313362444,49.94450361775285,1.2611587540742046,231.01502700000003,IP15,214.14915362202345,50.1112993920638,-26.50680000019534,-17.979636018934613,-38.32200000000002,49.94450361775285,0.9151376298989432
1381,IP15_MAC,A	E	TR4c_1	TR4c_2	TR6c_1	TR6c_2	TR8c_1	TR8c_2	TRc0_1	TRc0_2	TR60_1	TR60_2,N	N	-127	-127	-127	-127	-127	-127	-127	-127	-76	-84,"[-127, -127, -127, -127, -127, -127, -127, -127, -76, -84]",-127,-127,-127,-127,-127,-127,-127,-127,-76,-84,359,30,964939,-3.426748,-2.805374,-130.009618,964739,1142763932,224026868,155562,0.421639,-0.037428,0.009543,-0.905941,964739,-0.878352,-0.904957,-0.008485,0.051018476486206,114.2763932,22.4026868,155.562,-0.0006865000000004,-0.0004423999999971,38.32200000000002,-49.1063999996868,-70.4504328029623,94.03870313362444,49.94450361775285,1.2611587540742046,230.990382,IP15,214.14915362202345,50.1112993920638,-26.50680000019534,-17.979636018934613,-38.32200000000002,49.94450361775285,0.9152068902542836
1382,IP15_MAC,A	E	TR4c_1	TR4c_2	TR6c_1	TR6c_2	TR8c_1	TR8c_2	TRc0_1	TRc0_2	TR60_1	TR60_2,N	N	-127	-127	-127	-127	-127	-127	-127	-127	-79	-83,"[-127, -127, -127, -127, -127, -127, -127, -127, -79, -83]",-127,-127,-127,-127,-127,-127,-127,-127,-79,-83,359,30,965139,-3.742956,-3.051634,-130.215304,965139,1142763896,224026837,155544,0.419828,-0.040813,0.010395,-0.906626,965139,-0.858346,-0.900259,-0.012112,0.0526483058929443,114.2763896,22.4026837,155.544,-0.0006900999999999,-0.0004454999999978,38.304000000000016,-49.45049999976448,-70.81987583632002,94.48811131406156,49.61655151545117,1.2439336088959894,230.784696,IP15,213.94461696812516,50.53386876462545,-26.162700000117667,-17.610192985576887,-38.304000000000016,49.61655151545117,0.9128594744297126
1383,IP15_MAC,A	E	TR4c_1	TR4c_2	TR6c_1	TR6c_2	TR8c_1	TR8c_2	TRc0_1	TRc0_2	TR60_1	TR60_2,N	N	-127	-127	-127	-127	-127	-127	-127	-127	-83	-86,"[-127, -127, -127, -127, -127, -127, -127, -127, -83, -86]",-127,-127,-127,-127,-127,-127,-127,-127,-83,-86,359,30,965139,-3.742956,-3.051634,-130.215304,965139,1142763896,224026837,155544,0.419828,-0.040813,0.010395,-0.906626,965139,-0.858346,-0.900259,-0.012112,0.0447714328765869,114.2763896,22.4026837,155.544,-0.0006900999999999,-0.0004454999999978,38.304000000000016,-49.45049999976448,-70.81987583632002,94.48811131406156,49.61655151545117,1.2439336088959894,230.784696,IP15,213.94461696812516,50.53386876462545,-26.162700000117667,-17.610192985576887,-38.304000000000016,49.61655151545117,0.9128594744297126
1384,IP15_MAC,A	E	TR4c_1	TR4c_2	TR6c_1	TR6c_2	TR8c_1	TR8c_2	TRc0_1	TRc0_2	TR60_1	TR60_2,N	N	-127	-127	-127	-127	-127	-127	-127	-127	-75	-81,"[-127, -127, -127, -127, -127, -127, -127, -127, -75, -81]",-127,-127,-127,-127,-127,-127,-127,-127,-75,-81,359,30,965339,-3.484977,-2.76401,-130.65781,965339,1142763879,224026822,155536,0.416504,-0.037684,0.009214,-0.908306,965339,-0.865644,-0.879004,-0.003727,0.0496835708618164,114.2763879,22.4026822,155.536,-0.0006917999999984,-0.0004469999999976,38.29600000000001,-49.61699999973845,-70.99433507056851,94.7028295093985,49.46100324391615,1.2336942316802002,230.34219,IP15,213.8498825681361,50.73858208917456,-25.996200000143688,-17.4357337513284,-38.29600000000001,49.46100324391615,0.9126569168966714
1387,IP15_MAC,A	E	TR4c_1	TR4c_2	TR6c_1	TR6c_2	TR8c_1	TR8c_2	TRc0_1	TRc0_2	TR60_1	TR60_2,N	N	-127	-127	-127	-127	-127	-127	-127	-127	-78	-82,"[-127, -127, -127, -127, -127, -127, -127, -127, -78, -82]",-127,-127,-127,-127,-127,-127,-127,-127,-78,-82,359,30,965739,-3.284242,-2.191208,-130.607345,965739,1142763846,224026791,155506,0.417139,-0.034014,0.005391,-0.90819,965739,-0.86206,-0.822542,0.017479,0.0486516952514648,114.2763846,22.4026791,155.506,-0.0006951000000015,-0.0004500999999983,38.266000000000005,-49.96109999981613,-71.33299133912396,95.12514873880178,49.13885477771464,1.1916494034761231,230.392655,IP15,213.6833830190529,51.1446271773435,-25.652100000066014,-17.097077482772946,-38.266000000000005,49.13885477771464,0.9097322544969376
1388,IP15_MAC,A	E	TR4c_1	TR4c_2	TR6c_1	TR6c_2	TR8c_1	TR8c_2	TRc0_1	TRc0_2	TR60_1	TR60_2,N	N	-127	-127	-127	-127	-127	-127	-127	-127	-78	-85,"[-127, -127, -127, -127, -127, -127, -127, -127, -78, -85]",-127,-127,-127,-127,-127,-127,-127,-127,-78,-85,359,30,965939,-3.126676,-2.585738,-130.860887,965739,1142763846,224026791,155506,0.415054,-0.034182,0.009168,-0.909108,965739,-0.86206,-0.822542,0.017479,0.0465588569641113,114.2763846,22.4026791,155.506,-0.0006951000000015,-0.0004500999999983,38.266000000000005,-49.96109999981613,-71.33299133912396,95.12514873880178,49.13885477771464,1.1916494034761231,230.139113,IP15,213.6833830190529,51.1446271773435,-25.652100000066014,-17.097077482772946,-38.266000000000005,49.13885477771464,0.9104184051382422
1389,IP15_MAC,A	E	TR4c_1	TR4c_2	TR6c_1	TR6c_2	TR8c_1	TR8c_2	TRc0_1	TRc0_2	TR60_1	TR60_2,N	N	-127	-127	-127	-127	-127	-127	-127	-127	-78	-89,"[-127, -127, -127, -127, -127, -127, -127, -127, -78, -89]",-127,-127,-127,-127,-127,-127,-127,-127,-78,-89,359,30,965939,-3.126676,-2.585738,-130.860887,965939,1142763830,224026776,155494,0.415054,-0.034182,0.009168,-0.909108,965939,-0.830786,-0.816709,0.009271,0.0481514930725097,114.276383,22.4026776,155.494,-0.0006967000000059,-0.0004515999999981,38.254000000000005,-50.12759999979011,-71.49718832200575,95.33096420204356,48.98578125730246,1.1650342998890637,230.139113,IP15,213.60044972118965,51.34493146186719,-25.485600000092035,-16.932880499891155,-38.254000000000005,48.98578125730246,0.9090259933174538
1390,IP15_MAC,A	E	TR4c_1	TR4c_2	TR6c_1	TR6c_2	TR8c_1	TR8c_2	TRc0_1	TRc0_2	TR60_1	TR60_2,N	N	-127	-127	-127	-127	-127	-127	-127	-127	-78	-84,"[-127, -127, -127, -127, -127, -127, -127, -127, -78, -84]",-127,-127,-127,-127,-127,-127,-127,-127,-78,-84,359,30,966139,-3.896377,-3.375103,-130.781323,966139,1142763814,224026761,155483,0.415174,-0.043149,0.012603,-0.908631,966139,-0.805727,-0.818548,-0.01913,0.0489859580993652,114.2763814,22.4026761,155.483,-0.0006982999999962,-0.0004530999999978,38.24300000000001,-50.294099999764086,-71.66138530697314,95.5373104493775,48.83413376563215,1.1487309448835268,230.218677,IP15,213.51626268133623,51.547158876314974,-25.319100000118056,-16.768683514923765,-38.24300000000001,48.83413376563215,0.9073941465446906
1391,IP15_MAC,A	E	TR4c_1	TR4c_2	TR6c_1	TR6c_2	TR8c_1	TR8c_2	TRc0_1	TRc0_2	TR60_1	TR60_2,N	N	-127	-127	-127	-127	-127	-127	-127	-127	-82	-83,"[-127, -127, -127, -127, -127, -127, -127, -127, -82, -83]",-127,-127,-127,-127,-127,-127,-127,-127,-82,-83,359,30,966139,-3.896377,-3.375103,-130.781323,966139,1142763814,224026761,155483,0.415174,-0.043149,0.012603,-0.908631,966139,-0.805727,-0.818548,-0.01913,0.0491812229156494,114.2763814,22.4026761,155.483,-0.0006982999999962,-0.0004530999999978,38.24300000000001,-50.294099999764086,-71.66138530697314,95.5373104493775,48.83413376563215,1.1487309448835268,230.218677,IP15,213.51626268133623,51.547158876314974,-25.319100000118056,-16.768683514923765,-38.24300000000001,48.83413376563215,0.9073941465446906
1392,IP15_MAC,A	E	TR4c_1	TR4c_2	TR6c_1	TR6c_2	TR8c_1	TR8c_2	TRc0_1	TRc0_2	TR60_1	TR60_2,N	N	-127	-127	-127	-127	-127	-127	-127	-127	-80	-88,"[-127, -127, -127, -127, -127, -127, -127, -127, -80, -88]",-127,-127,-127,-127,-127,-127,-127,-127,-80,-88,359,30,966339,-4.576727,-2.919524,-130.432028,966339,1142763798,224026746,155503,0.417881,-0.046907,0.006373,-0.907268,966339,-0.811915,-0.831857,-0.033264,0.0506336688995361,114.2763798,22.4026746,155.503,-0.0006999000000007,-0.0004545999999976,38.26299999999999,-50.46059999973807,-71.82558229694287,95.75616739212404,48.70748842349221,1.1628837127460336,230.567972,IP15,213.43079362018227,51.7731577219227,-25.15260000014408,-16.60448652495404,-38.26299999999999,48.70748842349221,0.9048678840514928
1393,IP15_MAC,A	E	TR4c_1	TR4c_2	TR6c_1	TR6c_2	TR8c_1	TR8c_2	TRc0_1	TRc0_2	TR60_1	TR60_2,N	N	-127	-127	-127	-127	-127	-127	-127	-127	-79	-85,"[-127, -127, -127, -127, -127, -127, -127, -127, -79, -85]",-127,-127,-127,-127,-127,-127,-127,-127,-79,-85,359,30,966339,-4.576727,-2.919524,-130.432028,966339,1142763798,224026746,155503,0.417881,-0.046907,0.006373,-0.907268,966339,-0.811915,-0.831857,-0.033264,0.0494554042816162,114.2763798,22.4026746,155.503,-0.0006999000000007,-0.0004545999999976,38.26299999999999,-50.46059999973807,-71.82558229694287,95.75616739212404,48.70748842349221,1.1628837127460336,230.567972,IP15,213.43079362018227,51.7731577219227,-25.15260000014408,-16.60448652495404,-38.26299999999999,48.70748842349221,0.9048678840514928
1394,IP15_MAC,A	E	TR4c_1	TR4c_2	TR6c_1	TR6c_2	TR8c_1	TR8c_2	TRc0_1	TRc0_2	TR60_1	TR60_2,N	N	-127	-127	-127	-127	-127	-127	-127	-127	-83	-84,"[-127, -127, -127, -127, -127, -127, -127, -127, -83, -84]",-127,-127,-127,-127,-127,-127,-127,-127,-83,-84,359,30,966539,-4.700627,-2.012382,-130.101382,966539,1142763782,224026731,155482,0.420819,-0.044574,-0.001391,-0.906048,966539,-0.79918,-0.868483,-0.030517,0.0518434047698974,114.2763782,22.4026731,155.482,-0.0007015000000052,-0.0004560999999974,38.242,-50.62709999971205,-71.98977929045657,95.95875228799868,48.549344764848136,1.180628087493263,230.898618,IP15,213.34401342034175,51.9704785888977,-24.986100000170097,-16.440289531440342,-38.242,48.549344764848136,0.9025302183898384
1395,IP15_MAC,A	E	TR4c_1	TR4c_2	TR6c_1	TR6c_2	TR8c_1	TR8c_2	TRc0_1	TRc0_2	TR60_1	TR60_2,N	N	-127	-127	-127	-127	-127	-127	-127	-127	-80	-81,"[-127, -127, -127, -127, -127, -127, -127, -127, -80, -81]",-127,-127,-127,-127,-127,-127,-127,-127,-80,-81,359,30,966739,-4.033845,-2.776634,-129.985984,966539,1142763782,224026731,155482,0.421646,-0.042119,0.007066,-0.905754,966539,-0.79918,-0.868483,-0.030517,0.0531437397003173,114.2763782,22.4026731,155.482,-0.0007015000000052,-0.0004560999999974,38.242,-50.62709999971205,-71.98977929045657,95.95875228799868,48.549344764848136,1.180628087493263,231.014016,IP15,213.34401342034175,51.9704785888977,-24.986100000170097,-16.440289531440342,-38.242,48.549344764848136,0.9022050810337632
1396,IP15_MAC,A	E	TR4c_1	TR4c_2	TR6c_1	TR6c_2	TR8c_1	TR8c_2	TRc0_1	TRc0_2	TR60_1	TR60_2,N	N	-127	-127	-127	-127	-127	-127	-127	-127	-82	-80,"[-127, -127, -127, -127, -127, -127, -127, -127, -82, -80]",-127,-127,-127,-127,-127,-127,-127,-127,-82,-80,61,30,966739,-4.033845,-2.776634,-129.985984,966739,1142763767,224026717,155468,0.421646,-0.042119,0.007066,-0.905754,966739,-0.781974,-0.910966,-0.024254,0.0501511096954345,114.2763767,22.4026717,155.468,-0.0007030000000014,-0.0004574999999995,38.228,-50.78249999995066,-72.14371397102991,96.15070335561133,48.40649750617117,1.2008041665267488,169.014016,IP15,213.26070539952968,52.16016464399145,-24.830699999931483,-16.286354850867,-38.228,48.40649750617117,0.7754345764834589
1398,IP15_MAC,A	E	TR4c_1	TR4c_2	TR6c_1	TR6c_2	TR8c_1	TR8c_2	TRc0_1	TRc0_2	TR60_1	TR60_2,N	N	-127	-127	-85	-88	-127	-127	-86	-86	-127	-127,"[-127, -127, -85, -88, -127, -127, -86, -86, -127, -127]",-127,-127,-85,-88,-127,-127,-86,-86,-127,-127,238,30,966939,-3.23936,-3.463887,-129.93127,966939,1142763749,224026702,155471,0.422101,-0.038381,0.015414,-0.905605,966939,-0.777828,-0.913818,-0.021815,0.047295331954956,114.2763749,22.4026702,155.471,-0.0007048000000082,-0.0004589999999993,38.23100000000001,-50.94899999992464,-72.32843549930949,96.37848589685404,48.26173140587645,1.2002314897272943,352.06873,IP15,213.1378763870584,52.38780191841299,-24.664199999957503,-16.101633322587418,-38.23100000000001,48.26173140587645,-0.0024010608508376
1399,IP15_MAC,A	E	TR4c_1	TR4c_2	TR6c_1	TR6c_2	TR8c_1	TR8c_2	TRc0_1	TRc0_2	TR60_1	TR60_2,N	N	-127	-127	-85	-88	-127	-127	-86	-86	-75	-87,"[-127, -127, -85, -88, -127, -127, -86, -86, -75, -87]",-127,-127,-85,-88,-127,-127,-86,-86,-75,-87,0,30,967139,-3.217679,-3.473262,-129.871816,967139,1142763732,224026687,155440,0.422575,-0.038252,0.015548,-0.905387,967139,-0.777594,-0.900957,-0.010712,0.0472984313964843,114.2763732,22.4026687,155.44,-0.0007065000000068,-0.000460499999999,38.2,-51.11549999989862,-72.5028947667827,96.58521672493572,48.09420109193099,1.1901641448258302,230.128184,IP15,213.02989967006368,52.58678881086302,-24.497699999983524,-15.927174055114207,-38.2,48.09420109193099,0.9000434205652268
1400,IP15_MAC,A	E	TR4c_1	TR4c_2	TR6c_1	TR6c_2	TR8c_1	TR8c_2	TRc0_1	TRc0_2	TR60_1	TR60_2,N	N	-127	-127	-80	-86	-127	-127	-127	-127	-82	-86,"[-127, -127, -80, -86, -127, -127, -127, -127, -82, -86]",-127,-127,-80,-86,-127,-127,-127,-127,-82,-86,240,30,967139,-3.217679,-3.473262,-129.871816,967139,1142763732,224026687,155440,0.422575,-0.038252,0.015548,-0.905387,967139,-0.777594,-0.900957,-0.010712,0.0473272800445556,114.2763732,22.4026687,155.44,-0.0007065000000068,-0.000460499999999,38.2,-51.11549999989862,-72.5028947667827,96.58521672493572,48.09420109193099,1.1901641448258302,350.12818400000003,IP15,213.02989967006368,52.58678881086302,-24.497699999983524,-15.927174055114207,-38.2,48.09420109193099,0.0117121106028542
1401,IP15_MAC,A	E	TR4c_1	TR4c_2	TR6c_1	TR6c_2	TR8c_1	TR8c_2	TRc0_1	TRc0_2	TR60_1	TR60_2,N	N	-127	-127	-82	-84	-127	-127	-127	-127	-83	-83,"[-127, -127, -82, -84, -127, -127, -127, -127, -83, -83]",-127,-127,-82,-84,-127,-127,-127,-127,-83,-83,239,30,967339,-3.296427,-3.130311,-129.847663,967339,1142763714,224026674,155442,0.422853,-0.037612,0.012539,-0.90533,967339,-0.780568,-0.897088,-0.006002,0.0434095859527587,114.2763714,22.4026674,155.442,-0.0007082999999994,-0.0004618,38.20200000000001,-51.25980000000752,-72.6876161968743,96.80108185565322,47.96150237643704,1.1891548706421715,351.152337,IP15,212.8793157272209,52.798475517960895,-24.353399999874625,-15.742452625022608,-38.20200000000001,47.96150237643704,0.007468867641668
1402,IP15_MAC,A	E	TR4c_1	TR4c_2	TR6c_1	TR6c_2	TR8c_1	TR8c_2	TRc0_1	TRc0_2	TR60_1	TR60_2,N	N	-127	-127	-83	-87	-127	-127	-127	-127	-83	-86,"[-127, -127, -83, -87, -127, -127, -127, -127, -83, -86]",-127,-127,-83,-87,-127,-127,-127,-127,-83,-86,239,30,967339,-3.296427,-3.130311,-129.847663,967339,1142763714,224026674,155442,0.422853,-0.037612,0.012539,-0.90533,967339,-0.780568,-0.897088,-0.006002,0.0495150089263916,114.2763714,22.4026674,155.442,-0.0007082999999994,-0.0004618,38.20200000000001,-51.25980000000752,-72.6876161968743,96.80108185565322,47.96150237643704,1.1891548706421715,351.152337,IP15,212.8793157272209,52.798475517960895,-24.353399999874625,-15.742452625022608,-38.20200000000001,47.96150237643704,0.007468867641668
1403,IP15_MAC,A	E	TR4c_1	TR4c_2	TR6c_1	TR6c_2	TR8c_1	TR8c_2	TRc0_1	TRc0_2	TR60_1	TR60_2,N	N	-127	-127	-127	-127	-127	-127	-127	-127	-77	-79,"[-127, -127, -127, -127, -127, -127, -127, -127, -77, -79]",-127,-127,-127,-127,-127,-127,-127,-127,-77,-79,359,30,967539,-3.137839,-3.132144,-129.885969,967539,1142763697,224026659,155439,0.422601,-0.036362,0.013153,-0.905491,967539,-0.775729,-0.907069,-0.007208,0.0497877597808837,114.2763697,22.4026659,155.439,-0.0007099999999979,-0.0004632999999998,38.199,-51.426299999981495,-72.86207547173818,97.01912169638192,47.817697033167335,1.1935583804179837,231.114031,IP15,212.7675176311949,53.02009214017449,-24.18689999990065,-15.56799335015873,-38.199,47.817697033167335,0.8938883038832826
1404,IP15_MAC,A	E	TR4c_1	TR4c_2	TR6c_1	TR6c_2	TR8c_1	TR8c_2	TRc0_1	TRc0_2	TR60_1	TR60_2,N	N	-127	-127	-127	-127	-127	-127	-127	-127	-80	-84,"[-127, -127, -127, -127, -127, -127, -127, -127, -80, -84]",-127,-127,-127,-127,-127,-127,-127,-127,-80,-84,359,30,967739,-2.706082,-3.369354,-129.934412,967739,1142763679,224026644,155447,0.422283,-0.033821,0.016639,-0.90568,967739,-0.773488,-0.899737,-0.003435,0.0513701438903808,114.2763679,22.4026644,155.447,-0.0007118000000048,-0.0004647999999995,38.20700000000001,-51.592799999955474,-73.04679701547836,97.24930033196075,47.68017949448837,1.1865168159524753,231.065588,IP15,212.6365267145695,53.25617501799028,-24.020399999926667,-15.383271806418549,-38.20700000000001,47.68017949448837,0.8921788487947581
1405,IP15_MAC,A	E	TR4c_1	TR4c_2	TR6c_1	TR6c_2	TR8c_1	TR8c_2	TRc0_1	TRc0_2	TR60_1	TR60_2,N	N	-127	-127	-127	-127	-127	-127	-93	-82	-84	-88,"[-127, -127, -127, -127, -127, -127, -93, -82, -84, -88]",-127,-127,-127,-127,-127,-127,-93,-82,-84,-88,90,60,967939,-2.658058,-3.179282,-129.987405,967739,1142763679,224026644,155447,0.421934,-0.032734,0.015329,-0.905906,967739,-0.773488,-0.899737,-0.003435,0.0526504516601562,114.2763679,22.4026644,155.447,-0.0007118000000048,-0.0004647999999995,38.20700000000001,-51.592799999955474,-73.04679701547836,97.24930033196075,47.68017949448837,1.1865168159524753,140.012595,IP15,212.6365267145695,53.25617501799028,-24.020399999926667,-15.383271806418549,-38.20700000000001,47.68017949448837,0.7832915875747648
1406,IP15_MAC,A	E	TR4c_1	TR4c_2	TR6c_1	TR6c_2	TR8c_1	TR8c_2	TRc0_1	TRc0_2	TR60_1	TR60_2,N	N	-127	-127	-85	-85	-127	-127	-127	-127	-127	-127,"[-127, -127, -85, -85, -127, -127, -127, -127, -127, -127]",-127,-127,-85,-85,-127,-127,-127,-127,-127,-127,241,30,967939,-2.658058,-3.179282,-129.987405,967939,1142763662,224026630,155438,0.421934,-0.032734,0.015329,-0.905906,967939,-0.769835,-0.887696,0.004892,0.050652265548706,114.2763662,22.402663,155.438,-0.0007135000000033,-0.0004661999999981,38.19799999999999,-51.74819999979974,-73.22125624530358,97.4593031647553,47.53875691468884,1.1750208710082557,349.01259500000003,IP15,212.50876117896237,53.466872260121406,-23.865000000082404,-15.208812576593331,-38.19799999999999,47.53875691468884,0.0277774573516223
1407,IP15_MAC,A	E	TR4c_1	TR4c_2	TR6c_1	TR6c_2	TR8c_1	TR8c_2	TRc0_1	TRc0_2	TR60_1	TR60_2,N	N	-127	-127	-85	-85	-127	-127	-127	-127	-84	-86,"[-127, -127, -85, -85, -127, -127, -127, -127, -84, -86]",-127,-127,-85,-85,-127,-127,-127,-127,-84,-86,359,30,968139,-2.591185,-3.258398,-130.027487,968139,1142763644,224026616,155433,0.421615,-0.032491,0.016213,-0.906047,968139,-0.762203,-0.880414,0.001353,0.0495266914367675,114.2763644,22.4026616,155.433,-0.0007152999999959,-0.0004676000000003,38.193,-51.90360000003835,-73.40597774250246,97.67869015448942,47.39803470519144,1.1645102211719742,230.972513,IP15,212.36125848820117,53.68689990239103,-23.70959999984379,-15.024091079394452,-38.193,47.39803470519144,0.888934939626668
1408,IP15_MAC,A	E	TR4c_1	TR4c_2	TR6c_1	TR6c_2	TR8c_1	TR8c_2	TRc0_1	TRc0_2	TR60_1	TR60_2,N	N	-127	-127	-85	-88	-127	-127	-127	-127	-127	-127,"[-127, -127, -85, -88, -127, -127, -127, -127, -127, -127]",-127,-127,-85,-88,-127,-127,-127,-127,-127,-127,239,30,968339,-2.479624,-3.415302,-130.07716,968339,1142763626,224026602,155439,0.421213,-0.032179,0.017879,-0.906214,968339,-0.769041,-0.861775,0.005178,0.050386905670166,114.2763626,22.4026602,155.439,-0.0007171000000028,-0.0004689999999989,38.199,-52.058999999882616,-73.59069924488085,97.90247237602472,47.26701628073479,1.1550355068092062,350.92284,IP15,212.2113170504321,53.91590415302055,-23.55419999999953,-14.839369577016058,-38.199,47.26701628073479,0.020815645169002
1409,IP15_MAC,A	E	TR4c_1	TR4c_2	TR6c_1	TR6c_2	TR8c_1	TR8c_2	TRc0_1	TRc0_2	TR60_1	TR60_2,N	N	-127	-127	-85	-88	-127	-127	-127	-127	-80	-84,"[-127, -127, -85, -88, -127, -127, -127, -127, -80, -84]",-127,-127,-85,-88,-127,-127,-127,-127,-80,-84,1,30,968539,-2.035643,-2.96752,-130.049469,968339,1142763626,224026602,155439,0.421678,-0.027028,0.015967,-0.906202,968339,-0.769041,-0.861775,0.005178,0.0481762886047363,114.2763626,22.4026602,155.439,-0.0007171000000028,-0.0004689999999989,38.199,-52.058999999882616,-73.59069924488085,97.90247237602472,47.26701628073479,1.1550355068092062,228.950531,IP15,212.2113170504321,53.91590415302055,-23.55419999999953,-14.839369577016058,-38.199,47.26701628073479,0.8925277713812062
1410,IP15_MAC,A	E	TR4c_1	TR4c_2	TR6c_1	TR6c_2	TR8c_1	TR8c_2	TRc0_1	TRc0_2	TR60_1	TR60_2,N	N	-127	-127	-127	-127	-127	-127	-127	-127	-79	-88,"[-127, -127, -127, -127, -127, -127, -127, -127, -79, -88]",-127,-127,-127,-127,-127,-127,-127,-127,-79,-88,359,30,968539,-2.035643,-2.96752,-130.049469,968539,1142763609,224026587,155443,0.421678,-0.027028,0.015967,-0.906202,968539,-0.760698,-0.835584,0.012228,0.0567443370819091,114.2763609,22.4026587,155.443,-0.0007188000000013,-0.0004704999999987,38.20300000000002,-52.2254999998566,-73.76515853852779,98.12375183129292,47.13293237122492,1.1300493760203576,230.950531,IP15,212.08915820969625,54.14846087025627,-23.387700000025543,-14.664910283369124,-38.20300000000002,47.13293237122492,0.8852525645408046
1411,IP15_MAC,A	E	TR4c_1	TR4c_2	TR6c_1	TR6c_2	TR8c_1	TR8c_2	TRc0_1	TRc0_2	TR60_1	TR60_2,N	N	-127	-127	-85	-89	-127	-127	-90	-83	-79	-86,"[-127, -127, -85, -89, -127, -127, -90, -83, -79, -86]",-127,-127,-85,-89,-127,-127,-90,-83,-79,-86,2,30,968739,-1.691579,-2.879177,-129.982063,968739,1142763592,224026573,155437,0.42232,-0.023992,0.016523,-0.905978,968739,-0.731991,-0.805306,0.013835,0.0512874126434326,114.2763592,22.4026573,155.437,-0.0007204999999999,-0.0004718999999973,38.19700000000002,-52.38089999970086,-73.93961778274301,98.33532718019904,46.99706101041362,1.0883565523035177,228.017937,IP15,211.95261656622296,54.36578082083614,-23.232300000181283,-14.490451039153896,-38.19700000000002,46.99706101041362,0.8912257961633285
1412,IP15_MAC,A	E	TR4c_1	TR4c_2	TR6c_1	TR6c_2	TR8c_1	TR8c_2	TRc0_1	TRc0_2	TR60_1	TR60_2,N	N	-127	-127	-127	-127	-127	-127	-89	-85	-80	-90,"[-127, -127, -127, -127, -127, -127, -89, -85, -80, -90]",-127,-127,-127,-127,-127,-127,-89,-85,-80,-90,0,30,968939,-2.07855,-3.182667,-129.999003,968939,1142763576,224026559,155427,0.422013,-0.028166,0.017498,-0.905983,968939,-0.704322,-0.773511,0.013854,0.0499062538146972,114.2763576,22.4026559,155.427,-0.0007221000000043,-0.0004732999999994,38.187,-52.53629999993947,-74.10381476619261,98.53773464813275,46.861837756066905,1.0462220988494748,230.000997,IP15,211.83221560480405,54.57597427030176,-23.07689999994267,-14.326254055704297,-38.187,46.861837756066905,0.8843835038230027
1413,IP15_MAC,A	E	TR4c_1	TR4c_2	TR6c_1	TR6c_2	TR8c_1	TR8c_2	TRc0_1	TRc0_2	TR60_1	TR60_2,N	N	-127	-127	-127	-127	-127	-127	-127	-127	-83	-84,"[-127, -127, -127, -127, -127, -127, -127, -127, -83, -84]",-127,-127,-127,-127,-127,-127,-127,-127,-83,-84,359,30,969139,-2.343388,-3.110119,-130.037433,969139,1142763561,224026547,155439,0.421651,-0.029986,0.015957,-0.906122,969139,-0.689231,-0.7495,0.002818,0.0487823486328125,114.2763561,22.4026547,155.439,-0.0007236000000006,-0.0004744999999992,38.199,-52.669499999918656,-74.25774938025609,98.72919109494596,46.75929435999045,1.0182325679750182,230.96256700000004,IP15,211.7036179804108,54.77849589289778,-22.943699999963485,-14.172319441640823,-38.199,46.75929435999045,0.8799832264095682
1414,IP15_MAC,A	E	TR4c_1	TR4c_2	TR6c_1	TR6c_2	TR8c_1	TR8c_2	TRc0_1	TRc0_2	TR60_1	TR60_2,N	N	-127	-127	-127	-127	-127	-127	-127	-127	-82	-83,"[-127, -127, -127, -127, -127, -127, -127, -127, -82, -83]",-127,-127,-127,-127,-127,-127,-127,-127,-82,-83,359,30,969339,-2.344826,-2.862271,-129.999386,969339,1142763545,224026533,155449,0.422015,-0.02909,0.013983,-0.906014,969339,-0.664817,-0.739203,0.003577,0.053018569946289,114.2763545,22.4026533,155.449,-0.000725200000005,-0.0004758999999978,38.20900000000002,-52.82489999976292,-74.42194636998146,98.93949586732968,46.641845938205456,0.99419088389856,231.00061400000004,IP15,211.579324204944,55.00479027229894,-22.78830000011922,-14.008122451915456,-38.20900000000002,46.641845938205456,0.8780113753490802
1417,IP15_MAC,A	E	TR4c_1	TR4c_2	TR6c_1	TR6c_2	TR8c_1	TR8c_2	TRc0_1	TRc0_2	TR60_1	TR60_2,N	N	-127	-127	-127	-127	-127	-127	-91	-82	-88	-83,"[-127, -127, -127, -127, -127, -127, -91, -82, -88, -83]",-127,-127,-127,-127,-127,-127,-91,-82,-88,-83,91,60,969939,-2.070962,-3.241,-130.141983,969739,1142763515,224026508,155448,0.42087,-0.028298,0.018023,-0.9065,969739,-0.642086,-0.719313,-0.000657,0.0498056411743164,114.2763515,22.4026508,155.448,-0.0007281999999975,-0.0004783999999986,38.20800000000001,-53.102399999851,-74.72981566578413,99.3189886133878,46.41426846545124,0.9642022894673088,138.858017,IP15,211.3250286764973,55.405930027118565,-22.51080000003114,-13.70025315611278,-38.20800000000001,46.41426846545124,0.7984279094021505
1418,IP15_MAC,A	E	TR4c_1	TR4c_2	TR6c_1	TR6c_2	TR8c_1	TR8c_2	TRc0_1	TRc0_2	TR60_1	TR60_2,N	N	-127	-127	-84	-89	-127	-127	-91	-85	-82	-90,"[-127, -127, -84, -89, -127, -127, -91, -85, -82, -90]",-127,-127,-84,-89,-127,-127,-91,-85,-82,-90,239,30,970139,-1.829149,-3.261369,-130.254335,969939,1142763500,224026497,155468,0.420046,-0.026443,0.0191,-0.906916,969939,-0.62669,-0.707367,0.004036,0.0523710250854492,114.27635,22.4026497,155.468,-0.0007297000000079,-0.0004794999999973,38.228,-53.22449999970047,-74.88375023848229,99.5078058948016,46.32641383553769,0.9450527594187532,350.74566500000003,IP15,211.17610210586872,55.607554565679855,-22.38870000018167,-13.546318583414616,-38.228,46.32641383553769,0.0402319750535339
1420,IP15_MAC,A	E	TR4c_1	TR4c_2	TR6c_1	TR6c_2	TR8c_1	TR8c_2	TRc0_1	TRc0_2	TR60_1	TR60_2,N	N	-127	-127	-84	-93	-127	-127	-127	-127	-86	-86,"[-127, -127, -84, -93, -127, -127, -127, -127, -86, -86]",-127,-127,-84,-93,-127,-127,-127,-127,-86,-86,62,31,970539,-1.85979,-3.134995,-130.327532,970339,1142763471,224026473,155474,0.419487,-0.02621,0.018004,-0.907204,970339,-0.582833,-0.64427,0.007169,0.0511701107025146,114.2763471,22.4026473,155.474,-0.0007326000000063,-0.0004818999999969,38.234,-53.49089999965884,-75.18135723155214,99.87668203315404,46.11684369190952,0.8688092617772902,167.672468,IP15,210.91675541193345,56.00311917816774,-22.122300000223305,-13.248711590344769,-38.234,46.11684369190952,0.7761302923509351
1421,IP15_MAC,A	E	TR4c_1	TR4c_2	TR6c_1	TR6c_2	TR8c_1	TR8c_2	TRc0_1	TRc0_2	TR60_1	TR60_2,N	N	-127	-127	-86	-86	-127	-127	-92	-84	-81	-88,"[-127, -127, -86, -86, -127, -127, -92, -84, -81, -88]",-127,-127,-86,-86,-127,-127,-92,-84,-81,-88,1,30,970739,-2.031417,-2.91132,-130.145276,970539,1142763457,224026463,155485,0.420934,-0.026774,0.015561,-0.906562,970539,-0.560118,-0.610387,0.002495,0.0500152111053466,114.2763457,22.4026463,155.485,-0.0007340000000084,-0.0004828999999979,38.24500000000002,-53.60189999977294,-75.32502949105157,100.04850711736506,46.031721763994575,0.8284387054683044,228.854724,IP15,210.76862948943315,56.18513283691273,-22.0113000001092,-13.105039330845344,-38.24500000000002,46.031721763994575,0.873560143196398
1423,IP15_MAC,A	E	TR4c_1	TR4c_2	TR6c_1	TR6c_2	TR8c_1	TR8c_2	TRc0_1	TRc0_2	TR60_1	TR60_2,N	N	-127	-127	-127	-127	-127	-127	-127	-127	-88	-84,"[-127, -127, -127, -127, -127, -127, -127, -127, -88, -84]",-127,-127,-127,-127,-127,-127,-127,-127,-88,-84,61,30,971539,-1.83179,-3.23106,-130.106587,971539,1142763400,224026414,155494,0.421221,-0.026377,0.018816,-0.906379,971539,-0.45413,-0.535052,0.000879,0.0468647480010986,114.27634,22.4026414,155.494,-0.0007396999999969,-0.0004877999999983,38.254000000000005,-54.14579999981939,-75.90998130508073,100.78423207703746,45.617654150464936,0.7017944658124627,168.893413,IP15,210.25133408843573,56.99035266307636,-21.467400000062757,-12.520087516816176,-38.254000000000005,45.617654150464936,0.7734160175508488
1425,IP15_MAC,A	E	TR4c_1	TR4c_2	TR6c_1	TR6c_2	TR8c_1	TR8c_2	TRc0_1	TRc0_2	TR60_1	TR60_2,N	N	-127	-127	-127	-127	-127	-127	-89	-82	-85	-82,"[-127, -127, -127, -127, -127, -127, -89, -82, -85, -82]",-127,-127,-127,-127,-127,-127,-89,-82,-85,-82,91,59,971739,-0.219199,-3.325999,-130.116956,971739,1142763390,224026405,155488,0.42154,-0.013973,0.025505,-0.906343,971739,-0.425537,-0.511363,0.013571,0.0492377281188964,114.276339,22.4026405,155.488,-0.0007407000000085,-0.0004886999999982,38.248000000000005,-54.245699999803776,-76.01260445807601,100.91294024538492,45.53759964556884,0.6654006523734404,138.883044,IP15,210.16249507482092,57.131810276548826,-21.367500000078365,-12.417464363820898,-38.248000000000005,45.53759964556884,0.8096642912997841
1429,IP15_MAC,A	E	TR4c_1	TR4c_2	TR6c_1	TR6c_2	TR8c_1	TR8c_2	TRc0_1	TRc0_2	TR60_1	TR60_2,N	N	-127	-127	-127	-127	-127	-127	-88	-83	-81	-83,"[-127, -127, -127, -127, -127, -127, -88, -83, -81, -83]",-127,-127,-127,-127,-127,-127,-88,-83,-81,-83,2,29,972539,-0.238611,-3.84788,-130.128554,972539,1142763367,224026384,155462,0.421375,-0.016043,0.029562,-0.906262,972539,-0.045868,-0.096205,-0.008375,0.0525920391082763,114.2763367,22.4026384,155.462,-0.0007429999999999,-0.0004907999999979,38.222,-54.47879999976735,-76.24863772782027,101.2063026138344,45.34282094074639,0.1069084471592399,227.871446,IP15,209.95825897662831,57.45358807764339,-21.134400000114795,-12.181431094076643,-38.222,45.34282094074639,0.8563937504693525
1431,IP15_MAC,A	E	TR4c_1	TR4c_2	TR6c_1	TR6c_2	TR8c_1	TR8c_2	TRc0_1	TRc0_2	TR60_1	TR60_2,N	N	-127	-127	-88	-85	-127	-127	-90	-82	-127	-127,"[-127, -127, -88, -85, -127, -127, -90, -82, -127, -127]",-127,-127,-88,-85,-127,-127,-90,-82,-127,-127,90,60,972739,-1.330771,-4.046339,-130.086969,972739,1142763365,224026382,155475,0.421343,-0.025417,0.027104,-0.90614,972739,-0.033055,-0.026642,-0.018617,0.0528404712677001,114.2763365,22.4026382,155.475,-0.0007432000000022,-0.0004910000000002,38.235,-54.50100000002678,-76.26916237016918,101.23862580384105,45.33792959059297,0.0463575439168211,139.913031,IP15,209.9425115816396,57.49383350517151,-21.112199999855363,-12.160906451727726,-38.235,45.33792959059297,0.8221175729091491
1433,IP15_MAC,A	E	TR4c_1	TR4c_2	TR6c_1	TR6c_2	TR8c_1	TR8c_2	TRc0_1	TRc0_2	TR60_1	TR60_2,N	N	-127	-127	-88	-85	-127	-127	-90	-82	-81	-86,"[-127, -127, -88, -85, -127, -127, -90, -82, -81, -86]",-127,-127,-88,-85,-127,-127,-90,-82,-81,-86,90,60,972939,-2.009742,-2.831776,-129.945082,972939,1142763365,224026381,155450,0.422541,-0.026337,0.014966,-0.905837,972939,-0.013178,-0.015091,-0.007733,0.0443155765533447,114.2763365,22.4026381,155.45,-0.0007432000000022,-0.0004910999999978,38.21,-54.51209999976214,-76.26916242504231,101.235163275423,45.31167802684119,0.0214755035796602,140.054918,IP15,209.9555455349864,57.48710177315788,-21.10110000012,-12.1609063968546,-38.21,45.31167802684119,0.8226476157674578
1434,IP15_MAC,A	E	TR4c_1	TR4c_2	TR6c_1	TR6c_2	TR8c_1	TR8c_2	TRc0_1	TRc0_2	TR60_1	TR60_2,N	N	-127	-127	-127	-127	-127	-127	-92	-83	-82	-85,"[-127, -127, -127, -127, -127, -127, -92, -83, -82, -85]",-127,-127,-127,-127,-127,-127,-92,-83,-82,-85,90,59,973139,-1.74089,-3.164166,-129.882349,972939,1142763365,224026381,155450,0.423034,-0.025448,0.018572,-0.905566,972939,-0.013178,-0.015091,-0.007733,0.0466418266296386,114.2763365,22.4026381,155.45,-0.0007432000000022,-0.0004910999999978,38.21,-54.51209999976214,-76.26916242504231,101.235163275423,45.31167802684119,0.0214755035796602,140.117651,IP15,209.9555455349864,57.48710177315788,-21.10110000012,-12.1609063968546,-38.21,45.31167802684119,0.8182400721855801
1435,IP15_MAC,A	E	TR4c_1	TR4c_2	TR6c_1	TR6c_2	TR8c_1	TR8c_2	TRc0_1	TRc0_2	TR60_1	TR60_2,N	N	-127	-127	-127	-127	-127	-127	-90	-83	-81	-82,"[-127, -127, -127, -127, -127, -127, -90, -83, -81, -82]",-127,-127,-127,-127,-127,-127,-90,-83,-81,-82,61,28,973139,-1.74089,-3.164166,-129.882349,973139,1142763364,224026381,155449,0.423034,-0.025448,0.018572,-0.905566,973139,0.011591,-0.010652,-0.015616,0.0429844856262207,114.2763364,22.4026381,155.449,-0.0007432999999963,-0.0004910999999978,38.20900000000002,-54.51209999976214,-76.27942469063662,101.242517543365,45.308081564105045,0.0221737647006546,169.117651,IP15,209.9346235852082,57.49188474849644,-21.10110000012,-12.150644131260291,-38.20900000000002,45.308081564105045,0.7550245977588829
1439,IP15_MAC,A	E	TR4c_1	TR4c_2	TR6c_1	TR6c_2	TR8c_1	TR8c_2	TRc0_1	TRc0_2	TR60_1	TR60_2,N	N	-127	-127	-127	-127	-127	-127	-127	-127	-81	-80,"[-127, -127, -127, -127, -127, -127, -127, -127, -81, -80]",-127,-127,-127,-127,-127,-127,-127,-127,-81,-80,61,30,973739,-1.85259,-3.206817,-130.102379,973539,1142763364,224026380,155475,0.421254,-0.026453,0.018547,-0.906367,973539,0.022196,-0.012516,-0.001403,0.0514552593231201,114.2763364,22.402638,155.475,-0.0007432999999963,-0.000491199999999,38.235,-54.52319999989186,-76.27942474551713,101.25830930217636,45.3248439210821,0.0255202092663833,168.897621,IP15,209.947662315658,57.51980197031258,-21.089999999990283,-12.150644076379775,-38.235,45.3248439210821,0.7725091715865865
1441,IP15_MAC,A	E	TR4c_1	TR4c_2	TR6c_1	TR6c_2	TR8c_1	TR8c_2	TRc0_1	TRc0_2	TR60_1	TR60_2,N	N	-127	-127	-127	-127	-127	-127	-127	-127	-82	-80,"[-127, -127, -127, -127, -127, -127, -127, -127, -82, -80]",-127,-127,-127,-127,-127,-127,-127,-127,-82,-80,61,30,973939,-2.00725,-3.44782,-130.21331,973939,1142763364,224026381,155474,0.420273,-0.028542,0.019911,-0.90673,973939,0.020762,-0.010261,0.013315,0.0471136569976806,114.2763364,22.4026381,155.474,-0.0007432999999963,-0.0004910999999978,38.234,-54.51209999976214,-76.27942469063662,101.25195520837396,45.329166438614266,0.0267140036310546,168.78669,IP15,209.9346235852082,57.50886710598679,-21.10110000012,-12.150644131260291,-38.234,45.329166438614266,0.7720405777976289
1443,IP15_MAC,A	E	TR4c_1	TR4c_2	TR6c_1	TR6c_2	TR8c_1	TR8c_2	TRc0_1	TRc0_2	TR60_1	TR60_2,N	N	-127	-127	-127	-127	-127	-127	-127	-127	-83	-80,"[-127, -127, -127, -127, -127, -127, -127, -127, -83, -80]",-127,-127,-127,-127,-127,-127,-127,-127,-83,-80,61,30,974139,-1.659171,-2.948947,-130.106819,974139,1142763364,224026381,155472,0.421328,-0.023975,0.017221,-0.906428,974139,0.017665,-0.020884,0.011175,0.0440375804901123,114.2763364,22.4026381,155.472,-0.0007432999999963,-0.0004910999999978,38.23200000000001,-54.51209999976214,-76.27942469063662,101.251200000388,45.327479502169496,0.0295478308171682,168.893181,IP15,209.9346235852082,57.50750909881663,-21.10110000012,-12.150644131260291,-38.23200000000001,45.327479502169496,0.7726155980070455
1444,IP15_MAC,A	E	TR4c_1	TR4c_2	TR6c_1	TR6c_2	TR8c_1	TR8c_2	TRc0_1	TRc0_2	TR60_1	TR60_2,N	N	-127	-127	-127	-127	-127	-127	-127	-127	-85	-83,"[-127, -127, -127, -127, -127, -127, -127, -127, -85, -83]",-127,-127,-127,-127,-127,-127,-127,-127,-85,-83,61,30,974339,-1.019792,-3.110127,-130.092611,974339,1142763363,224026381,155470,0.42157,-0.019514,0.020847,-0.906346,974339,0.026234,-0.017467,-0.002301,0.0501990318298339,114.2763363,22.4026381,155.47,-0.0007434000000046,-0.0004910999999978,38.23,-54.51209999976214,-76.28968695768927,101.25817637349732,45.32304262760661,0.0316008456532416,168.907389,IP15,209.9136928303096,57.51160955649754,-21.10110000012,-12.14038186420764,-38.23,45.32304262760661,0.7727826405193076
1445,IP15_MAC,A	E	TR4c_1	TR4c_2	TR6c_1	TR6c_2	TR8c_1	TR8c_2	TRc0_1	TRc0_2	TR60_1	TR60_2,N	N	-127	-127	-127	-127	-127	-127	-127	-127	-84	-82,"[-127, -127, -127, -127, -127, -127, -127, -127, -84, -82]",-127,-127,-127,-127,-127,-127,-127,-127,-84,-82,61,30,974539,-1.284217,-3.472657,-130.330237,974339,1142763363,224026381,155470,0.419553,-0.022891,0.022788,-0.907156,974339,0.026234,-0.017467,-0.002301,0.0502903461456298,114.2763363,22.4026381,155.47,-0.0007434000000046,-0.0004910999999978,38.23,-54.51209999976214,-76.28968695768927,101.25817637349732,45.32304262760661,0.0316008456532416,168.669763,IP15,209.9136928303096,57.51160955649754,-21.10110000012,-12.14038186420764,-38.23,45.32304262760661,0.7715137869753852
1446,IP15_MAC,A	E	TR4c_1	TR4c_2	TR6c_1	TR6c_2	TR8c_1	TR8c_2	TRc0_1	TRc0_2	TR60_1	TR60_2,N	N	-127	-127	-127	-127	-127	-127	-127	-127	-86	-88,"[-127, -127, -127, -127, -127, -127, -127, -127, -86, -88]",-127,-127,-127,-127,-127,-127,-127,-127,-86,-88,359,30,974539,-1.284217,-3.472657,-130.330237,974539,1142763363,224026382,155476,0.419553,-0.022891,0.022788,-0.907156,974539,0.049431,0.010037,-0.001306,0.0476894378662109,114.2763363,22.4026382,155.476,-0.0007434000000046,-0.0004910000000002,38.236,-54.50100000002678,-76.28968690280138,101.25446669026697,45.33327208547156,0.0504566226178486,230.669763,IP15,209.9006699286103,57.5054250255619,-21.112199999855363,-12.140381919095532,-38.236,45.33327208547156,0.8567340752730301
1447,IP15_MAC,A	E	TR4c_1	TR4c_2	TR6c_1	TR6c_2	TR8c_1	TR8c_2	TRc0_1	TRc0_2	TR60_1	TR60_2,N	N	-127	-127	-127	-127	-127	-127	-127	-127	-86	-85,"[-127, -127, -127, -127, -127, -127, -127, -127, -86, -85]",-127,-127,-127,-127,-127,-127,-127,-127,-86,-85,61,30,974739,-1.686604,-3.160472,-130.477439,974539,1142763363,224026382,155476,0.418341,-0.024908,0.018873,-0.907752,974539,0.049431,0.010037,-0.001306,0.0482497215270996,114.2763363,22.4026382,155.476,-0.0007434000000046,-0.0004910000000002,38.236,-54.50100000002678,-76.28968690280138,101.25446669026697,45.33327208547156,0.0504566226178486,168.522561,IP15,209.9006699286103,57.5054250255619,-21.112199999855363,-12.140381919095532,-38.236,45.33327208547156,0.7708248231634663
1448,IP15_MAC,A	E	TR4c_1	TR4c_2	TR6c_1	TR6c_2	TR8c_1	TR8c_2	TRc0_1	TRc0_2	TR60_1	TR60_2,N	N	-127	-127	-127	-127	-127	-127	-127	-127	-84	-87,"[-127, -127, -127, -127, -127, -127, -127, -127, -84, -87]",-127,-127,-127,-127,-127,-127,-127,-127,-84,-87,359,30,974739,-1.686604,-3.160472,-130.477439,974739,1142763364,224026384,155478,0.418341,-0.024908,0.018873,-0.907752,974739,0.068482,0.043481,0.002091,0.0473101139068603,114.2763364,22.4026384,155.478,-0.0007432999999963,-0.0004907999999979,38.238000000000014,-54.47879999976735,-76.27942452599508,101.23554168093156,45.34805027970205,0.0811464969422587,230.522561,IP15,209.89556913789932,57.480822118505294,-21.134400000114795,-12.150644295901827,-38.238000000000014,45.34805027970205,0.8573200286512779
1449,IP15_MAC,A	E	TR4c_1	TR4c_2	TR6c_1	TR6c_2	TR8c_1	TR8c_2	TRc0_1	TRc0_2	TR60_1	TR60_2,N	N	-127	-127	-127	-127	-127	-127	-87	-83	-127	-127,"[-127, -127, -127, -127, -127, -127, -87, -83, -127, -127]",-127,-127,-127,-127,-127,-127,-87,-83,-127,-127,91,60,974939,-2.382516,-3.173783,-130.511456,974939,1142763365,224026385,155486,0.417871,-0.030462,0.016442,-0.907846,974939,0.077839,0.051138,0.003084,0.0493230819702148,114.2763365,22.4026385,155.486,-0.0007432000000022,-0.0004907000000002,38.246,-54.46770000003198,-76.26916220554979,101.22485842336332,45.36271967128049,0.0931853852328786,138.488544,IP15,209.90347139944825,57.470557571916736,-21.14549999985016,-12.16090661634712,-38.246,45.36271967128049,0.8158502799592314
1450,IP15_MAC,A	E	TR4c_1	TR4c_2	TR6c_1	TR6c_2	TR8c_1	TR8c_2	TRc0_1	TRc0_2	TR60_1	TR60_2,N	N	-127	-127	-127	-127	-127	-127	-87	-83	-84	-89,"[-127, -127, -127, -127, -127, -127, -87, -83, -84, -89]",-127,-127,-127,-127,-127,-127,-87,-83,-84,-89,91,60,975139,-2.810451,-3.018278,-130.58606,974939,1142763365,224026385,155486,0.417197,-0.033274,0.013668,-0.908104,974939,0.077839,0.051138,0.003084,0.0506651401519775,114.2763365,22.4026385,155.486,-0.0007432000000022,-0.0004907000000002,38.246,-54.46770000003198,-76.26916220554979,101.22485842336332,45.36271967128049,0.0931853852328786,138.41394,IP15,209.90347139944825,57.470557571916736,-21.14549999985016,-12.16090661634712,-38.246,45.36271967128049,0.8155183768298834
1451,IP15_MAC,A	E	TR4c_1	TR4c_2	TR6c_1	TR6c_2	TR8c_1	TR8c_2	TRc0_1	TRc0_2	TR60_1	TR60_2,N	N	-127	-127	-127	-127	-127	-127	-89	-83	-84	-85,"[-127, -127, -127, -127, -127, -127, -89, -83, -84, -85]",-127,-127,-127,-127,-127,-127,-89,-83,-84,-85,90,60,975139,-2.810451,-3.018278,-130.58606,975139,1142763367,224026387,155486,0.417197,-0.033274,0.013668,-0.908104,975139,0.078467,0.055856,0.004267,0.0482895374298095,114.2763367,22.4026387,155.486,-0.0007429999999999,-0.0004904999999979,38.246,-54.44549999977255,-76.24863756324517,101.19744915992872,45.37857761988466,0.0964114625654024,139.41394,IP15,209.9192473112433,57.43917759226503,-21.16770000010959,-12.181431258651742,-38.246,45.37857761988466,0.8197070789704893
1452,IP15_MAC,A	E	TR4c_1	TR4c_2	TR6c_1	TR6c_2	TR8c_1	TR8c_2	TRc0_1	TRc0_2	TR60_1	TR60_2,N	N	-127	-127	-127	-127	-127	-127	-90	-83	-87	-91,"[-127, -127, -127, -127, -127, -127, -90, -83, -87, -91]",-127,-127,-127,-127,-127,-127,-90,-83,-87,-91,91,60,975339,-3.442372,-3.282994,-130.497781,975139,1142763367,224026387,155486,0.417612,-0.039251,0.013428,-0.907678,975139,0.078467,0.055856,0.004267,0.0519716739654541,114.2763367,22.4026387,155.486,-0.0007429999999999,-0.0004904999999979,38.246,-54.44549999977255,-76.24863756324517,101.19744915992872,45.37857761988466,0.0964114625654024,138.502219,IP15,209.9192473112433,57.43917759226503,-21.16770000010959,-12.181431258651742,-38.246,45.37857761988466,0.8156593381691754
1455,IP15_MAC,A	E	TR4c_1	TR4c_2	TR6c_1	TR6c_2	TR8c_1	TR8c_2	TRc0_1	TRc0_2	TR60_1	TR60_2,N	N	-127	-127	-127	-127	-127	-127	-127	-127	-87	-85,"[-127, -127, -127, -127, -127, -127, -127, -127, -87, -85]",-127,-127,-127,-127,-127,-127,-127,-127,-87,-85,61,30,975939,-4.068251,-2.870898,-130.125754,975739,1142763372,224026390,155503,0.420495,-0.042728,0.007736,-0.906255,975739,0.041794,0.019248,-0.004319,0.0470993518829345,114.2763372,22.402639,155.503,-0.0007425000000012,-0.0004901999999979,38.26299999999999,-54.41219999977776,-76.1973260681141,101.147304352347,45.42223646282349,0.0462155569153937,168.874246,IP15,209.9844710725413,57.39280838166368,-21.201000000104383,-12.232742753782816,-38.26299999999999,45.42223646282349,0.7728111635002388
1457,IP15_MAC,A	E	TR4c_1	TR4c_2	TR6c_1	TR6c_2	TR8c_1	TR8c_2	TRc0_1	TRc0_2	TR60_1	TR60_2,N	N	-127	-127	-127	-127	-127	-127	-127	-127	-86	-82,"[-127, -127, -127, -127, -127, -127, -127, -127, -86, -82]",-127,-127,-127,-127,-127,-127,-127,-127,-86,-82,61,30,976139,-4.628239,-2.704095,-130.076996,976139,1142763375,224026392,155504,0.42076,-0.046543,0.004335,-0.905967,976139,0.000438,-0.052085,0.021127,0.0507519245147705,114.2763375,22.4026392,155.504,-0.0007422000000048,-0.0004899999999992,38.264,-54.38999999991268,-76.16653916047359,101.1125485964747,45.4417437384979,0.0562084441876841,168.923004,IP15,210.02086970235536,57.35671690649957,-21.223199999969463,-12.26352966142332,-38.264,45.4417437384979,0.773053772894496
1458,IP15_MAC,A	E	TR4c_1	TR4c_2	TR6c_1	TR6c_2	TR8c_1	TR8c_2	TRc0_1	TRc0_2	TR60_1	TR60_2,N	N	-127	-127	-127	-127	-127	-127	-127	-127	-85	-83,"[-127, -127, -127, -127, -127, -127, -127, -127, -85, -83]",-127,-127,-127,-127,-127,-127,-127,-127,-85,-83,61,30,976339,-3.377221,-3.648553,-130.233911,976139,1142763375,224026392,155504,0.419597,-0.040106,0.016469,-0.906675,976139,0.000438,-0.052085,0.021127,0.0470619201660156,114.2763375,22.4026392,155.504,-0.0007422000000048,-0.0004899999999992,38.264,-54.38999999991268,-76.16653916047359,101.1125485964747,45.4417437384979,0.0562084441876841,168.766089,IP15,210.02086970235536,57.35671690649957,-21.223199999969463,-12.26352966142332,-38.264,45.4417437384979,0.772211477228683
1459,IP15_MAC,A	E	TR4c_1	TR4c_2	TR6c_1	TR6c_2	TR8c_1	TR8c_2	TRc0_1	TRc0_2	TR60_1	TR60_2,N	N	-127	-127	-127	-127	-127	-127	-127	-127	-82	-83,"[-127, -127, -127, -127, -127, -127, -127, -127, -82, -83]",-127,-127,-127,-127,-127,-127,-127,-127,-82,-83,359,30,976539,-3.013428,-4.083632,-130.716827,976339,1142763375,224026392,155515,0.415757,-0.038733,0.021412,-0.908398,976339,-0.034729,-0.095019,-0.005437,0.0501737594604492,114.2763375,22.4026392,155.515,-0.0007422000000048,-0.0004899999999992,38.27499999999999,-54.38999999991268,-76.16653916047359,101.1167118367407,45.45100662246451,0.1013127571976994,230.28317300000003,IP15,210.02086970235536,57.36419667968545,-21.223199999969463,-12.26352966142332,-38.27499999999999,45.45100662246451,0.859200634223548
1460,IP15_MAC,A	E	TR4c_1	TR4c_2	TR6c_1	TR6c_2	TR8c_1	TR8c_2	TRc0_1	TRc0_2	TR60_1	TR60_2,N	N	-127	-127	-127	-127	-127	-127	-127	-127	-85	-84,"[-127, -127, -127, -127, -127, -127, -127, -127, -85, -84]",-127,-127,-127,-127,-127,-127,-127,-127,-85,-84,61,30,976539,-3.013428,-4.083632,-130.716827,976539,1142763374,224026392,155508,0.415757,-0.038733,0.021412,-0.908398,976539,-0.055364,-0.089228,-0.012979,0.0506544113159179,114.2763374,22.4026392,155.508,-0.0007422999999988,-0.0004899999999992,38.268000000000015,-54.38999999991268,-76.17680142598667,101.1217929008614,45.44234373482933,0.1058076694809974,168.283173,IP15,210.0000954932707,57.36488673570769,-21.223199999969463,-12.253267395910242,-38.268000000000015,45.44234373482933,0.7696763251645087
1461,IP15_MAC,A	E	TR4c_1	TR4c_2	TR6c_1	TR6c_2	TR8c_1	TR8c_2	TRc0_1	TRc0_2	TR60_1	TR60_2,N	N	-127	-127	-127	-127	-127	-127	-127	-127	-86	-89,"[-127, -127, -127, -127, -127, -127, -127, -127, -86, -89]",-127,-127,-127,-127,-127,-127,-127,-127,-86,-89,359,30,976739,-4.321826,-3.192459,-130.50427,976739,1142763372,224026392,155514,0.417288,-0.04588,0.009496,-0.907566,976739,-0.09368,-0.124096,0.003776,0.048037052154541,114.2763372,22.4026392,155.514,-0.0007425000000012,-0.0004899999999992,38.274000000000015,-54.38999999991268,-76.1973259584712,101.13952570193322,45.44186717336115,0.1555314045201161,230.49573,IP15,209.9585209685446,57.37985615233469,-21.223199999969463,-12.232742863425711,-38.274000000000015,45.44186717336115,0.8583065441815035
1462,IP15_MAC,A	E	TR4c_1	TR4c_2	TR6c_1	TR6c_2	TR8c_1	TR8c_2	TRc0_1	TRc0_2	TR60_1	TR60_2,N	N	-127	-127	-127	-127	-127	-127	-127	-127	-85	-87,"[-127, -127, -127, -127, -127, -127, -127, -127, -85, -87]",-127,-127,-127,-127,-127,-127,-127,-127,-85,-87,359,30,976939,-4.18783,-3.212487,-130.353489,976939,1142763371,224026390,155520,0.418522,-0.044906,0.010086,-0.90704,976939,-0.149091,-0.198573,-0.005498,0.0464472770690918,114.2763371,22.402639,155.52,-0.0007425999999952,-0.0004901999999979,38.280000000000015,-54.41219999977776,-76.20758833364195,101.16146711295588,45.4337961245833,0.2483738927786091,230.64651100000003,IP15,209.9636598467753,57.40980765194416,-21.201000000104383,-12.22248048825496,-38.280000000000015,45.4337961245833,0.8576728732591391
1463,IP15_MAC,A	E	TR4c_1	TR4c_2	TR6c_1	TR6c_2	TR8c_1	TR8c_2	TRc0_1	TRc0_2	TR60_1	TR60_2,N	N	-127	-127	-127	-127	-127	-127	-127	-127	-84	-86,"[-127, -127, -127, -127, -127, -127, -127, -127, -84, -86]",-127,-127,-127,-127,-127,-127,-127,-127,-84,-86,359,30,977139,-3.12831,-3.186037,-130.372287,976939,1142763371,224026390,155520,0.418741,-0.036428,0.013769,-0.907271,976939,-0.149091,-0.198573,-0.005498,0.0500025749206543,114.2763371,22.402639,155.52,-0.0007425999999952,-0.0004901999999979,38.280000000000015,-54.41219999977776,-76.20758833364195,101.16146711295588,45.4337961245833,0.2483738927786091,230.627713,IP15,209.9636598467753,57.40980765194416,-21.201000000104383,-12.22248048825496,-38.280000000000015,45.4337961245833,0.857726903016287
1464,IP15_MAC,A	E	TR4c_1	TR4c_2	TR6c_1	TR6c_2	TR8c_1	TR8c_2	TRc0_1	TRc0_2	TR60_1	TR60_2,N	N	-127	-127	-83	-84	-127	-127	-127	-127	-127	-127,"[-127, -127, -83, -84, -127, -127, -127, -127, -127, -127]",-127,-127,-83,-84,-127,-127,-127,-127,-127,-127,239,30,977139,-3.12831,-3.186037,-130.372287,977139,1142763368,224026388,155505,0.418741,-0.036428,0.013769,-0.907271,977139,-0.188442,-0.258098,-0.015189,0.0489585399627685,114.2763368,22.4026388,155.505,-0.0007429000000058,-0.0004904000000003,38.265,-54.43440000003719,-76.23837524284419,101.19092838803668,45.402524013087074,0.3199307279537243,350.627713,IP15,209.9271209933632,57.4364049557618,-21.178799999844955,-12.191693579052725,-38.265,45.402524013087074,0.0606875535091452
1465,IP15_MAC,A	E	TR4c_1	TR4c_2	TR6c_1	TR6c_2	TR8c_1	TR8c_2	TRc0_1	TRc0_2	TR60_1	TR60_2,N	N	-127	-127	-83	-84	-127	-127	-127	-127	-83	-81,"[-127, -127, -83, -84, -127, -127, -127, -127, -83, -81]",-127,-127,-83,-84,-127,-127,-127,-127,-83,-81,61,30,977339,-2.530554,-3.266725,-130.60617,977139,1142763368,224026388,155505,0.417051,-0.031959,0.016664,-0.908168,977139,-0.188442,-0.258098,-0.015189,0.0496144294738769,114.2763368,22.4026388,155.505,-0.0007429000000058,-0.0004904000000003,38.265,-54.43440000003719,-76.23837524284419,101.19092838803668,45.402524013087074,0.3199307279537243,168.39383,IP15,209.9271209933632,57.4364049557618,-21.178799999844955,-12.191693579052725,-38.265,45.402524013087074,0.7703251345479658
1466,IP15_MAC,A	E	TR4c_1	TR4c_2	TR6c_1	TR6c_2	TR8c_1	TR8c_2	TRc0_1	TRc0_2	TR60_1	TR60_2,N	N	-127	-127	-127	-127	-127	-127	-92	-83	-81	-85,"[-127, -127, -127, -127, -127, -127, -92, -83, -81, -85]",-127,-127,-127,-127,-127,-127,-92,-83,-81,-85,90,59,977539,-2.340678,-3.051485,-130.576443,977339,1142763364,224026384,155493,0.417401,-0.029676,0.015643,-0.908103,977339,-0.20103,-0.291434,-0.004408,0.0464773178100585,114.2763364,22.4026384,155.493,-0.0007432999999963,-0.0004907999999979,38.253,-54.47879999976735,-76.27942452599508,101.24120833154664,45.36069916977012,0.3540709924859702,139.423557,IP15,209.89556913789932,57.49100753452225,-21.134400000114795,-12.150644295901827,-38.253,45.36069916977012,0.8153797674490633
1467,IP15_MAC,A	E	TR4c_1	TR4c_2	TR6c_1	TR6c_2	TR8c_1	TR8c_2	TRc0_1	TRc0_2	TR60_1	TR60_2,N	N	-127	-127	-127	-127	-127	-127	-127	-127	-82	-84,"[-127, -127, -127, -127, -127, -127, -127, -127, -82, -84]",-127,-127,-127,-127,-127,-127,-127,-127,-82,-84,359,30,977539,-2.340678,-3.051485,-130.576443,977739,1142763353,224026377,155509,0.416648,-0.039517,0.016685,-0.908055,977739,-0.182326,-0.282154,-0.007852,0.0541455745697021,114.2763353,22.4026377,155.509,-0.000744400000002,-0.0004914999999989,38.26899999999999,-54.556499999886654,-76.39230983931263,101.374124192632,45.30793106303352,0.3360287248078652,230.423557,IP15,209.7558726150371,57.633643086947615,-21.056699999995487,-12.03775898258428,-38.26899999999999,45.30793106303352,0.8560949409317719
1468,IP15_MAC,A	E	TR4c_1	TR4c_2	TR6c_1	TR6c_2	TR8c_1	TR8c_2	TRc0_1	TRc0_2	TR60_1	TR60_2,N	N	-127	-127	-91	-84	-127	-127	-127	-127	-81	-87,"[-127, -127, -91, -84, -127, -127, -127, -127, -81, -87]",-127,-127,-91,-84,-127,-127,-127,-127,-81,-87,0,30,977939,-3.317464,-3.631731,-130.609695,977939,1142763348,224026374,155509,0.416648,-0.039517,0.016685,-0.908055,977939,-0.195083,-0.285738,0.01321,0.0576872825622558,114.2763348,22.4026374,155.509,-0.0007449000000008,-0.0004917999999989,38.26899999999999,-54.58979999988145,-76.44362133534447,101.43071461785424,45.27885413642783,0.346234148565678,229.390305,IP15,209.68953601963744,57.69174278662797,-21.02340000000069,-11.986447486552436,-38.26899999999999,45.27885413642783,0.8583670898236242
1469,IP15_MAC,A	E	TR4c_1	TR4c_2	TR6c_1	TR6c_2	TR8c_1	TR8c_2	TRc0_1	TRc0_2	TR60_1	TR60_2,N	N	-127	-127	-127	-127	-127	-127	-127	-127	-86	-86,"[-127, -127, -127, -127, -127, -127, -127, -127, -86, -86]",-127,-127,-127,-127,-127,-127,-127,-127,-86,-86,1,30,978139,-3.299987,-3.456661,-130.569148,978139,1142763343,224026370,155524,0.417036,-0.038748,0.015348,-0.907934,978139,-0.234776,-0.295994,0.020015,0.0503594875335693,114.2763343,22.402637,155.524,-0.0007453999999995,-0.0004922,38.284000000000006,-54.63420000000596,-76.49493288663336,101.49894197956546,45.25738135142184,0.3783289817566188,228.430852,IP15,209.63592501510632,57.77034621450634,-20.97899999987618,-11.935135935263546,-38.284000000000006,45.25738135142184,0.8601946497432408
1470,IP15_MAC,A	E	TR4c_1	TR4c_2	TR6c_1	TR6c_2	TR8c_1	TR8c_2	TRc0_1	TRc0_2	TR60_1	TR60_2,N	N	-127	-127	-127	-127	-127	-127	-127	-127	-87	-87,"[-127, -127, -127, -127, -127, -127, -127, -127, -87, -87]",-127,-127,-127,-127,-127,-127,-127,-127,-87,-87,1,30,978339,-2.549536,-3.326683,-130.444433,978139,1142763343,224026370,155524,0.41831,-0.032352,0.017024,-0.907568,978139,-0.234776,-0.295994,0.020015,0.0489892959594726,114.2763343,22.402637,155.524,-0.0007453999999995,-0.0004922,38.284000000000006,-54.63420000000596,-76.49493288663336,101.49894197956546,45.25738135142184,0.3783289817566188,228.555567,IP15,209.63592501510632,57.77034621450634,-20.97899999987618,-11.935135935263546,-38.284000000000006,45.25738135142184,0.8598697142226553
1471,IP15_MAC,A	E	TR4c_1	TR4c_2	TR6c_1	TR6c_2	TR8c_1	TR8c_2	TRc0_1	TRc0_2	TR60_1	TR60_2,N	N	-127	-127	-127	-127	-127	-127	-127	-127	-82	-93,"[-127, -127, -127, -127, -127, -127, -127, -127, -82, -93]",-127,-127,-127,-127,-127,-127,-127,-127,-82,-93,359,30,978339,-2.549536,-3.326683,-130.444433,978339,1142763338,224026366,155511,0.41831,-0.032352,0.017024,-0.907568,978339,-0.252837,-0.29366,-0.004372,0.0504534244537353,114.2763338,22.4026366,155.511,-0.0007458999999983,-0.0004925999999976,38.271,-54.67859999973612,-76.54624443821758,101.55661611400066,45.21230142503526,0.3875330418854629,230.555567,IP15,209.58202910189297,57.83011881109982,-20.93460000014602,-11.883824383679324,-38.271,45.21230142503526,0.8537859524373108
1472,IP15_MAC,A	E	TR4c_1	TR4c_2	TR6c_1	TR6c_2	TR8c_1	TR8c_2	TRc0_1	TRc0_2	TR60_1	TR60_2,N	N	-127	-127	-127	-127	-127	-127	-127	-127	-82	-87,"[-127, -127, -127, -127, -127, -127, -127, -127, -82, -87]",-127,-127,-127,-127,-127,-127,-127,-127,-82,-87,359,30,978539,-3.179371,-3.284039,-130.488764,978339,1142763338,224026366,155511,0.41777,-0.037175,0.014395,-0.907678,978339,-0.252837,-0.29366,-0.004372,0.0483152866363525,114.2763338,22.4026366,155.511,-0.0007458999999983,-0.0004925999999976,38.271,-54.67859999973612,-76.54624443821758,101.55661611400066,45.21230142503526,0.3875330418854629,230.511236,IP15,209.58202910189297,57.83011881109982,-20.93460000014602,-11.883824383679324,-38.271,45.21230142503526,0.8539135219486591
1473,IP15_MAC,A	E	TR4c_1	TR4c_2	TR6c_1	TR6c_2	TR8c_1	TR8c_2	TRc0_1	TRc0_2	TR60_1	TR60_2,N	N	-127	-127	-85	-88	-127	-127	-127	-127	-78	-89,"[-127, -127, -85, -88, -127, -127, -127, -127, -78, -89]",-127,-127,-85,-88,-127,-127,-127,-127,-78,-89,0,30,978739,-3.259844,-3.267978,-130.36185,978539,1142763334,224026360,155510,0.418754,-0.037769,0.013932,-0.907207,978539,-0.262467,-0.286675,-0.006395,0.0445890426635742,114.2763334,22.402636,155.51,-0.0007463000000029,-0.0004931999999975,38.27,-54.74519999972571,-76.58729383456658,101.62304561423166,45.16987539729399,0.3887317555062874,229.63815,IP15,209.57529467466168,57.91338968984497,-20.868000000156428,-11.84277498733033,-38.27,45.16987539729399,0.8557399882678353
1474,IP15_MAC,A	E	TR4c_1	TR4c_2	TR6c_1	TR6c_2	TR8c_1	TR8c_2	TRc0_1	TRc0_2	TR60_1	TR60_2,N	N	-127	-127	-127	-127	-127	-127	-90	-83	-127	-127,"[-127, -127, -127, -127, -127, -127, -90, -83, -127, -127]",-127,-127,-127,-127,-127,-127,-90,-83,-127,-127,91,60,978939,-0.207726,-2.82444,-130.33868,978739,1142763329,224026355,155508,0.419845,-0.011995,0.021603,-0.907259,978739,-0.294736,-0.313376,-0.003732,0.0491375923156738,114.2763329,22.4026355,155.508,-0.0007468000000017,-0.0004936999999998,38.268000000000015,-54.80069999997994,-76.63860544192468,101.69086679034066,45.12913237463309,0.4302182642519956,138.66132,IP15,209.53401714336704,57.99119690768152,-20.8124999999022,-11.791463379972228,-38.268000000000015,45.12913237463309,0.821200855236167
1475,IP15_MAC,A	E	TR4c_1	TR4c_2	TR6c_1	TR6c_2	TR8c_1	TR8c_2	TRc0_1	TRc0_2	TR60_1	TR60_2,N	N	-127	-127	-127	-127	-127	-127	-90	-83	-84	-83,"[-127, -127, -127, -127, -127, -127, -90, -83, -84, -83]",-127,-127,-127,-127,-127,-127,-90,-83,-84,-83,63,29,979139,2.76296,-3.082415,-130.455854,978939,1142763324,224026350,155503,0.419401,0.010613,0.034511,-0.907083,978939,-0.306131,-0.31647,0.005577,0.0488967895507812,114.2763324,22.402635,155.503,-0.0007473000000004,-0.0004941999999985,38.26299999999999,-54.856199999839816,-76.68991704965195,101.7575708461288,45.08593330116504,0.4403414050370462,166.544146,IP15,209.4924848808668,58.067114744438136,-20.757000000042325,-11.740151772244957,-38.26299999999999,45.08593330116504,0.7500574374199878
1476,IP15_MAC,A	E	TR4c_1	TR4c_2	TR6c_1	TR6c_2	TR8c_1	TR8c_2	TRc0_1	TRc0_2	TR60_1	TR60_2,N	N	-127	-127	-127	-127	-127	-127	-90	-84	-80	-86,"[-127, -127, -127, -127, -127, -127, -90, -84, -80, -86]",-127,-127,-127,-127,-127,-127,-90,-84,-80,-86,1,29,979139,2.76296,-3.082415,-130.455854,978939,1142763324,224026350,155503,0.419401,0.010613,0.034511,-0.907083,978939,-0.306131,-0.31647,0.005577,0.0507168769836425,114.2763324,22.402635,155.503,-0.0007473000000004,-0.0004941999999985,38.26299999999999,-54.856199999839816,-76.68991704965195,101.7575708461288,45.08593330116504,0.4403414050370462,228.544146,IP15,209.4924848808668,58.067114744438136,-20.757000000042325,-11.740151772244957,-38.26299999999999,45.08593330116504,0.8487116573090383
1477,IP15_MAC,A	E	TR4c_1	TR4c_2	TR6c_1	TR6c_2	TR8c_1	TR8c_2	TRc0_1	TRc0_2	TR60_1	TR60_2,N	N	-127	-127	-127	-127	-127	-127	-90	-85	-81	-92,"[-127, -127, -127, -127, -127, -127, -90, -85, -81, -92]",-127,-127,-127,-127,-127,-127,-90,-85,-81,-92,0,30,979339,1.824601,-2.283601,-130.20611,979139,1142763318,224026345,155461,0.421214,0.006049,0.024773,-0.906603,979139,-0.225809,-0.233019,-0.021488,0.0449066162109375,114.2763318,22.4026345,155.461,-0.0007479000000074,-0.0004946999999972,38.22100000000002,-54.91169999969969,-76.75149092506685,101.8181270554396,45.008733874103626,0.3251911637575658,229.79389,IP15,209.42915424629703,58.12375854664605,-20.70150000018245,-11.678577896830063,-38.22100000000002,45.008733874103626,0.8533463021013925
1478,IP15_MAC,A	E	TR4c_1	TR4c_2	TR6c_1	TR6c_2	TR8c_1	TR8c_2	TRc0_1	TRc0_2	TR60_1	TR60_2,N	N	-127	-127	-127	-127	-127	-127	-127	-127	-80	-74,"[-127, -127, -127, -127, -127, -127, -127, -127, -80, -74]",-127,-127,-127,-127,-127,-127,-127,-127,-80,-74,61,30,979539,-0.842435,-3.021014,-129.817567,979539,1142763313,224026338,155463,0.423802,-0.017834,0.020753,-0.905342,979539,-0.059996,-0.09871,-0.001525,0.0510427951812744,114.2763313,22.4026338,155.463,-0.0007484000000061,-0.0004953999999983,38.223,-54.989399999819,-76.80280264408347,101.89947171269402,44.96145209190122,0.1155227671976394,169.182433,IP15,209.41339257959208,58.22561988457476,-20.62380000006314,-11.62726617781344,-38.223,44.96145209190122,0.7732173507872162
1479,IP15_MAC,A	E	TR4c_1	TR4c_2	TR6c_1	TR6c_2	TR8c_1	TR8c_2	TRc0_1	TRc0_2	TR60_1	TR60_2,N	N	-127	-127	-127	-127	-127	-127	-127	-127	-80	-88,"[-127, -127, -127, -127, -127, -127, -127, -127, -80, -88]",-127,-127,-127,-127,-127,-127,-127,-127,-80,-88,359,30,979739,-0.430507,-3.112522,-129.796405,979539,1142763313,224026338,155463,0.424051,-0.014923,0.022997,-0.905223,979539,-0.059996,-0.09871,-0.001525,0.0510187149047851,114.2763313,22.4026338,155.463,-0.0007484000000061,-0.0004953999999983,38.223,-54.989399999819,-76.80280264408347,101.89947171269402,44.96145209190122,0.1155227671976394,231.203595,IP15,209.41339257959208,58.22561988457476,-20.62380000006314,-11.62726617781344,-38.223,44.96145209190122,0.848508554307636
1483,IP15_MAC,A	E	TR4c_1	TR4c_2	TR6c_1	TR6c_2	TR8c_1	TR8c_2	TRc0_1	TRc0_2	TR60_1	TR60_2,N	N	-127	-127	-87	-84	-127	-127	-89	-86	-79	-88,"[-127, -127, -87, -84, -127, -127, -89, -86, -79, -88]",-127,-127,-87,-84,-127,-127,-89,-86,-79,-88,0,30,980539,-1.303514,-2.883286,-129.725339,980539,1142763310,224026335,155490,0.424444,-0.020981,0.017941,-0.905033,980539,0.04529,-0.006976,-0.004492,0.0478382110595703,114.276331,22.4026335,155.49,-0.0007487000000026,-0.0004956999999983,38.250000000000014,-55.0226999998138,-76.8335896091148,101.95077492344716,44.96120016620223,0.046043748109814,230.274661,IP15,209.3880205554256,58.291540707822094,-20.590500000068342,-11.596479212782114,-38.250000000000014,44.96120016620223,0.8506363442624493
1484,IP15_MAC,A	E	TR4c_1	TR4c_2	TR6c_1	TR6c_2	TR8c_1	TR8c_2	TRc0_1	TRc0_2	TR60_1	TR60_2,N	N	-127	-127	-87	-83	-127	-127	-86	-84	-76	-89,"[-127, -127, -87, -83, -127, -127, -86, -84, -76, -89]",-127,-127,-87,-83,-127,-127,-86,-84,-76,-89,0,30,980739,-1.858268,-3.421498,-129.783372,980539,1142763310,224026335,155490,0.423723,-0.027343,0.020148,-0.905155,980539,0.04529,-0.006976,-0.004492,0.0473403930664062,114.276331,22.4026335,155.49,-0.0007487000000026,-0.0004956999999983,38.250000000000014,-55.0226999998138,-76.8335896091148,101.95077492344716,44.96120016620223,0.046043748109814,230.216628,IP15,209.3880205554256,58.291540707822094,-20.590500000068342,-11.596479212782114,-38.250000000000014,44.96120016620223,0.8508004952052143
1486,IP15_MAC,A	E	TR4c_1	TR4c_2	TR6c_1	TR6c_2	TR8c_1	TR8c_2	TRc0_1	TRc0_2	TR60_1	TR60_2,N	N	-127	-127	-87	-84	-127	-127	-87	-84	-77	-87,"[-127, -127, -87, -84, -127, -127, -87, -84, -77, -87]",-127,-127,-87,-84,-127,-127,-87,-84,-77,-87,0,30,981139,-2.415679,-3.112436,-130.080576,980939,1142763311,224026335,155520,0.421288,-0.03056,0.01572,-0.906275,980939,0.017932,0.011281,-0.013549,0.0477514266967773,114.2763311,22.4026335,155.52,-0.0007486000000085,-0.0004956999999983,38.280000000000015,-55.0226999998138,-76.82332734318086,101.95430123024252,44.989371389324425,0.0251474250371683,229.919424,IP15,209.40969551278985,58.30616382540051,-20.590500000068342,-11.606741478716046,-38.280000000000015,44.989371389324425,0.8515856042287819
1487,IP15_MAC,A	E	TR4c_1	TR4c_2	TR6c_1	TR6c_2	TR8c_1	TR8c_2	TRc0_1	TRc0_2	TR60_1	TR60_2,N	N	-127	-127	-87	-85	-127	-127	-89	-85	-77	-88,"[-127, -127, -87, -85, -127, -127, -89, -85, -77, -88]",-127,-127,-87,-85,-127,-127,-89,-85,-77,-88,0,30,981339,-2.635879,-3.505838,-129.89265,981139,1142763311,224026335,155537,0.422595,-0.033776,0.017965,-0.905511,981139,0.007486,-0.007325,-0.011864,0.0489110946655273,114.2763311,22.4026335,155.537,-0.0007486000000085,-0.0004956999999983,38.29700000000001,-55.0226999998138,-76.82332734318086,101.96068530736262,45.003837025375546,0.0158256221678643,230.10735,IP15,209.40969551278985,58.31753474653915,-20.590500000068342,-11.606741478716046,-38.29700000000001,45.003837025375546,0.8509757616512119
1488,IP15_MAC,A	E	TR4c_1	TR4c_2	TR6c_1	TR6c_2	TR8c_1	TR8c_2	TRc0_1	TRc0_2	TR60_1	TR60_2,N	N	-127	-127	-127	-127	-127	-127	-89	-83	-127	-127,"[-127, -127, -127, -127, -127, -127, -89, -83, -127, -127]",-127,-127,-127,-127,-127,-127,-89,-83,-127,-127,91,60,981339,-2.635879,-3.505838,-129.89265,981339,1142763312,224026335,155530,0.422595,-0.033776,0.017965,-0.905511,981339,-0.022511,-0.030738,-0.009132,0.0486087799072265,114.2763312,22.4026335,155.53,-0.0007485000000002,-0.0004956999999983,38.290000000000006,-55.0226999998138,-76.81306507578857,101.950324087797,45.00052851122874,0.0391786062666859,139.10735,IP15,209.4313612330172,58.30739196139624,-20.590500000068342,-11.617003746108338,-38.290000000000006,45.00052851122874,0.8253275907755595
1489,IP15_MAC,A	E	TR4c_1	TR4c_2	TR6c_1	TR6c_2	TR8c_1	TR8c_2	TRc0_1	TRc0_2	TR60_1	TR60_2,N	N	-127	-127	-127	-127	-127	-127	-89	-83	-78	-85,"[-127, -127, -127, -127, -127, -127, -89, -83, -78, -85]",-127,-127,-127,-127,-127,-127,-89,-83,-78,-85,1,29,981539,-2.558971,-2.9086,-130.010192,981339,1142763312,224026335,155530,0.421858,-0.030952,0.013561,-0.906032,981339,-0.022511,-0.030738,-0.009132,0.0489406585693359,114.2763312,22.4026335,155.53,-0.0007485000000002,-0.0004956999999983,38.290000000000006,-55.0226999998138,-76.81306507578857,101.950324087797,45.00052851122874,0.0391786062666859,228.989808,IP15,209.4313612330172,58.30739196139624,-20.590500000068342,-11.617003746108338,-38.290000000000006,45.00052851122874,0.8454936723010272
1490,IP15_MAC,A	E	TR4c_1	TR4c_2	TR6c_1	TR6c_2	TR8c_1	TR8c_2	TRc0_1	TRc0_2	TR60_1	TR60_2,N	N	-127	-127	-127	-127	-127	-127	-91	-84	-78	-84,"[-127, -127, -127, -127, -127, -127, -91, -84, -78, -84]",-127,-127,-127,-127,-127,-127,-91,-84,-78,-84,1,29,981539,-2.558971,-2.9086,-130.010192,981539,1142763312,224026334,155531,0.421858,-0.030952,0.013561,-0.906032,981539,-0.054002,-0.062949,-0.015161,0.0488183498382568,114.2763312,22.4026334,155.531,-0.0007485000000002,-0.0004957999999994,38.29100000000001,-55.03379999994351,-76.81306513105301,101.95669079693188,44.996301627028814,0.0843128016732927,228.989808,IP15,209.44458518275516,58.31853462996275,-20.57939999993863,-11.617003690843902,-38.29100000000001,44.996301627028814,0.845442291850376
1491,IP15_MAC,A	E	TR4c_1	TR4c_2	TR6c_1	TR6c_2	TR8c_1	TR8c_2	TRc0_1	TRc0_2	TR60_1	TR60_2,N	N	-127	-127	-127	-127	-127	-127	-89	-83	-77	-87,"[-127, -127, -127, -127, -127, -127, -89, -83, -77, -87]",-127,-127,-127,-127,-127,-127,-89,-83,-77,-87,0,30,981739,-2.286863,-3.415695,-130.477275,981539,1142763312,224026334,155531,0.418107,-0.030592,0.018699,-0.90769,981539,-0.054002,-0.062949,-0.015161,0.0438950061798095,114.2763312,22.4026334,155.531,-0.0007485000000002,-0.0004957999999994,38.29100000000001,-55.03379999994351,-76.81306513105301,101.95669079693188,44.996301627028814,0.0843128016732927,229.522725,IP15,209.44458518275516,58.31853462996275,-20.57939999993863,-11.617003690843902,-38.29100000000001,44.996301627028814,0.8526815803141394
1506,IP15_MAC,A	E	TR4c_1	TR4c_2	TR6c_1	TR6c_2	TR8c_1	TR8c_2	TRc0_1	TRc0_2	TR60_1	TR60_2,N	N	-93	-91	-88	-87	-88	-91	-91	-84	-81	-81,"[-93, -91, -88, -87, -88, -91, -91, -84, -81, -81]",-93,-91,-88,-87,-88,-91,-91,-84,-81,-81,59,30,983739,-3.061903,-4.076541,-129.946352,983539,1142763279,224026303,155535,0.421839,-0.039233,0.020916,-0.90558,983539,-0.256175,-0.424492,-0.004103,0.0459663867950439,114.2763279,22.4026303,155.535,-0.0007518000000032,-0.0004989000000001,38.295,-55.37790000002119,-77.1517216482842,102.399252862053,44.75684870556584,0.4958184378358675,171.053648,IP15,209.13354767853315,58.82865624322475,-20.23529999986096,-11.278347173612715,-38.295,44.75684870556584,0.7806554045124918
1507,IP15_MAC,A	E	TR4c_1	TR4c_2	TR6c_1	TR6c_2	TR8c_1	TR8c_2	TRc0_1	TRc0_2	TR60_1	TR60_2,N	N	-127	-127	-88	-89	-127	-127	-94	-87	-84	-90,"[-127, -127, -88, -89, -127, -127, -94, -87, -84, -90]",-127,-127,-88,-89,-127,-127,-94,-87,-84,-90,1,29,983739,-3.061903,-4.076541,-129.946352,983539,1142763279,224026303,155535,0.421839,-0.039233,0.020916,-0.90558,983539,-0.256175,-0.424492,-0.004103,0.0414443016052246,114.2763279,22.4026303,155.535,-0.0007518000000032,-0.0004989000000001,38.295,-55.37790000002119,-77.1517216482842,102.399252862053,44.75684870556584,0.4958184378358675,229.053648,IP15,209.13354767853315,58.82865624322475,-20.23529999986096,-11.278347173612715,-38.295,44.75684870556584,0.8404309930448159
1520,IP15_MAC,A	E	TR4c_1	TR4c_2	TR6c_1	TR6c_2	TR8c_1	TR8c_2	TRc0_1	TRc0_2	TR60_1	TR60_2,N	N	-91	-93	-94	-91	-88	-90	-89	-86	-86	-87,"[-91, -93, -94, -91, -88, -90, -89, -86, -86, -87]",-91,-93,-94,-91,-88,-90,-89,-86,-86,-87,61,30,987939,-3.26981,-3.838838,-130.24954,987739,1142763028,224026100,155424,0.419446,-0.039951,0.018375,-0.906715,987739,-0.62019,-0.792794,-0.011035,0.0430846214294433,114.2763028,22.40261,155.424,-0.0007769000000052,-0.0005191999999993,38.18400000000001,-57.63119999993194,-79.72756225447256,105.52657131013474,43.0941272165277,1.006617968129419,168.75046,IP15,205.8249647873771,62.38229941726901,-17.981999999950204,-8.70250656742435,-38.18400000000001,43.0941272165277,0.7633385393786906
1526,IP15_MAC,A	E	TR4c_1	TR4c_2	TR6c_1	TR6c_2	TR8c_1	TR8c_2	TRc0_1	TRc0_2	TR60_1	TR60_2,N	N	-90	-91	-92	-91	-85	-91	-92	-81	-82	-89,"[-90, -91, -92, -91, -85, -91, -92, -81, -82, -89]",-90,-91,-92,-91,-85,-91,-92,-81,-82,-89,90,59,990939,-5.669516,-3.531309,-129.89392,990739,1142762932,224026030,155334,0.421433,-0.057809,0.006941,-0.904988,990739,-0.175004,-0.195434,-0.023337,0.0424506664276123,114.2762932,22.402603,155.334,-0.0007865000000037,-0.0005261999999994,38.09400000000001,-58.40819999994196,-80.71274407393655,106.66404135967284,42.5055521345556,0.2633732407459042,140.10608,IP15,204.15868036332796,63.66457709895813,-17.204999999940185,-7.717324747960362,-38.09400000000001,42.5055521345556,0.8681761033796207
1543,IP15_MAC,A	E	TR4c_1	TR4c_2	TR6c_1	TR6c_2	TR8c_1	TR8c_2	TRc0_1	TRc0_2	TR60_1	TR60_2,N	N	-91	-92	-89	-86	-88	-90	-89	-84	-84	-88,"[-91, -92, -89, -86, -88, -90, -89, -84, -84, -88]",-91,-92,-89,-86,-88,-90,-89,-84,-84,-88,1,30,993539,-1.896765,-3.633002,-130.416004,993539,1142762752,224025886,155299,0.418657,-0.028309,0.021832,-0.90744,993539,-0.722302,-0.857114,-0.001801,0.0492656230926513,114.2762752,22.4025886,155.299,-0.0008045000000009,-0.0005405999999972,38.05900000000001,-60.00659999969216,-82.55996101022744,108.9285393573848,41.55131297909314,1.1208781520758624,228.583996,IP15,200.61277767530868,66.34125919473179,-15.606600000189983,-5.87010781166947,-38.05900000000001,41.55131297909314,0.76490494015663
1545,IP15_MAC,A	E	TR4c_1	TR4c_2	TR6c_1	TR6c_2	TR8c_1	TR8c_2	TRc0_1	TRc0_2	TR60_1	TR60_2,N	N	-92	-94	-91	-87	-92	-91	-86	-86	-85	-84,"[-92, -94, -91, -87, -92, -91, -86, -86, -85, -84]",-92,-94,-91,-87,-92,-91,-86,-86,-85,-84,1,30,993939,6.728928,-3.637044,-130.891228,993939,1142762720,224025860,155267,0.416402,0.040181,0.053189,-0.906734,993939,-0.548337,-0.604661,-0.030548,0.0457222461700439,114.276272,22.402586,155.267,-0.0008076999999957,-0.0005431999999991,38.027,-60.295199999909954,-82.88835519567306,109.32540097833257,41.369124270574346,0.8168363182388502,228.108772,IP15,199.8890033708377,66.81116821218471,-15.317999999972187,-5.541713626223853,-38.027,41.369124270574346,0.7600824395742934
1549,IP15_MAC,A	E	TR4c_1	TR4c_2	TR6c_1	TR6c_2	TR8c_1	TR8c_2	TRc0_1	TRc0_2	TR60_1	TR60_2,N	N	-94	-91	-91	-90	-91	-88	-90	-84	-85	-87,"[-94, -91, -91, -90, -91, -88, -90, -84, -85, -87]",-94,-91,-91,-90,-91,-88,-90,-84,-85,-87,88,59,994339,0.114807,-2.732549,-130.554311,994339,1142762702,224025843,155269,0.418208,-0.009064,0.022075,-0.908038,994339,-0.235697,-0.194941,-0.010825,0.0452024936676025,114.2762702,22.4025843,155.269,-0.0008095000000025,-0.0005448999999977,38.02900000000001,-60.48389999974901,-83.07307707333722,109.5702657412688,41.27708710759719,0.3060592261556576,141.445689,IP15,199.49806716625375,67.11837716724372,-15.129300000133128,-5.356991748559693,-38.02900000000001,41.27708710759719,0.8956840576229019
1551,IP15_MAC,A	E	TR4c_1	TR4c_2	TR6c_1	TR6c_2	TR8c_1	TR8c_2	TRc0_1	TRc0_2	TR60_1	TR60_2,N	N	-92	-92	-88	-86	-91	-90	-93	-80	-87	-86,"[-92, -92, -88, -86, -91, -90, -93, -80, -87, -86]",-92,-92,-88,-86,-91,-90,-93,-80,-87,-86,90,60,994739,-0.344497,-2.964145,-130.119087,994739,1142762694,224025835,155273,0.421539,-0.013632,0.022182,-0.906437,994739,-0.091038,-0.107283,-0.010945,0.0438566207885742,114.2762694,22.4025835,155.273,-0.0008102999999977,-0.0005456999999999,38.033,-60.57269999999804,-83.15517571286247,109.68292630180322,41.23772819346688,0.14112885090583,139.880913,IP15,199.3264122275928,67.26267535951901,-15.040499999884103,-5.274893109034437,-38.033,41.23772819346688,0.8969654330273591
1552,IP15_MAC,A	E	TR4c_1	TR4c_2	TR6c_1	TR6c_2	TR8c_1	TR8c_2	TRc0_1	TRc0_2	TR60_1	TR60_2,N	N	-91	-92	-91	-85	-90	-91	-91	-79	-86	-86,"[-91, -92, -91, -85, -90, -91, -91, -79, -86, -86]",-91,-92,-91,-85,-90,-91,-91,-79,-86,-86,89,60,994739,-0.344497,-2.964145,-130.119087,994739,1142762694,224025835,155273,0.421539,-0.013632,0.022182,-0.906437,994739,-0.091038,-0.107283,-0.010945,0.0453433990478515,114.2762694,22.4025835,155.273,-0.0008102999999977,-0.0005456999999999,38.033,-60.57269999999804,-83.15517571286247,109.68292630180322,41.23772819346688,0.14112885090583,140.880913,IP15,199.3264122275928,67.26267535951901,-15.040499999884103,-5.274893109034437,-38.033,41.23772819346688,0.8998548901829921
1553,IP15_MAC,A	E	TR4c_1	TR4c_2	TR6c_1	TR6c_2	TR8c_1	TR8c_2	TRc0_1	TRc0_2	TR60_1	TR60_2,N	N	-91	-92	-88	-84	-90	-91	-89	-79	-86	-86,"[-91, -92, -88, -84, -90, -91, -89, -79, -86, -86]",-91,-92,-88,-84,-90,-91,-89,-79,-86,-86,89,60,994939,-1.647353,-3.3842,-130.140781,994939,1142762692,224025833,155283,0.420968,-0.025475,0.020714,-0.906481,994939,-0.056615,-0.052729,-0.006505,0.0471408367156982,114.2762692,22.4025833,155.283,-0.0008105,-0.0005458999999987,38.04299999999999,-60.59489999986312,-83.17570037325603,109.71421461039164,41.23624099847904,0.077639685026409,140.859219,IP15,199.283124256774,67.30359000697351,-15.018300000019025,-5.254368448640875,-38.04299999999999,41.23624099847904,0.8999833127258512
1558,IP15_MAC,A	E	TR4c_1	TR4c_2	TR6c_1	TR6c_2	TR8c_1	TR8c_2	TRc0_1	TRc0_2	TR60_1	TR60_2,N	N	-92	-93	-85	-81	-84	-93	-90	-84	-88	-89,"[-92, -93, -85, -81, -84, -93, -90, -84, -88, -89]",-92,-93,-85,-81,-84,-93,-90,-84,-88,-89,300,29,995539,-2.024488,-3.098607,-130.294663,995539,1142762689,224025828,155283,0.41971,-0.027385,0.017104,-0.907084,995539,-0.026924,0.024628,-0.001988,0.0470917224884033,114.2762689,22.4025828,155.283,-0.0008107999999964,-0.0005463999999975,38.04299999999999,-60.65039999972299,-83.20648748295625,109.7682122856055,41.21214669062134,0.0365430199080481,289.705337,IP15,199.2443262426843,67.38381667599062,-14.962800000159149,-5.223581338940662,-38.04299999999999,41.21214669062134,0.4448223358784912
1560,IP15_MAC,A	E	TR4c_1	TR4c_2	TR6c_1	TR6c_2	TR8c_1	TR8c_2	TRc0_1	TRc0_2	TR60_1	TR60_2,N	N	-90	-92	-86	-83	-84	-92	-89	-85	-87	-90,"[-90, -92, -86, -83, -84, -92, -89, -85, -87, -90]",-90,-92,-86,-83,-84,-92,-89,-85,-87,-90,300,29,996139,-3.481183,-2.87446,-129.864138,996139,1142762688,224025825,155305,0.42275,-0.038125,0.009839,-0.905391,996139,-0.011358,0.005623,0.002562,0.0416553020477294,114.2762688,22.4025825,155.305,-0.0008109000000047,-0.0005466999999974,38.06500000000001,-60.68369999971779,-83.21674993370648,109.80201792401078,41.21908403985794,0.0129300478344049,290.135862,IP15,199.24898779820853,67.44025772572044,-14.929500000164351,-5.213318888190429,-38.06500000000001,41.21908403985794,0.4425183421677929
1561,IP15_MAC,A	E	TR4c_1	TR4c_2	TR6c_1	TR6c_2	TR8c_1	TR8c_2	TRc0_1	TRc0_2	TR60_1	TR60_2,N	N	-91	-96	-91	-88	-85	-90	-92	-90	-86	-90,"[-91, -96, -91, -88, -85, -90, -92, -90, -86, -90]",-91,-96,-91,-88,-85,-90,-92,-90,-86,-90,119,29,996339,-4.814098,-2.989279,-129.738262,996339,1142762687,224025823,155318,0.423252,-0.049074,0.005759,-0.904664,996339,-0.075662,-0.067067,0.018481,0.0467705726623535,114.2762687,22.4025823,155.318,-0.0008109999999987,-0.0005468999999997,38.07800000000002,-60.70589999997722,-83.22701232316373,109.8265721901912,41.2217597176076,0.1027826254480785,111.261738,IP15,199.24038790022837,67.47843483746747,-14.907299999904922,-5.203056498733176,-38.07800000000002,41.2217597176076,0.4596521413332826
1563,IP15_MAC,A	E	TR4c_1	TR4c_2	TR6c_1	TR6c_2	TR8c_1	TR8c_2	TRc0_1	TRc0_2	TR60_1	TR60_2,N	N	-92	-92	-88	-86	-85	-91	-88	-84	-83	-89,"[-92, -92, -88, -86, -85, -91, -88, -84, -83, -89]",-92,-92,-88,-86,-85,-91,-88,-84,-83,-89,0,30,996539,-4.948925,-2.810524,-129.930123,996539,1142762686,224025822,155318,0.421766,-0.049471,0.00393,-0.905346,996539,-0.138703,-0.138897,0.019663,0.0424599647521972,114.2762686,22.4025822,155.318,-0.000811100000007,-0.0005469999999974,38.07800000000002,-60.71699999971258,-83.2372746542226,109.84048463489036,41.21645265804525,0.1972752705916278,230.069877,IP15,199.21848228990683,67.49623328897277,-14.896200000169555,-5.192794167674308,-38.07800000000002,41.21645265804525,0.7464909773026438
1564,IP15_MAC,A	E	TR4c_1	TR4c_2	TR6c_1	TR6c_2	TR8c_1	TR8c_2	TRc0_1	TRc0_2	TR60_1	TR60_2,N	N	-92	-92	-92	-89	-87	-90	-93	-87	-86	-85,"[-92, -92, -92, -89, -87, -90, -93, -87, -86, -85]",-92,-92,-92,-89,-87,-90,-93,-87,-86,-85,61,29,996739,-5.355879,-3.012541,-130.027351,996739,1142762684,224025819,155316,0.420758,-0.053422,0.004067,-0.90559,996739,-0.200651,-0.217556,0.020279,0.0397114753723144,114.2762684,22.4025819,155.316,-0.0008112999999951,-0.0005472999999973,38.07600000000001,-60.75029999970738,-83.25779937336897,109.87375429351,41.19999931630304,0.2966524477869683,168.972649,IP15,199.18782868830544,67.54424491706911,-14.86290000017476,-5.172269448527942,-38.07600000000001,41.19999931630304,0.7367398186057734
1567,IP15_MAC,A	E	TR4c_1	TR4c_2	TR6c_1	TR6c_2	TR8c_1	TR8c_2	TRc0_1	TRc0_2	TR60_1	TR60_2,N	N	-127	-127	-90	-83	-127	-127	-89	-86	-78	-79,"[-127, -127, -90, -83, -127, -127, -89, -86, -78, -79]",-127,-127,-90,-83,-127,-127,-89,-86,-78,-79,59,29,997139,-6.254828,-2.680352,-129.925997,997139,1142762675,224025810,155338,0.421377,-0.059295,-0.001928,-0.904943,997139,-0.342559,-0.366359,0.018713,0.041752815246582,114.2762675,22.402581,155.338,-0.0008121999999985,-0.0005481999999972,38.098,-60.85019999969177,-83.35016034660364,110.00660740976892,41.17291880742702,0.5019121055832385,171.074003,IP15,198.9882020097103,67.71619823405274,-14.763000000190374,-5.079908475293266,-38.098,41.17291880742702,0.7416658935566578
1568,IP15_MAC,A	E	TR4c_1	TR4c_2	TR6c_1	TR6c_2	TR8c_1	TR8c_2	TRc0_1	TRc0_2	TR60_1	TR60_2,N	N	-127	-127	-84	-85	-127	-127	-91	-84	-78	-77,"[-127, -127, -84, -85, -127, -127, -91, -84, -78, -77]",-127,-127,-84,-85,-127,-127,-91,-84,-78,-77,60,29,997139,-6.254828,-2.680352,-129.925997,997139,1142762675,224025810,155338,0.421377,-0.059295,-0.001928,-0.904943,997139,-0.342559,-0.366359,0.018713,0.0443353652954101,114.2762675,22.402581,155.338,-0.0008121999999985,-0.0005481999999972,38.098,-60.85019999969177,-83.35016034660364,110.00660740976892,41.17291880742702,0.5019121055832385,170.074003,IP15,198.9882020097103,67.71619823405274,-14.763000000190374,-5.079908475293266,-38.098,41.17291880742702,0.7389115622726046
1569,IP15_MAC,A	E	TR4c_1	TR4c_2	TR6c_1	TR6c_2	TR8c_1	TR8c_2	TRc0_1	TRc0_2	TR60_1	TR60_2,N	N	-88	-94	-88	-88	-87	-94	-89	-80	-79	-87,"[-88, -94, -88, -88, -87, -94, -89, -80, -79, -87]",-88,-94,-88,-88,-87,-94,-89,-80,-79,-87,1,30,997339,-6.681626,-2.428359,-130.042638,997339,1142762668,224025803,155326,0.420425,-0.06174,-0.005433,-0.905208,997339,-0.40779,-0.469475,0.023594,0.0447807312011718,114.2762668,22.4025803,155.326,-0.0008128999999996,-0.0005488999999982,38.086,-60.92789999981108,-83.42199665978438,110.09987248444956,41.1252017487211,0.6222990732445293,228.957362,IP15,198.83072141468216,67.83463224253046,-14.685300000071068,-5.008072162112526,-38.086,41.1252017487211,0.7456484276754012
1570,IP15_MAC,A	E	TR4c_1	TR4c_2	TR6c_1	TR6c_2	TR8c_1	TR8c_2	TRc0_1	TRc0_2	TR60_1	TR60_2,N	N	-88	-93	-88	-86	-127	-127	-89	-83	-82	-87,"[-88, -93, -88, -86, -127, -127, -89, -83, -82, -87]",-88,-93,-88,-86,-127,-127,-89,-83,-82,-87,1,29,997539,-6.594449,-3.143909,-130.105275,997539,1142762659,224025796,155346,0.419574,-0.063676,0.000576,-0.905485,997539,-0.471094,-0.574115,0.027014,0.0436758995056152,114.2762659,22.4025796,155.346,-0.000813800000003,-0.0005495999999993,38.10600000000001,-61.00559999993038,-83.51435751497417,110.2197730831017,41.10490763171229,0.7431469210438808,228.894725,IP15,198.59898097542845,67.97840364930165,-14.60759999995176,-4.915711306922745,-38.10600000000001,41.10490763171229,0.7325968012898332
1571,IP15_MAC,A	E	TR4c_1	TR4c_2	TR6c_1	TR6c_2	TR8c_1	TR8c_2	TRc0_1	TRc0_2	TR60_1	TR60_2,N	N	-127	-127	-127	-127	-127	-127	-87	-83	-80	-77,"[-127, -127, -127, -127, -127, -127, -87, -83, -80, -77]",-127,-127,-127,-127,-127,-127,-87,-83,-80,-77,60,29,997739,-6.140889,-3.641404,-130.089483,997539,1142762659,224025796,155346,0.419625,-0.06192,0.006171,-0.905562,997539,-0.471094,-0.574115,0.027014,0.0411245822906494,114.2762659,22.4025796,155.346,-0.000813800000003,-0.0005495999999993,38.10600000000001,-61.00559999993038,-83.51435751497417,110.2197730831017,41.10490763171229,0.7431469210438808,169.910517,IP15,198.59898097542845,67.97840364930165,-14.60759999995176,-4.915711306922745,-38.10600000000001,41.10490763171229,0.7371256449014819
1572,IP15_MAC,A	E	TR4c_1	TR4c_2	TR6c_1	TR6c_2	TR8c_1	TR8c_2	TRc0_1	TRc0_2	TR60_1	TR60_2,N	N	-127	-127	-85	-85	-83	-85	-87	-85	-127	-127,"[-127, -127, -85, -85, -83, -85, -87, -85, -127, -127]",-127,-127,-85,-85,-83,-85,-87,-85,-127,-127,120,30,997739,-6.140889,-3.641404,-130.089483,997739,1142762648,224025787,155353,0.419625,-0.06192,0.006171,-0.905562,997739,-0.542515,-0.654785,0.010745,0.0449435710906982,114.2762648,22.4025787,155.353,-0.0008148999999946,-0.0005504999999992,38.113000000000014,-61.10549999991477,-83.62724303135843,110.3630312933886,41.0626504729458,0.8504007152366465,109.910517,IP15,198.31730948637235,68.15087394127562,-14.507699999967372,-4.802825790538478,-38.113000000000014,41.0626504729458,0.4730445769534263
1573,IP15_MAC,A	E	TR4c_1	TR4c_2	TR6c_1	TR6c_2	TR8c_1	TR8c_2	TRc0_1	TRc0_2	TR60_1	TR60_2,N	N	-91	-94	-90	-84	-88	-92	-90	-86	-87	-81,"[-91, -94, -90, -84, -88, -92, -90, -86, -87, -81]",-91,-94,-90,-84,-88,-92,-90,-86,-87,-81,60,30,997939,-5.931319,-3.839452,-130.292177,997939,1142762636,224025778,155358,0.418011,-0.060977,0.008617,-0.906352,997939,-0.611418,-0.722142,0.015697,0.0434277057647705,114.2762636,22.4025778,155.358,-0.0008161000000086,-0.000551399999999,38.11800000000001,-61.20539999989916,-83.75039082216774,110.5133968169176,41.01787428695762,0.94634424745808,169.707823,IP15,197.9938849290156,68.32629763585307,-14.407799999982984,-4.679677999729165,-38.11800000000001,41.01787428695762,0.7463004894565848
1577,IP15_MAC,A	E	TR4c_1	TR4c_2	TR6c_1	TR6c_2	TR8c_1	TR8c_2	TRc0_1	TRc0_2	TR60_1	TR60_2,N	N	-93	-93	-92	-86	-87	-88	-89	-81	-79	-86,"[-93, -93, -92, -86, -87, -88, -89, -81, -79, -86]",-93,-93,-92,-86,-87,-88,-89,-81,-79,-86,1,30,998339,-6.175181,-3.435588,-130.287245,998339,1142762607,224025755,155366,0.418157,-0.061429,0.004524,-0.906284,998339,-0.721071,-0.853737,0.002739,0.0448691844940185,114.2762607,22.4025755,155.366,-0.000819000000007,-0.0005536999999975,38.12600000000002,-61.46069999972781,-84.04799806181532,110.88316147484008,40.90339443616792,1.1175051473398232,228.712755,IP15,197.20421227967043,68.76436052950568,-14.152500000154332,-4.382070760081589,-38.12600000000002,40.90339443616792,0.7334795648266368
1578,IP15_MAC,A	E	TR4c_1	TR4c_2	TR6c_1	TR6c_2	TR8c_1	TR8c_2	TRc0_1	TRc0_2	TR60_1	TR60_2,N	N	-90	-93	-88	-87	-90	-89	-88	-86	-79	-86,"[-90, -93, -88, -87, -90, -89, -88, -86, -79, -86]",-90,-93,-88,-87,-90,-89,-88,-86,-79,-86,0,30,998339,-6.175181,-3.435588,-130.287245,998339,1142762607,224025755,155366,0.418157,-0.061429,0.004524,-0.906284,998339,-0.721071,-0.853737,0.002739,0.0414824485778808,114.2762607,22.4025755,155.366,-0.000819000000007,-0.0005536999999975,38.12600000000002,-61.46069999972781,-84.04799806181532,110.88316147484008,40.90339443616792,1.1175051473398232,229.712755,IP15,197.20421227967043,68.76436052950568,-14.152500000154332,-4.382070760081589,-38.12600000000002,40.90339443616792,0.7305777508970939
1580,IP15_MAC,A	E	TR4c_1	TR4c_2	TR6c_1	TR6c_2	TR8c_1	TR8c_2	TRc0_1	TRc0_2	TR60_1	TR60_2,N	N	-90	-89	-84	-86	-83	-86	-88	-83	-87	-89,"[-90, -89, -84, -86, -83, -86, -88, -83, -87, -89]",-90,-89,-84,-86,-83,-86,-88,-83,-87,-89,120,30,998939,-5.77897,-3.508393,-130.229034,998939,1142762553,224025714,155342,0.41875,-0.058569,0.006526,-0.906187,998939,-0.874842,-1.102634,-0.011185,0.0448305606842041,114.2762553,22.4025714,155.342,-0.000824399999999,-0.0005577999999992,38.10200000000002,-61.91579999991959,-84.60216318117659,111.54754461019962,40.6698172156359,1.4075778369756322,109.770966,IP15,195.61366935936687,69.53105122014192,-13.697399999962556,-3.827905640720317,-38.10200000000002,40.6698172156359,0.4903859072076749
1582,IP15_MAC,A	E	TR4c_1	TR4c_2	TR6c_1	TR6c_2	TR8c_1	TR8c_2	TRc0_1	TRc0_2	TR60_1	TR60_2,N	N	-91	-90	-86	-86	-88	-91	-81	-82	-81	-89,"[-91, -90, -86, -86, -88, -91, -81, -82, -81, -89]",-91,-90,-86,-86,-88,-91,-81,-82,-81,-89,359,30,999339,-3.842546,-3.511285,-130.143322,999339,1142762511,224025682,155316,0.420194,-0.043292,0.013638,-0.906298,999339,-0.929652,-1.157869,-0.0124,0.0454161167144775,114.2762511,22.4025682,155.316,-0.0008286000000055,-0.0005609999999975,38.07600000000001,-62.270999999732624,-85.03318052693183,112.06293324508545,40.4887012255575,1.4849468752332522,230.856678,IP15,194.28388627066525,70.12061015610824,-13.342200000149518,-3.3968882949650805,-38.07600000000001,40.4887012255575,0.7067058246165693
1583,IP15_MAC,A	E	TR4c_1	TR4c_2	TR6c_1	TR6c_2	TR8c_1	TR8c_2	TRc0_1	TRc0_2	TR60_1	TR60_2,N	N	-92	-93	-89	-89	-84	-88	-90	-82	-83	-85,"[-92, -93, -89, -89, -84, -88, -90, -82, -83, -85]",-92,-93,-89,-89,-84,-88,-90,-82,-83,-85,86,30,999339,-3.842546,-3.511285,-130.143322,999339,1142762511,224025682,155316,0.420194,-0.043292,0.013638,-0.906298,999339,-0.929652,-1.157869,-0.0124,0.0428895950317382,114.2762511,22.4025682,155.316,-0.0008286000000055,-0.0005609999999975,38.07600000000001,-62.270999999732624,-85.03318052693183,112.06293324508545,40.4887012255575,1.4849468752332522,143.856678,IP15,194.28388627066525,70.12061015610824,-13.342200000149518,-3.3968882949650805,-38.07600000000001,40.4887012255575,0.6578089004999564
1585,IP15_MAC,A	E	TR4c_1	TR4c_2	TR6c_1	TR6c_2	TR8c_1	TR8c_2	TRc0_1	TRc0_2	TR60_1	TR60_2,N	N	-89	-89	-84	-85	-87	-89	-85	-81	-79	-76,"[-89, -89, -84, -85, -87, -89, -85, -81, -79, -76]",-89,-89,-84,-85,-87,-89,-85,-81,-79,-76,59,30,999739,3.054988,-3.547054,-130.163691,999539,1142762489,224025666,155297,0.421796,0.011125,0.039282,-0.905771,999539,-0.916163,-1.152453,-0.016807,0.0489680767059326,114.2762489,22.4025666,155.297,-0.0008308000000027,-0.0005625999999985,38.057,-62.44859999983632,-85.25895147812516,112.32654048838528,40.39428087451461,1.472339986221593,170.836309,IP15,193.54351521998203,70.41381729117502,-13.164600000045825,-3.171117343771755,-38.057,40.39428087451461,0.7388797076477023
1587,IP15_MAC,A	E	TR4c_1	TR4c_2	TR6c_1	TR6c_2	TR8c_1	TR8c_2	TRc0_1	TRc0_2	TR60_1	TR60_2,N	N	-86	-88	-84	-83	-80	-85	-84	-84	-78	-82,"[-86, -88, -84, -83, -80, -85, -84, -84, -78, -82]",-86,-88,-84,-83,-80,-85,-84,-84,-78,-82,1,29,999739,3.054988,-3.547054,-130.163691,999739,1142762467,224025650,155288,0.421796,0.011125,0.039282,-0.905771,999739,-0.879663,-1.106003,0.009521,0.0451722145080566,114.2762467,22.402565,155.288,-0.000833,-0.0005641999999994,38.048000000000016,-62.62619999994001,-85.48472243451627,112.59364546962132,40.31113417332926,1.4132021366453562,228.836309,IP15,192.77806700884125,70.70995014910507,-12.986999999942128,-2.9453463873806385,-38.048000000000016,40.31113417332926,0.6911689712139744
1588,IP15_MAC,A	E	TR4c_1	TR4c_2	TR6c_1	TR6c_2	TR8c_1	TR8c_2	TRc0_1	TRc0_2	TR60_1	TR60_2,N	N	-86	-88	-83	-84	-80	-85	-85	-84	-78	-82,"[-86, -88, -83, -84, -80, -85, -85, -84, -78, -82]",-86,-88,-83,-84,-80,-85,-85,-84,-78,-82,1,29,999739,3.054988,-3.547054,-130.163691,999739,1142762467,224025650,155288,0.421796,0.011125,0.039282,-0.905771,999739,-0.879663,-1.106003,0.009521,0.0450916290283203,114.2762467,22.402565,155.288,-0.000833,-0.0005641999999994,38.048000000000016,-62.62619999994001,-85.48472243451627,112.59364546962132,40.31113417332926,1.4132021366453562,228.836309,IP15,192.77806700884125,70.70995014910507,-12.986999999942128,-2.9453463873806385,-38.048000000000016,40.31113417332926,0.6911689712139744
1589,IP15_MAC,A	E	TR4c_1	TR4c_2	TR6c_1	TR6c_2	TR8c_1	TR8c_2	TRc0_1	TRc0_2	TR60_1	TR60_2,N	N	-88	-88	-85	-83	-80	-85	-84	-82	-78	-76,"[-88, -88, -85, -83, -80, -85, -84, -82, -78, -76]",-88,-88,-85,-83,-80,-85,-84,-82,-78,-76,60,30,999939,9.676876,-3.917198,-130.451769,999739,1142762467,224025650,155288,0.419998,0.062258,0.066246,-0.90296,999739,-0.879663,-1.106003,0.009521,0.0397508144378662,114.2762467,22.402565,155.288,-0.000833,-0.0005641999999994,38.048000000000016,-62.62619999994001,-85.48472243451627,112.59364546962132,40.31113417332926,1.4132021366453562,169.548231,IP15,192.77806700884125,70.70995014910507,-12.986999999942128,-2.9453463873806385,-38.048000000000016,40.31113417332926,0.7348276295674323
1590,IP15_MAC,A	E	TR4c_1	TR4c_2	TR6c_1	TR6c_2	TR8c_1	TR8c_2	TRc0_1	TRc0_2	TR60_1	TR60_2,N	N	-85	-87	-84	-81	-83	-88	-86	-75	-80	-78,"[-85, -87, -84, -81, -83, -88, -86, -75, -80, -78]",-85,-87,-84,-81,-83,-88,-86,-75,-80,-78,89,59,999939,9.676876,-3.917198,-130.451769,999939,1142762447,224025636,155237,0.419998,0.062258,0.066246,-0.90296,999939,-0.623109,-0.809995,-0.057685,0.0491337776184082,114.2762447,22.4025636,155.237,-0.000834999999995,-0.000565599999998,37.997,-62.78159999978428,-85.6899687291258,112.81875751988882,40.19863326135499,1.0235644997414672,140.548231,IP15,192.0540721443865,70.94947997956963,-12.831600000097865,-2.740100092771115,-37.997,40.19863326135499,0.9148583243323132
1592,IP15_MAC,A	E	TR4c_1	TR4c_2	TR6c_1	TR6c_2	TR8c_1	TR8c_2	TRc0_1	TRc0_2	TR60_1	TR60_2,N	N	-90	-91	-89	-86	-89	-89	-83	-83	-80	-84,"[-90, -91, -89, -86, -89, -89, -83, -83, -80, -84]",-90,-91,-89,-86,-89,-89,-83,-83,-80,-84,0,30,1000339,1.075167,-3.435109,-130.310852,1000139,1142762432,224025624,155244,0.420282,-0.004085,0.031135,-0.90685,1000139,-0.388317,-0.508094,-0.039195,0.043588638305664,114.2762432,22.4025624,155.244,-0.0008365000000054,-0.0005667999999978,38.004000000000005,-62.91479999976346,-85.84390354689704,113.01217567669067,40.15272879136149,0.6406916991424191,229.689148,IP15,191.5114664505108,71.17101464208238,-12.69840000011868,-2.586165274999871,-38.004000000000005,40.15272879136149,0.6929612845237965
1593,IP15_MAC,A	E	TR4c_1	TR4c_2	TR6c_1	TR6c_2	TR8c_1	TR8c_2	TRc0_1	TRc0_2	TR60_1	TR60_2,N	N	-89	-88	-87	-84	-127	-127	-82	-82	-76	-76,"[-89, -88, -87, -84, -127, -127, -82, -82, -76, -76]",-89,-88,-87,-84,-127,-127,-82,-82,-76,-76,59,30,1000339,1.075167,-3.435109,-130.310852,1000339,1142762422,224025617,155278,0.420282,-0.004085,0.031135,-0.90685,1000339,-0.271599,-0.367164,-0.006184,0.0419914722442626,114.2762422,22.4025617,155.278,-0.0008375000000029,-0.0005674999999989,38.038,-62.99249999988277,-85.94652669741352,113.14481849198594,40.15394742704717,0.4567424455346798,170.689148,IP15,191.1326048021236,71.316778272056,-12.620699999999374,-2.4835421244833924,-38.038,40.15394742704717,0.7335982572460209
1594,IP15_MAC,A	E	TR4c_1	TR4c_2	TR6c_1	TR6c_2	TR8c_1	TR8c_2	TRc0_1	TRc0_2	TR60_1	TR60_2,N	N	-93	-89	-90	-85	-86	-93	-79	-85	-127	-127,"[-93, -89, -90, -85, -86, -93, -79, -85, -127, -127]",-93,-89,-90,-85,-86,-93,-79,-85,-127,-127,331,60,1000539,0.109043,-3.401124,-130.112174,1000339,1142762422,224025617,155278,0.421646,-0.011654,0.027306,-0.906274,1000339,-0.271599,-0.367164,-0.006184,0.0452430248260498,114.2762422,22.4025617,155.278,-0.0008375000000029,-0.0005674999999989,38.038,-62.99249999988277,-85.94652669741352,113.14481849198594,40.15394742704717,0.4567424455346798,258.887826,IP15,191.1326048021236,71.316778272056,-12.620699999999374,-2.4835421244833924,-38.038,40.15394742704717,0.8810232434776778
1595,IP15_MAC,A	E	TR4c_1	TR4c_2	TR6c_1	TR6c_2	TR8c_1	TR8c_2	TRc0_1	TRc0_2	TR60_1	TR60_2,N	N	-93	-89	-90	-85	-86	-93	-79	-85	-78	-81,"[-93, -89, -90, -85, -86, -93, -79, -85, -78, -81]",-93,-89,-90,-85,-86,-93,-79,-85,-78,-81,0,30,1000539,0.109043,-3.401124,-130.112174,1000539,1142762416,224025612,155271,0.421646,-0.011654,0.027306,-0.906274,1000539,-0.196141,-0.279001,-0.004376,0.0423645973205566,114.2762416,22.4025612,155.271,-0.0008380999999957,-0.0005679999999976,38.03099999999999,-63.04799999974264,-86.00810063714,113.2201423783593,40.12614038169482,0.3410747707732133,229.887826,IP15,190.910077422561,71.4031864822137,-12.565200000139498,-2.4219681847569063,-38.03099999999999,40.12614038169482,0.6885936738667634
1596,IP15_MAC,A	E	TR4c_1	TR4c_2	TR6c_1	TR6c_2	TR8c_1	TR8c_2	TRc0_1	TRc0_2	TR60_1	TR60_2,N	N	-90	-91	-87	-85	-127	-127	-127	-127	-80	-76,"[-90, -91, -87, -85, -127, -127, -127, -127, -80, -76]",-90,-91,-87,-85,-127,-127,-127,-127,-80,-76,60,30,1000739,-0.0388,-3.559291,-130.058745,1000739,1142762411,224025609,155265,0.422016,-0.013418,0.028007,-0.906056,1000739,-0.133791,-0.196959,-0.003971,0.0440423488616943,114.2762411,22.4025609,155.265,-0.0008386000000086,-0.0005682999999976,38.02499999999999,-63.08129999973744,-86.05941218362551,113.27565254743855,40.10697140785136,0.2381357768228033,169.941255,IP15,190.71204881870565,71.45777193624713,-12.531900000144702,-2.3706566382713987,-38.02499999999999,40.10697140785136,0.7315447474558864
1597,IP15_MAC,A	E	TR4c_1	TR4c_2	TR6c_1	TR6c_2	TR8c_1	TR8c_2	TRc0_1	TRc0_2	TR60_1	TR60_2,N	N	-91	-90	-87	-88	-90	-92	-82	-84	-127	-127,"[-91, -90, -87, -88, -90, -92, -82, -84, -127, -127]",-91,-90,-87,-88,-90,-92,-82,-84,-127,-127,330,60,1000939,-0.975514,-3.432156,-129.960984,1000739,1142762411,224025609,155265,0.422566,-0.020376,0.023534,-0.905797,1000739,-0.133791,-0.196959,-0.003971,0.041581392288208,114.2762411,22.4025609,155.265,-0.0008386000000086,-0.0005682999999976,38.02499999999999,-63.08129999973744,-86.05941218362551,113.27565254743855,40.10697140785136,0.2381357768228033,260.039016,IP15,190.71204881870565,71.45777193624713,-12.531900000144702,-2.3706566382713987,-38.02499999999999,40.10697140785136,0.8772027325091389
1598,IP15_MAC,A	E	TR4c_1	TR4c_2	TR6c_1	TR6c_2	TR8c_1	TR8c_2	TRc0_1	TRc0_2	TR60_1	TR60_2,N	N	-91	-90	-87	-88	-90	-92	-82	-84	-82	-82,"[-91, -90, -87, -88, -90, -92, -82, -84, -82, -82]",-91,-90,-87,-88,-90,-92,-82,-84,-82,-82,1,30,1000939,-0.975514,-3.432156,-129.960984,1000939,1142762409,224025607,155268,0.422566,-0.020376,0.023534,-0.905797,1000939,-0.080593,-0.1196,-0.009656,0.0422043800354003,114.2762409,22.4025607,155.268,-0.0008387999999968,-0.0005684999999999,38.028000000000006,-63.10349999999687,-86.07993685007685,113.3046160770285,40.10167700199208,0.1445428309706157,229.039016,IP15,190.63984417814157,71.49383702860383,-12.509699999885273,-2.350131971820062,-38.028000000000006,40.10167700199208,0.6895706335351489
1599,IP15_MAC,A	E	TR4c_1	TR4c_2	TR6c_1	TR6c_2	TR8c_1	TR8c_2	TRc0_1	TRc0_2	TR60_1	TR60_2,N	N	-87	-86	-83	-82	-127	-127	-80	-81	-127	-127,"[-87, -86, -83, -82, -127, -127, -80, -81, -127, -127]",-87,-86,-83,-82,-127,-127,-80,-81,-127,-127,330,59,1001139,-1.440366,-3.427387,-129.956844,1001139,1142762407,224025605,155270,0.422472,-0.024032,0.021779,-0.905796,1001139,-0.054812,-0.082288,-0.014204,0.0452697277069091,114.2762407,22.4025605,155.27,-0.0008389999999991,-0.0005686999999987,38.030000000000015,-63.12569999986195,-86.1004615180456,113.33324478763072,40.09545643137964,0.0998870557379683,260.043156,IP15,190.56734841560592,71.52943140609445,-12.48750000002019,-2.3296073038513043,-38.030000000000015,40.09545643137964,0.8702205735243647
1600,IP15_MAC,A	E	TR4c_1	TR4c_2	TR6c_1	TR6c_2	TR8c_1	TR8c_2	TRc0_1	TRc0_2	TR60_1	TR60_2,N	N	-87	-86	-83	-82	-127	-127	-80	-81	-78	-71,"[-87, -86, -83, -82, -127, -127, -80, -81, -78, -71]",-87,-86,-83,-82,-127,-127,-80,-81,-78,-71,60,30,1001139,-1.440366,-3.427387,-129.956844,1001139,1142762407,224025605,155270,0.422472,-0.024032,0.021779,-0.905796,1001139,-0.054812,-0.082288,-0.014204,0.0450062751770019,114.2762407,22.4025605,155.27,-0.0008389999999991,-0.0005686999999987,38.030000000000015,-63.12569999986195,-86.1004615180456,113.33324478763072,40.09545643137964,0.0998870557379683,170.043156,IP15,190.56734841560592,71.52943140609445,-12.48750000002019,-2.3296073038513043,-38.030000000000015,40.09545643137964,0.7311992787627684
1601,IP15_MAC,A	E	TR4c_1	TR4c_2	TR6c_1	TR6c_2	TR8c_1	TR8c_2	TRc0_1	TRc0_2	TR60_1	TR60_2,N	N	-89	-90	-85	-85	-85	-91	-82	-81	-83	-86,"[-89, -90, -85, -85, -85, -91, -82, -81, -83, -86]",-89,-90,-85,-85,-85,-91,-82,-81,-83,-86,0,30,1001339,-1.233572,-3.5306,-130.090876,1001339,1142762405,224025605,155257,0.42145,-0.022751,0.023385,-0.906265,1001339,-0.027496,-0.046396,-0.018955,0.0420231819152832,114.2762405,22.4025605,155.257,-0.0008392000000014,-0.0005686999999987,38.01700000000001,-63.12569999986195,-86.12098606215152,113.34447727961812,40.08193868117981,0.0571656440268103,229.909124,IP15,190.47631698106807,71.52862560531597,-12.48750000002019,-2.309082759745394,-38.01700000000001,40.08193868117981,0.6861666510206883
1602,IP15_MAC,A	E	TR4c_1	TR4c_2	TR6c_1	TR6c_2	TR8c_1	TR8c_2	TRc0_1	TRc0_2	TR60_1	TR60_2,N	N	-92	-88	-87	-88	-84	-93	-82	-81	-84	-86,"[-92, -88, -87, -88, -84, -93, -82, -81, -84, -86]",-92,-88,-87,-88,-84,-93,-82,-81,-84,-86,88,60,1001339,-1.233572,-3.5306,-130.090876,1001339,1142762405,224025605,155257,0.42145,-0.022751,0.023385,-0.906265,1001339,-0.027496,-0.046396,-0.018955,0.0435781478881835,114.2762405,22.4025605,155.257,-0.0008392000000014,-0.0005686999999987,38.01700000000001,-63.12569999986195,-86.12098606215152,113.34447727961812,40.08193868117981,0.0571656440268103,141.909124,IP15,190.47631698106807,71.52862560531597,-12.48750000002019,-2.309082759745394,-38.01700000000001,40.08193868117981,0.9262395788002652
1606,IP15_MAC,A	E	TR4c_1	TR4c_2	TR6c_1	TR6c_2	TR8c_1	TR8c_2	TRc0_1	TRc0_2	TR60_1	TR60_2,N	N	-91	-88	-87	-87	-88	-89	-83	-81	-81	-84,"[-91, -88, -87, -87, -88, -89, -83, -81, -81, -84]",-91,-88,-87,-87,-88,-89,-83,-81,-81,-84,1,30,1001939,-1.846707,-3.506576,-130.218924,1001739,1142762404,224025604,155268,0.420263,-0.027487,0.020967,-0.906743,1001739,0.013366,0.000454,0.157075,0.0397844314575195,114.2762404,22.4025604,155.268,-0.0008392999999955,-0.0005687999999999,38.028000000000006,-63.13679999999167,-86.13124839544365,113.36214645284625,40.08832643439168,0.1576433052717431,228.781076,IP15,190.4398569966692,71.55092917255887,-12.476399999890477,-2.298820426453261,-38.028000000000006,40.08832643439168,0.6892591812476477
1607,IP15_MAC,A	E	TR4c_1	TR4c_2	TR6c_1	TR6c_2	TR8c_1	TR8c_2	TRc0_1	TRc0_2	TR60_1	TR60_2,N	N	-94	-87	-85	-86	-90	-89	-82	-80	-80	-83,"[-94, -87, -85, -86, -90, -89, -82, -80, -80, -83]",-94,-87,-85,-86,-90,-89,-82,-80,-80,-83,1,31,1001939,-1.846707,-3.506576,-130.218924,1001939,1142762404,224025604,155305,0.420263,-0.027487,0.020967,-0.906743,1001939,0.021751,-0.000183,0.236627,0.0416388511657714,114.2762404,22.4025604,155.305,-0.0008392999999955,-0.0005687999999999,38.06500000000001,-63.13679999999167,-86.13124839544365,113.37456367896884,40.12342653999465,0.2376246549055884,228.781076,IP15,190.4398569966692,71.56764959882109,-12.476399999890477,-2.298820426453261,-38.06500000000001,40.12342653999465,0.7011871285066482
1610,IP15_MAC,A	E	TR4c_1	TR4c_2	TR6c_1	TR6c_2	TR8c_1	TR8c_2	TRc0_1	TRc0_2	TR60_1	TR60_2,N	N	-91	-94	-86	-90	-88	-91	-82	-81	-81	-80,"[-91, -94, -86, -90, -88, -91, -82, -81, -81, -80]",-91,-94,-86,-90,-88,-91,-82,-81,-81,-80,59,30,1002139,-1.854908,-3.806081,-130.208815,1002139,1142762403,224025604,155354,0.420267,-0.028652,0.023304,-0.906648,1002139,0.033,0.006041,0.386445,0.0455236434936523,114.2762403,22.4025604,155.354,-0.0008394000000038,-0.0005687999999999,38.11400000000002,-63.13679999999167,-86.14151066823317,113.39881996936424,40.16932973525908,0.3878984811854771,170.791185,IP15,190.3942699767971,71.59225909870098,-12.476399999890477,-2.288558153663743,-38.11400000000002,40.16932973525908,0.7320372308065826
1620,IP15_MAC,A	E	TR4c_1	TR4c_2	TR6c_1	TR6c_2	TR8c_1	TR8c_2	TRc0_1	TRc0_2	TR60_1	TR60_2,N	N	-90	-94	-89	-89	-88	-90	-89	-86	-82	-89,"[-90, -94, -89, -89, -88, -90, -89, -86, -82, -89]",-90,-94,-89,-89,-88,-90,-89,-86,-82,-89,0,30,1004339,-5.435608,-3.584093,-129.919658,1004339,1142762410,224025603,155743,0.421303,-0.056157,0.008236,-0.905142,1004339,-0.131394,-0.163842,0.007707,0.0497558116912841,114.276241,22.4025603,155.743,-0.0008387000000027,-0.0005688999999975,38.503,-63.14789999972703,-86.069674826464,113.48183646781882,40.53931638431441,0.2101617996901434,230.080342,IP15,190.7224150293924,71.76285159156754,-12.46530000015511,-2.360393995432915,-38.503,40.53931638431441,0.6844397598743895
1622,IP15_MAC,A	E	TR4c_1	TR4c_2	TR6c_1	TR6c_2	TR8c_1	TR8c_2	TRc0_1	TRc0_2	TR60_1	TR60_2,N	N	-91	-86	-86	-83	-127	-127	-82	-85	-80	-76,"[-91, -86, -86, -83, -127, -127, -82, -85, -80, -76]",-91,-86,-86,-83,-127,-127,-82,-85,-80,-76,59,30,1005339,-5.161362,-3.67801,-130.244389,1005339,1142762382,224025580,155782,0.418807,-0.05431,0.010146,-0.906393,1005339,-0.410501,-0.446059,0.019689,0.039499282836914,114.2762382,22.402558,155.782,-0.000841500000007,-0.0005711999999995,38.542000000000016,-63.40319999995003,-86.3570198704512,113.85511150202774,40.48292721572186,0.6065206997316744,170.755611,IP15,189.63595418152204,72.18618567624817,-12.209999999932108,-2.0730489514457133,-38.542000000000016,40.48292721572186,0.7267118827390509
1623,IP15_MAC,A	E	TR4c_1	TR4c_2	TR6c_1	TR6c_2	TR8c_1	TR8c_2	TRc0_1	TRc0_2	TR60_1	TR60_2,N	N	-88	-87	-85	-82	-127	-127	-81	-83	-81	-80,"[-88, -87, -85, -82, -127, -127, -81, -83, -81, -80]",-88,-87,-85,-82,-127,-127,-81,-83,-81,-80,58,30,1005339,-5.161362,-3.67801,-130.244389,1005339,1142762382,224025580,155782,0.418807,-0.05431,0.010146,-0.906393,1005339,-0.410501,-0.446059,0.019689,0.0414872169494628,114.2762382,22.402558,155.782,-0.000841500000007,-0.0005711999999995,38.542000000000016,-63.40319999995003,-86.3570198704512,113.85511150202774,40.48292721572186,0.6065206997316744,171.755611,IP15,189.63595418152204,72.18618567624817,-12.209999999932108,-2.0730489514457133,-38.542000000000016,40.48292721572186,0.7281699366079425
1624,IP15_MAC,A	E	TR4c_1	TR4c_2	TR6c_1	TR6c_2	TR8c_1	TR8c_2	TRc0_1	TRc0_2	TR60_1	TR60_2,N	N	-87	-89	-89	-84	-127	-127	-83	-80	-77	-77,"[-87, -89, -89, -84, -127, -127, -83, -80, -77, -77]",-87,-89,-89,-84,-127,-127,-83,-80,-77,-77,60,30,1005539,-5.223935,-3.258734,-130.268351,1005539,1142762374,224025572,155786,0.418789,-0.053271,0.006611,-0.906496,1005539,-0.446086,-0.497191,0.025676,0.051849365234375,114.2762374,22.4025572,155.786,-0.0008423000000021,-0.0005719999999982,38.54600000000001,-63.49199999980471,-86.4391185444118,113.96819466285352,40.455920313957705,0.6684690470418208,169.731649,IP15,189.32774586495563,72.3242529203157,-12.121200000077437,-1.990950277485112,-38.54600000000001,40.455920313957705,0.7241160987513158
1625,IP15_MAC,A	E	TR4c_1	TR4c_2	TR6c_1	TR6c_2	TR8c_1	TR8c_2	TRc0_1	TRc0_2	TR60_1	TR60_2,N	N	-87	-93	-90	-88	-88	-90	-92	-80	-127	-127,"[-87, -93, -90, -88, -88, -90, -92, -80, -127, -127]",-87,-93,-90,-88,-88,-90,-92,-80,-127,-127,91,60,1006339,-5.251814,-3.41326,-130.28286,1006339,1142762329,224025536,155842,0.41859,-0.054055,0.007738,-0.906532,1006339,-0.613461,-0.67056,0.010495,0.0425827503204345,114.2762329,22.4025536,155.842,-0.000846800000005,-0.0005755999999976,38.60200000000002,-63.891599999742255,-86.90092304344954,114.56012124788715,40.37138339684466,0.9088978254710482,138.71714,IP15,187.4325683513564,72.97406913445776,-11.721600000139889,-1.529145778447372,-38.60200000000002,40.37138339684466,0.924665635768015
1626,IP15_MAC,A	E	TR4c_1	TR4c_2	TR6c_1	TR6c_2	TR8c_1	TR8c_2	TRc0_1	TRc0_2	TR60_1	TR60_2,N	N	-87	-93	-90	-88	-88	-90	-92	-80	-84	-85,"[-87, -93, -90, -88, -88, -90, -92, -80, -84, -85]",-87,-93,-90,-88,-88,-90,-92,-80,-84,-85,90,59,1006539,-4.614023,-3.478039,-130.249826,1006539,1142762316,224025525,155850,0.419075,-0.049255,0.01058,-0.906553,1006539,-0.635353,-0.721895,0.006282,0.0449156761169433,114.2762316,22.4025525,155.85,-0.0008480999999989,-0.0005766999999998,38.61,-64.01369999998607,-87.03433327337187,114.732127392586,40.33892137835375,0.9616887693833176,139.750174,IP15,186.861254684107,73.1644775977069,-11.599499999896068,-1.395735548525039,-38.61,40.33892137835375,0.92194987392689
1628,IP15_MAC,A	E	TR4c_1	TR4c_2	TR6c_1	TR6c_2	TR8c_1	TR8c_2	TRc0_1	TRc0_2	TR60_1	TR60_2,N	N	-92	-90	-91	-83	-87	-87	-87	-85	-85	-86,"[-92, -90, -91, -83, -87, -87, -87, -85, -85, -86]",-92,-90,-91,-83,-87,-87,-87,-85,-85,-86,1,29,1007339,-4.180591,-3.632508,-130.2851,1007139,1142762271,224025492,155855,0.418898,-0.046391,0.013409,-0.906748,1007139,-0.671239,-0.797098,-0.015892,0.045473575592041,114.2762271,22.4025492,155.855,-0.0008526000000017,-0.0005799999999993,38.615,-64.37999999992883,-87.49613761459044,115.28866692985127,40.22654887930273,1.042199391857911,228.7149,IP15,184.7526557157449,73.72714938202303,-11.233199999953314,-0.9339312073064718,-38.615,40.22654887930273,0.6417943671611158
1629,IP15_MAC,A	E	TR4c_1	TR4c_2	TR6c_1	TR6c_2	TR8c_1	TR8c_2	TRc0_1	TRc0_2	TR60_1	TR60_2,N	N	-91	-91	-90	-90	-88	-92	-89	-91	-86	-86,"[-91, -91, -90, -90, -88, -92, -89, -91, -86, -86]",-91,-91,-90,-90,-88,-92,-89,-91,-86,-86,58,29,1007739,0.547801,-3.965296,-130.291671,1007739,1142762224,224025456,155827,0.42028,-0.010208,0.033397,-0.906722,1007739,-0.64676,-0.81194,0.002118,0.0447213649749755,114.2762224,22.4025456,155.827,-0.0008573000000069,-0.0005835999999987,38.587,-64.77959999986638,-87.97846671389097,115.8687349998692,40.08150948285627,1.0380508403368305,171.708329,IP15,182.38701106789475,74.30455234898776,-10.833600000015764,-0.4516021080059431,-38.587,40.08150948285627,0.6992406444563118
1637,IP15_MAC,A	E	TR4c_1	TR4c_2	TR6c_1	TR6c_2	TR8c_1	TR8c_2	TRc0_1	TRc0_2	TR60_1	TR60_2,N	N	-90	-93	-87	-90	-87	-93	-86	-85	-127	-127,"[-90, -93, -87, -90, -87, -93, -86, -85, -127, -127]",-90,-93,-87,-90,-87,-93,-86,-85,-127,-127,90,60,1009539,-4.176551,-3.676323,-129.890095,1009539,1142762173,224025417,155786,0.422005,-0.046566,0.01361,-0.905294,1009539,-0.157347,-0.200084,-0.006572,0.0425479412078857,114.2762173,22.4025417,155.786,-0.0008624000000025,-0.0005874999999981,38.54600000000001,-65.21249999979872,-88.50184512141499,116.49481045144748,39.9246017929911,0.2546269362204242,140.109905,IP15,179.60460221452595,74.89939221297892,-10.400700000083418,0.0717762995180777,-38.54600000000001,39.9246017929911,0.936638892375323
1638,IP15_MAC,A	E	TR4c_1	TR4c_2	TR6c_1	TR6c_2	TR8c_1	TR8c_2	TRc0_1	TRc0_2	TR60_1	TR60_2,N	N	-88	-93	-90	-86	-89	-91	-88	-85	-85	-88,"[-88, -93, -90, -86, -89, -91, -88, -85, -85, -88]",-88,-93,-90,-86,-89,-91,-88,-85,-85,-88,0,30,1009539,-4.176551,-3.676323,-129.890095,1009539,1142762173,224025417,155786,0.422005,-0.046566,0.01361,-0.905294,1009539,-0.157347,-0.200084,-0.006572,0.0484101772308349,114.2762173,22.4025417,155.786,-0.0008624000000025,-0.0005874999999981,38.54600000000001,-65.21249999979872,-88.50184512141499,116.49481045144748,39.9246017929911,0.2546269362204242,230.109905,IP15,179.60460221452595,74.89939221297892,-10.400700000083418,0.0717762995180777,-38.54600000000001,39.9246017929911,0.6262259496950334
1642,IP15_MAC,A	E	TR4c_1	TR4c_2	TR6c_1	TR6c_2	TR8c_1	TR8c_2	TRc0_1	TRc0_2	TR60_1	TR60_2,N	N	-87	-90	-87	-84	-127	-127	-85	-83	-127	-127,"[-87, -90, -87, -84, -127, -127, -85, -83, -127, -127]",-87,-90,-87,-84,-127,-127,-85,-83,-127,-127,90,59,1010539,3.661973,-3.962853,-130.173719,1010339,1142762152,224025400,155787,0.421855,0.014399,0.044791,-0.905442,1010339,-0.217014,-0.292449,0.019928,0.0509753227233886,114.2762152,22.40254,155.787,-0.0008645000000058,-0.0005892000000002,38.54700000000001,-65.40120000003213,-88.71735394658,116.76453683258012,39.87779690178235,0.3647171767013448,139.826281,IP15,178.38857374376656,75.1562658096772,-10.211999999850008,0.2872851246830947,-38.54700000000001,39.87779690178235,0.9317333759682844
1643,IP15_MAC,A	E	TR4c_1	TR4c_2	TR6c_1	TR6c_2	TR8c_1	TR8c_2	TRc0_1	TRc0_2	TR60_1	TR60_2,N	N	-89	-91	-89	-85	-87	-91	-87	-83	-127	-127,"[-89, -91, -89, -85, -87, -91, -87, -83, -127, -127]",-89,-91,-89,-85,-87,-91,-87,-83,-127,-127,90,60,1010539,3.661973,-3.962853,-130.173719,1010339,1142762152,224025400,155787,0.421855,0.014399,0.044791,-0.905442,1010339,-0.217014,-0.292449,0.019928,0.0393369197845459,114.2762152,22.40254,155.787,-0.0008645000000058,-0.0005892000000002,38.54700000000001,-65.40120000003213,-88.71735394658,116.76453683258012,39.87779690178235,0.3647171767013448,139.826281,IP15,178.38857374376656,75.1562658096772,-10.211999999850008,0.2872851246830947,-38.54700000000001,39.87779690178235,0.9372834716317188
1644,IP15_MAC,A	E	TR4c_1	TR4c_2	TR6c_1	TR6c_2	TR8c_1	TR8c_2	TRc0_1	TRc0_2	TR60_1	TR60_2,N	N	-127	-127	-93	-85	-88	-87	-86	-84	-83	-89,"[-127, -127, -93, -85, -88, -87, -86, -84, -83, -89]",-127,-127,-93,-85,-88,-87,-86,-84,-83,-89,0,31,1010739,-0.432414,-3.976417,-130.102174,1010539,1142762145,224025396,155795,0.42151,-0.018055,0.029862,-0.906152,1010539,-0.110283,-0.159766,-0.018273,0.0491783618927001,114.2762145,22.4025396,155.795,-0.0008652000000068,-0.0005895999999978,38.55499999999999,-65.4455999997623,-88.78919011633886,116.84662967259368,39.8747674960815,0.1949908135631009,229.897826,IP15,177.97714459999716,75.21768516688321,-10.167600000119847,0.3591212944419482,-38.55499999999999,39.8747674960815,0.6328774882022399
1645,IP15_MAC,A	E	TR4c_1	TR4c_2	TR6c_1	TR6c_2	TR8c_1	TR8c_2	TRc0_1	TRc0_2	TR60_1	TR60_2,N	N	-93	-89	-89	-88	-127	-127	-88	-85	-82	-87,"[-93, -89, -89, -88, -127, -127, -88, -85, -82, -87]",-93,-89,-89,-88,-127,-127,-88,-85,-82,-87,1,30,1010739,-0.432414,-3.976417,-130.102174,1010739,1142762142,224025394,155782,0.42151,-0.018055,0.029862,-0.906152,1010739,-0.04444,-0.060472,-0.013964,0.046865701675415,114.2762142,22.4025394,155.782,-0.0008655000000032,-0.0005898000000001,38.542000000000016,-65.46780000002173,-88.81997706420333,116.878171300412,39.8568304509351,0.0763332802911023,228.897826,IP15,177.799090475187,75.24217621728347,-10.145399999860416,0.3899082423064186,-38.542000000000016,39.8568304509351,0.6220418596798545
1646,IP15_MAC,A	E	TR4c_1	TR4c_2	TR6c_1	TR6c_2	TR8c_1	TR8c_2	TRc0_1	TRc0_2	TR60_1	TR60_2,N	N	-87	-90	-91	-89	-127	-127	-87	-82	-127	-127,"[-87, -90, -91, -89, -127, -127, -87, -82, -127, -127]",-87,-90,-91,-89,-127,-127,-87,-82,-127,-127,90,60,1011139,-0.383713,-3.605928,-130.143432,1010939,1142762140,224025393,155784,0.421253,-0.016297,0.027117,-0.906391,1010939,-0.048582,-0.052207,-0.011723,0.0465791225433349,114.276214,22.4025393,155.784,-0.0008657000000056,-0.0005898999999978,38.544,-65.47889999975709,-88.8405016753425,116.90064593108424,39.85614667300041,0.0722717808138141,139.856568,IP15,177.68082394474615,75.25720201636341,-10.134300000125052,0.4104328534455845,-38.544,39.85614667300041,0.9380205121193876
1647,IP15_MAC,A	E	TR4c_1	TR4c_2	TR6c_1	TR6c_2	TR8c_1	TR8c_2	TRc0_1	TRc0_2	TR60_1	TR60_2,N	N	-87	-90	-91	-89	-127	-127	-87	-82	-85	-85,"[-87, -90, -91, -89, -127, -127, -87, -82, -85, -85]",-87,-90,-91,-89,-127,-127,-87,-82,-85,-85,90,59,1011139,-0.383713,-3.605928,-130.143432,1011139,1142762139,224025392,155802,0.421253,-0.016297,0.027117,-0.906391,1011139,-0.032578,-0.034373,-0.012182,0.0434296131134033,114.2762139,22.4025392,155.802,-0.0008657999999996,-0.0005899999999989,38.562,-65.4899999998868,-88.8507640121564,116.92059788390188,39.87084155975408,0.0489002079443431,139.856568,IP15,177.62029821661778,75.27861289348535,-10.123199999995336,0.4206951902594937,-38.562,39.87084155975408,0.9324960386099916
1648,IP15_MAC,A	E	TR4c_1	TR4c_2	TR6c_1	TR6c_2	TR8c_1	TR8c_2	TRc0_1	TRc0_2	TR60_1	TR60_2,N	N	-127	-127	-92	-87	-127	-127	-87	-82	-84	-85,"[-127, -127, -92, -87, -127, -127, -87, -82, -84, -85]",-127,-127,-92,-87,-127,-127,-87,-82,-84,-85,89,60,1011339,-1.022133,-3.456435,-130.198965,1011339,1142762139,224025391,155805,0.420668,-0.020785,0.023597,-0.90667,1011339,-0.010584,-0.004086,-0.00108,0.0416069030761718,114.2762139,22.4025391,155.805,-0.0008657999999996,-0.0005901000000001,38.56500000000001,-65.50110000001652,-88.85076407608128,116.92780508978872,39.87092644903272,0.0113966158134772,140.801035,IP15,177.61768867663227,75.295122526622,-10.11209999986562,0.4206952541843662,-38.56500000000001,39.87092644903272,0.939266572373272
1649,IP15_MAC,A	E	TR4c_1	TR4c_2	TR6c_1	TR6c_2	TR8c_1	TR8c_2	TRc0_1	TRc0_2	TR60_1	TR60_2,N	N	-127	-127	-93	-89	-127	-127	-87	-80	-127	-127,"[-127, -127, -93, -89, -127, -127, -87, -80, -127, -127]",-127,-127,-93,-89,-127,-127,-87,-80,-127,-127,90,60,1011539,-1.145566,-3.451598,-130.51054,1011339,1142762139,224025391,155805,0.418168,-0.02168,0.023164,-0.907815,1011339,-0.010584,-0.004086,-0.00108,0.0451641082763671,114.2762139,22.4025391,155.805,-0.0008657999999996,-0.0005901000000001,38.56500000000001,-65.50110000001652,-88.85076407608128,116.92780508978872,39.87092644903272,0.0113966158134772,139.48946,IP15,177.61768867663227,75.295122526622,-10.11209999986562,0.4206952541843662,-38.56500000000001,39.87092644903272,0.9374990442805448
1650,IP15_MAC,A	E	TR4c_1	TR4c_2	TR6c_1	TR6c_2	TR8c_1	TR8c_2	TRc0_1	TRc0_2	TR60_1	TR60_2,N	N	-127	-127	-93	-89	-127	-127	-87	-80	-88	-89,"[-127, -127, -93, -89, -127, -127, -87, -80, -88, -89]",-127,-127,-93,-89,-127,-127,-87,-80,-88,-89,90,60,1011539,-1.145566,-3.451598,-130.51054,1011539,1142762139,224025391,155787,0.418168,-0.02168,0.023164,-0.907815,1011539,0.006347,0.016987,-0.014151,0.045353889465332,114.2762139,22.4025391,155.787,-0.0008657999999996,-0.0005901000000001,38.54700000000001,-65.50110000001652,-88.85076407608128,116.92186958441786,39.85351628030049,0.0230020298886859,139.48946,IP15,177.61768867663227,75.28855368122929,-10.11209999986562,0.4206952541843662,-38.54700000000001,39.85351628030049,0.9375174506684264
1651,IP15_MAC,A	E	TR4c_1	TR4c_2	TR6c_1	TR6c_2	TR8c_1	TR8c_2	TRc0_1	TRc0_2	TR60_1	TR60_2,N	N	-127	-127	-92	-89	-127	-127	-89	-80	-85	-87,"[-127, -127, -92, -89, -127, -127, -89, -80, -85, -87]",-127,-127,-92,-89,-127,-127,-89,-80,-85,-87,90,60,1011739,-1.242963,-3.900389,-130.619094,1011539,1142762139,224025391,155787,0.41719,-0.024064,0.026386,-0.908117,1011539,0.006347,0.016987,-0.014151,0.0454974174499511,114.2762139,22.4025391,155.787,-0.0008657999999996,-0.0005901000000001,38.54700000000001,-65.50110000001652,-88.85076407608128,116.92186958441786,39.85351628030049,0.0230020298886859,139.380906,IP15,177.61768867663227,75.28855368122929,-10.11209999986562,0.4206952541843662,-38.54700000000001,39.85351628030049,0.937368737241944
1652,IP15_MAC,A	E	TR4c_1	TR4c_2	TR6c_1	TR6c_2	TR8c_1	TR8c_2	TRc0_1	TRc0_2	TR60_1	TR60_2,N	N	-127	-127	-92	-88	-127	-127	-88	-80	-86	-88,"[-127, -127, -92, -88, -127, -127, -88, -80, -86, -88]",-127,-127,-92,-88,-127,-127,-88,-80,-86,-88,90,60,1011739,-1.242963,-3.900389,-130.619094,1011539,1142762139,224025391,155787,0.41719,-0.024064,0.026386,-0.908117,1011539,0.006347,0.016987,-0.014151,0.0448904037475585,114.2762139,22.4025391,155.787,-0.0008657999999996,-0.0005901000000001,38.54700000000001,-65.50110000001652,-88.85076407608128,116.92186958441786,39.85351628030049,0.0230020298886859,139.380906,IP15,177.61768867663227,75.28855368122929,-10.11209999986562,0.4206952541843662,-38.54700000000001,39.85351628030049,0.937368737241944
1653,IP15_MAC,A	E	TR4c_1	TR4c_2	TR6c_1	TR6c_2	TR8c_1	TR8c_2	TRc0_1	TRc0_2	TR60_1	TR60_2,N	N	-90	-93	-90	-86	-127	-127	-86	-77	-127	-127,"[-90, -93, -90, -86, -127, -127, -86, -77, -127, -127]",-90,-93,-90,-86,-127,-127,-86,-77,-127,-127,90,60,1011939,-1.263815,-3.443349,-130.669422,1011739,1142762139,224025391,155791,0.416878,-0.022555,0.022698,-0.908399,1011739,0.012243,0.037414,-0.017521,0.0448884963989257,114.2762139,22.4025391,155.791,-0.0008657999999996,-0.0005901000000001,38.551,-65.50110000001652,-88.85076407608128,116.92318837217714,39.85738516139983,0.0430892548786817,139.330578,IP15,177.61768867663227,75.2900139205852,-10.11209999986562,0.4206952541843662,-38.551,39.85738516139983,0.9372955994654754
1654,IP15_MAC,A	E	TR4c_1	TR4c_2	TR6c_1	TR6c_2	TR8c_1	TR8c_2	TRc0_1	TRc0_2	TR60_1	TR60_2,N	N	-90	-93	-90	-86	-127	-127	-86	-77	-85	-89,"[-90, -93, -90, -86, -127, -127, -86, -77, -85, -89]",-90,-93,-90,-86,-127,-127,-86,-77,-85,-89,90,60,1011939,-1.263815,-3.443349,-130.669422,1011739,1142762139,224025391,155791,0.416878,-0.022555,0.022698,-0.908399,1011739,0.012243,0.037414,-0.017521,0.0437815189361572,114.2762139,22.4025391,155.791,-0.0008657999999996,-0.0005901000000001,38.551,-65.50110000001652,-88.85076407608128,116.92318837217714,39.85738516139983,0.0430892548786817,139.330578,IP15,177.61768867663227,75.2900139205852,-10.11209999986562,0.4206952541843662,-38.551,39.85738516139983,0.9372955994654754
1655,IP15_MAC,A	E	TR4c_1	TR4c_2	TR6c_1	TR6c_2	TR8c_1	TR8c_2	TRc0_1	TRc0_2	TR60_1	TR60_2,N	N	-87	-94	-91	-84	-127	-127	-84	-80	-87	-90,"[-87, -94, -91, -84, -127, -127, -84, -80, -87, -90]",-87,-94,-91,-84,-127,-127,-84,-80,-87,-90,91,60,1012139,-1.727772,-2.899233,-130.506401,1011939,1142762139,224025392,155792,0.418157,-0.024276,0.016659,-0.907897,1011939,0.009696,0.070431,-0.013844,0.0431094169616699,114.2762139,22.4025392,155.792,-0.0008657999999996,-0.0005899999999989,38.55200000000001,-65.4899999998868,-88.8507640121564,116.91730012931824,39.86116991111793,0.0724306186153342,138.493599,IP15,177.62029821661778,75.27496022966992,-10.123199999995336,0.4206951902594937,-38.55200000000001,39.86116991111793,0.936172950790721
1656,IP15_MAC,A	E	TR4c_1	TR4c_2	TR6c_1	TR6c_2	TR8c_1	TR8c_2	TRc0_1	TRc0_2	TR60_1	TR60_2,N	N	-88	-92	-89	-84	-127	-127	-85	-87	-86	-90,"[-88, -92, -89, -84, -127, -127, -85, -87, -86, -90]",-88,-92,-89,-84,-127,-127,-85,-87,-86,-90,301,30,1012139,-1.727772,-2.899233,-130.506401,1012139,1142762141,224025392,155785,0.418157,-0.024276,0.016659,-0.907897,1012139,0.021878,0.075661,0.005583,0.0414533615112304,114.2762141,22.4025392,155.785,-0.0008655999999973,-0.0005899999999989,38.545,-65.4899999998868,-88.83023946490519,116.8993950727615,39.8541884848184,0.0789582401906222,288.493599,IP15,177.73627336766512,75.27355837321552,-10.123199999995336,0.4001706430082805,-38.545,39.8541884848184,0.4055527042834854
1658,IP15_MAC,A	E	TR4c_1	TR4c_2	TR6c_1	TR6c_2	TR8c_1	TR8c_2	TRc0_1	TRc0_2	TR60_1	TR60_2,N	N	-89	-90	-127	-127	-83	-91	-89	-84	-127	-127,"[-89, -90, -127, -127, -83, -91, -89, -84, -127, -127]",-89,-90,-127,-127,-83,-91,-89,-84,-127,-127,118,30,1012339,-1.337566,-2.931754,-130.366959,1012339,1142762142,224025392,155782,0.419353,-0.021327,0.018317,-0.907388,1012339,0.04116,0.075775,-0.009391,0.0456931591033935,114.2762142,22.4025392,155.782,-0.0008655000000032,-0.0005899999999989,38.542000000000016,-65.4899999998868,-88.81997719200876,116.89060788777742,39.85118531207058,0.0867420722948212,111.633041,IP15,177.79426795909828,75.27301836244312,-10.123199999995336,0.3899083701118542,-38.542000000000016,39.85118531207058,0.5725529938940274
1660,IP15_MAC,A	E	TR4c_1	TR4c_2	TR6c_1	TR6c_2	TR8c_1	TR8c_2	TRc0_1	TRc0_2	TR60_1	TR60_2,N	N	-90	-89	-91	-88	-85	-90	-90	-82	-87	-85,"[-90, -89, -91, -88, -85, -90, -90, -82, -87, -85]",-90,-89,-91,-88,-85,-90,-90,-82,-87,-85,90,59,1012739,-2.580474,-2.950581,-130.159511,1012539,1142762143,224025393,155774,0.42066,-0.031258,0.013855,-0.906574,1012539,0.064324,0.084494,-0.01582,0.0403130054473876,114.2762143,22.4025393,155.774,-0.000865399999995,-0.0005898999999978,38.534000000000006,-65.47889999975709,-88.80971485375865,116.87395327267797,39.84617075205651,0.107364265060587,139.840489,IP15,177.854617633411,75.25521033089176,-10.134300000125052,0.3796460318617392,-38.534000000000006,39.84617075205651,0.932216015540954
1662,IP15_MAC,A	E	TR4c_1	TR4c_2	TR6c_1	TR6c_2	TR8c_1	TR8c_2	TRc0_1	TRc0_2	TR60_1	TR60_2,N	N	-93	-93	-87	-87	-84	-95	-89	-75	-86	-86,"[-93, -93, -87, -87, -84, -95, -89, -75, -86, -86]",-93,-93,-87,-87,-84,-95,-89,-75,-86,-86,90,60,1012939,-2.210815,-3.331093,-130.215304,1012739,1142762144,224025394,155795,0.420226,-0.029723,0.01824,-0.906749,1012739,0.062707,0.073256,0.00312,0.0395038127899169,114.2762144,22.4025394,155.795,-0.0008653000000009,-0.0005898000000001,38.55499999999999,-65.46780000002173,-88.79945251698166,116.86686283612872,39.86920629347118,0.096479758421132,139.784696,IP15,177.91483999058244,75.24800179835589,-10.145399999860416,0.3693836950847498,-38.55499999999999,39.86920629347118,0.9376281793248268
1663,IP15_MAC,A	E	TR4c_1	TR4c_2	TR6c_1	TR6c_2	TR8c_1	TR8c_2	TRc0_1	TRc0_2	TR60_1	TR60_2,N	N	-89	-93	-85	-88	-83	-90	-91	-74	-86	-89,"[-89, -93, -85, -88, -83, -90, -91, -74, -86, -89]",-89,-93,-85,-88,-83,-90,-91,-74,-86,-89,91,60,1013139,-2.505794,-2.798278,-130.429228,1012939,1142762145,224025396,155759,0.418587,-0.030078,0.012995,-0.907586,1012939,0.052805,0.057675,-0.004001,0.0426044464111328,114.2762145,22.4025396,155.759,-0.0008652000000068,-0.0005895999999978,38.51899999999999,-65.4455999997623,-88.78919011633886,116.83475596689648,39.83996007611652,0.0782993081131627,138.570772,IP15,177.97714459999716,75.20447533603367,-10.167600000119847,0.3591212944419482,-38.51899999999999,39.83996007611652,0.9359684565145098
1665,IP15_MAC,A	E	TR4c_1	TR4c_2	TR6c_1	TR6c_2	TR8c_1	TR8c_2	TRc0_1	TRc0_2	TR60_1	TR60_2,N	N	-90	-93	-87	-85	-127	-127	-92	-74	-84	-87,"[-90, -93, -87, -85, -127, -127, -92, -74, -84, -87]",-90,-93,-87,-85,-127,-127,-92,-74,-84,-87,90,60,1013339,-2.880597,-2.745672,-130.355019,1013139,1142762146,224025397,155748,0.419085,-0.03286,0.011185,-0.907283,1013139,0.060729,0.059533,-0.011356,0.0426440238952636,114.2762146,22.4025397,155.748,-0.0008650999999986,-0.0005895000000002,38.508,-65.43450000002693,-88.77892777814043,116.81711292310642,39.8320687418869,0.0857971343693948,139.644981,IP15,178.03704550957806,75.18550312350888,-10.178699999855212,0.348858956243518,-38.508,39.8320687418869,0.9374400493216404
1666,IP15_MAC,A	E	TR4c_1	TR4c_2	TR6c_1	TR6c_2	TR8c_1	TR8c_2	TRc0_1	TRc0_2	TR60_1	TR60_2,N	N	-127	-127	-89	-85	-84	-89	-90	-76	-80	-79,"[-127, -127, -89, -85, -84, -89, -90, -76, -80, -79]",-127,-127,-89,-85,-84,-89,-90,-76,-80,-79,89,60,1013339,-2.880597,-2.745672,-130.355019,1013139,1142762146,224025397,155748,0.419085,-0.03286,0.011185,-0.907283,1013139,0.060729,0.059533,-0.011356,0.045443058013916,114.2762146,22.4025397,155.748,-0.0008650999999986,-0.0005895000000002,38.508,-65.43450000002693,-88.77892777814043,116.81711292310642,39.8320687418869,0.0857971343693948,140.644981,IP15,178.03704550957806,75.18550312350888,-10.178699999855212,0.348858956243518,-38.508,39.8320687418869,0.938810454567811
1669,IP15_MAC,A	E	TR4c_1	TR4c_2	TR6c_1	TR6c_2	TR8c_1	TR8c_2	TRc0_1	TRc0_2	TR60_1	TR60_2,N	N	-90	-91	-90	-85	-127	-127	-89	-78	-127	-127,"[-90, -91, -90, -85, -127, -127, -89, -78, -127, -127]",-90,-91,-90,-85,-127,-127,-89,-78,-127,-127,90,60,1013539,-1.434327,-3.679139,-130.430047,1013339,1142762148,224025398,155750,0.418676,-0.024814,0.023894,-0.907482,1013339,0.054818,0.013213,-0.009239,0.0476901531219482,114.2762148,22.4025398,155.75,-0.0008648999999962,-0.000589399999999,38.510000000000005,-65.42339999989721,-88.75840316710463,116.79595669508788,39.83666561701589,0.0571397901116201,139.569953,IP15,178.15446174286492,75.17176137816391,-10.189799999984928,0.3283343452077218,-38.510000000000005,39.83666561701589,0.9372102956745554
1670,IP15_MAC,A	E	TR4c_1	TR4c_2	TR6c_1	TR6c_2	TR8c_1	TR8c_2	TRc0_1	TRc0_2	TR60_1	TR60_2,N	N	-127	-127	-86	-84	-127	-127	-88	-80	-84	-83,"[-127, -127, -86, -84, -127, -127, -88, -80, -84, -83]",-127,-127,-86,-84,-127,-127,-88,-80,-84,-83,90,60,1013539,-1.434327,-3.679139,-130.430047,1013539,1142762148,224025400,155748,0.418676,-0.024814,0.023894,-0.907482,1013539,0.058801,0.020429,-0.035308,0.0527460575103759,114.2762148,22.40254,155.748,-0.0008648999999962,-0.0005892000000002,38.508,-65.40120000003213,-88.7584030393878,116.78286319296429,39.84041680699779,0.0715650508698205,139.569953,IP15,178.15847173289583,75.14017796346336,-10.211999999850008,0.328334217490891,-38.508,39.84041680699779,0.9372906551543037
1680,IP15_MAC,A	E	TR4c_1	TR4c_2	TR6c_1	TR6c_2	TR8c_1	TR8c_2	TRc0_1	TRc0_2	TR60_1	TR60_2,N	N	-127	-127	-89	-92	-87	-90	-92	-87	-87	-85,"[-127, -127, -89, -92, -87, -90, -92, -87, -87, -85]",-127,-127,-89,-92,-87,-90,-92,-87,-87,-85,62,30,1015139,-2.890098,-3.163223,-130.108636,1015139,1142762157,224025409,155750,0.420909,-0.034493,0.014382,-0.906333,1015139,0.011748,-0.025115,0.006368,0.0454678535461425,114.2762157,22.4025409,155.75,-0.000864000000007,-0.0005882999999968,38.510000000000005,-65.3012999996534,-88.66604200534877,116.6573910497702,39.86741858909386,0.0284487284953124,167.891364,IP15,178.68909626438517,75.00572460717751,-10.311900000228746,0.2359731834518612,-38.510000000000005,39.86741858909386,0.7030690661840491
1681,IP15_MAC,A	E	TR4c_1	TR4c_2	TR6c_1	TR6c_2	TR8c_1	TR8c_2	TRc0_1	TRc0_2	TR60_1	TR60_2,N	N	-127	-127	-89	-92	-88	-90	-91	-84	-87	-85,"[-127, -127, -89, -92, -88, -90, -91, -84, -87, -85]",-127,-127,-89,-92,-88,-90,-91,-84,-87,-85,90,60,1015339,-3.121576,-3.349761,-129.999167,1015139,1142762157,224025409,155750,0.421642,-0.037021,0.014969,-0.905883,1015139,0.011748,-0.025115,0.006368,0.039910078048706,114.2762157,22.4025409,155.75,-0.000864000000007,-0.0005882999999968,38.510000000000005,-65.3012999996534,-88.66604200534877,116.6573910497702,39.86741858909386,0.0284487284953124,140.000833,IP15,178.68909626438517,75.00572460717751,-10.311900000228746,0.2359731834518612,-38.510000000000005,39.86741858909386,0.937512727369776
1699,IP15_MAC,A	E	TR4c_1	TR4c_2	TR6c_1	TR6c_2	TR8c_1	TR8c_2	TRc0_1	TRc0_2	TR60_1	TR60_2,N	N	-89	-91	-90	-84	-86	-88	-86	-87	-79	-88,"[-89, -91, -90, -84, -86, -88, -86, -87, -79, -88]",-89,-91,-90,-84,-86,-88,-86,-87,-79,-88,0,30,1019539,-3.93373,-1.528188,-173.074975,1019339,1142762115,224025397,155904,0.060009,-0.035059,0.011226,-0.997519,1019339,-0.001489,-0.006685,0.009062,0.0425662994384765,114.2762115,22.4025397,155.904,-0.0008681999999993,-0.0005895000000002,38.664,-65.43450000002693,-89.09705825574395,117.1104797875961,39.98694417671743,0.0113589695835493,186.925025,IP15,176.25088451784185,75.22069623221533,-10.178699999855212,0.6669894338470357,-38.664,39.98694417671743,0.7005551632030045
1716,IP15_MAC,A	E	TR4c_1	TR4c_2	TR6c_1	TR6c_2	TR8c_1	TR8c_2	TRc0_1	TRc0_2	TR60_1	TR60_2,N	N	-89	-91	-88	-86	-87	-89	-81	-89	-85	-89,"[-89, -91, -88, -86, -87, -89, -81, -89, -85, -89]",-89,-91,-88,-86,-87,-89,-81,-89,-85,-89,330,59,1023339,-2.553011,-3.315514,-154.599851,1023139,1142762106,224025387,155848,0.219169,-0.028082,0.023314,-0.975004,1023139,0.00317,-0.007683,0.000361,0.041266918182373,114.2762106,22.4025387,155.848,-0.0008691000000027,-0.0005904999999977,38.60800000000002,-65.54549999974668,-89.18941935899811,117.22432665540042,39.90630101288423,0.0083191171406586,235.400149,IP15,175.68666539624513,75.34488898137839,-10.06770000013546,0.7593505371011986,-38.60800000000002,39.90630101288423,0.8949962692269025
1717,IP15_MAC,A	E	TR4c_1	TR4c_2	TR6c_1	TR6c_2	TR8c_1	TR8c_2	TRc0_1	TRc0_2	TR60_1	TR60_2,N	N	-89	-90	-88	-87	-87	-89	-80	-91	-86	-87,"[-89, -90, -88, -87, -87, -89, -80, -91, -86, -87]",-89,-90,-88,-87,-87,-89,-80,-91,-86,-87,330,60,1023339,-2.553011,-3.315514,-154.599851,1023139,1142762106,224025387,155848,0.219169,-0.028082,0.023314,-0.975004,1023139,0.00317,-0.007683,0.000361,0.0435531139373779,114.2762106,22.4025387,155.848,-0.0008691000000027,-0.0005904999999977,38.60800000000002,-65.54549999974668,-89.18941935899811,117.22432665540042,39.90630101288423,0.0083191171406586,235.400149,IP15,175.68666539624513,75.34488898137839,-10.06770000013546,0.7593505371011986,-38.60800000000002,39.90630101288423,0.90164741542588
1721,IP15_MAC,A	E	TR4c_1	TR4c_2	TR6c_1	TR6c_2	TR8c_1	TR8c_2	TRc0_1	TRc0_2	TR60_1	TR60_2,N	N	-127	-127	-89	-89	-84	-90	-127	-127	-86	-87,"[-127, -127, -89, -89, -84, -90, -127, -127, -86, -87]",-127,-127,-89,-89,-84,-90,-127,-127,-86,-87,118,30,1024539,-1.952614,-3.238945,-120.367017,1024339,1142762133,224025392,155814,0.496602,-0.028827,0.016044,-0.867351,1024339,0.006902,0.061112,-0.002296,0.0410239696502685,114.2762133,22.4025392,155.814,-0.0008664000000067,-0.0005899999999989,38.574,-65.4899999998868,-88.91233765391006,116.97135274531148,39.88314477904465,0.0615433649063812,121.632983,IP15,177.27249358940176,75.27918195165766,-10.123199999995336,0.4822688320131476,-38.574,39.88314477904465,0.6077920629601035
1722,IP15_MAC,A	E	TR4c_1	TR4c_2	TR6c_1	TR6c_2	TR8c_1	TR8c_2	TRc0_1	TRc0_2	TR60_1	TR60_2,N	N	-90	-94	-90	-90	-84	-90	-93	-76	-127	-127,"[-90, -94, -90, -90, -84, -90, -93, -76, -127, -127]",-90,-94,-90,-90,-84,-90,-93,-76,-127,-127,91,60,1024539,-1.952614,-3.238945,-120.367017,1024339,1142762133,224025392,155814,0.496602,-0.028827,0.016044,-0.867351,1024339,0.006902,0.061112,-0.002296,0.046809434890747,114.2762133,22.4025392,155.814,-0.0008664000000067,-0.0005899999999989,38.574,-65.4899999998868,-88.91233765391006,116.97135274531148,39.88314477904465,0.0615433649063812,148.632983,IP15,177.27249358940176,75.27918195165766,-10.123199999995336,0.4822688320131476,-38.574,39.88314477904465,0.9491084288069342
1723,IP15_MAC,A	E	TR4c_1	TR4c_2	TR6c_1	TR6c_2	TR8c_1	TR8c_2	TRc0_1	TRc0_2	TR60_1	TR60_2,N	N	-90	-94	-90	-90	-84	-90	-93	-76	-86	-88,"[-90, -94, -90, -90, -84, -90, -93, -76, -86, -88]",-90,-94,-90,-90,-84,-90,-93,-76,-86,-88,90,60,1024739,-1.604505,-3.288931,-114.544767,1024539,1142762138,224025391,155820,0.540094,-0.027287,0.016569,-0.840999,1024539,-0.005834,0.062171,0.000335,0.045192003250122,114.2762138,22.4025391,155.82,-0.0008659000000079,-0.0005901000000001,38.58,-65.50110000001652,-88.86102635044344,116.94055115855392,39.8855448853177,0.0624450239971128,155.45523300000002,IP15,177.55964493392938,75.29999224757584,-10.11209999986562,0.4309575285465286,-38.58,39.8855448853177,0.9552318014716938
1724,IP15_MAC,A	E	TR4c_1	TR4c_2	TR6c_1	TR6c_2	TR8c_1	TR8c_2	TRc0_1	TRc0_2	TR60_1	TR60_2,N	N	-127	-127	-87	-85	-127	-127	-88	-79	-127	-127,"[-127, -127, -87, -85, -127, -127, -88, -79, -127, -127]",-127,-127,-87,-85,-127,-127,-88,-79,-127,-127,90,60,1024739,-1.604505,-3.288931,-114.544767,1024539,1142762138,224025391,155820,0.540094,-0.027287,0.016569,-0.840999,1024539,-0.005834,0.062171,0.000335,0.0457653999328613,114.2762138,22.4025391,155.82,-0.0008659000000079,-0.0005901000000001,38.58,-65.50110000001652,-88.86102635044344,116.94055115855392,39.8855448853177,0.0624450239971128,155.45523300000002,IP15,177.55964493392938,75.29999224757584,-10.11209999986562,0.4309575285465286,-38.58,39.8855448853177,0.9552318014716938
1725,IP15_MAC,A	E	TR4c_1	TR4c_2	TR6c_1	TR6c_2	TR8c_1	TR8c_2	TRc0_1	TRc0_2	TR60_1	TR60_2,N	N	-89	-90	-91	-94	-87	-91	-91	-82	-88	-93,"[-89, -90, -91, -94, -87, -91, -91, -82, -88, -93]",-89,-90,-91,-94,-87,-91,-91,-82,-88,-93,91,60,1024939,-1.428676,-3.169194,-108.736978,1024739,1142762144,224025391,155821,0.582079,-0.026237,0.015211,-0.812567,1024739,-0.019775,0.066143,-0.007659,0.0500979423522949,114.2762144,22.4025391,155.821,-0.0008653000000009,-0.0005901000000001,38.581,-65.50110000001652,-88.7994527086455,116.8940993530774,39.88589439718097,0.0694593935691926,160.263022,IP15,177.90797838919084,75.30373980779582,-10.11209999986562,0.3693838867485937,-38.581,39.88589439718097,0.9585724187650232
1726,IP15_MAC,A	E	TR4c_1	TR4c_2	TR6c_1	TR6c_2	TR8c_1	TR8c_2	TRc0_1	TRc0_2	TR60_1	TR60_2,N	N	-89	-90	-90	-90	-86	-90	-91	-81	-86	-95,"[-89, -90, -90, -90, -86, -90, -91, -81, -86, -95]",-89,-90,-90,-90,-86,-90,-91,-81,-86,-95,91,60,1025139,-1.533021,-2.500336,-103.018008,1024939,1142762149,224025390,155812,0.622011,-0.024045,0.008749,-0.78259,1024939,-0.035887,0.069158,-0.006847,0.049274206161499,114.2762149,22.402539,155.812,-0.0008648000000022,-0.0005901999999977,38.57200000000002,-65.51219999975189,-88.74814140506075,116.85837640349172,39.87393327940941,0.0782150058620467,165.981992,IP15,178.1963967289067,75.31830217755612,-10.101000000130256,0.3180725831638398,-38.57200000000002,39.87393327940941,0.9616043837546908
1727,IP15_MAC,A	E	TR4c_1	TR4c_2	TR6c_1	TR6c_2	TR8c_1	TR8c_2	TRc0_1	TRc0_2	TR60_1	TR60_2,N	N	-84	-87	-92	-91	-127	-127	-86	-78	-83	-88,"[-84, -87, -92, -91, -127, -127, -86, -78, -83, -88]",-84,-87,-92,-91,-127,-127,-86,-78,-83,-88,90,60,1025339,-0.695595,-2.455969,-97.192268,1025139,1142762154,224025388,155820,0.661148,-0.018725,0.012058,-0.749925,1025139,-0.037821,0.052725,-0.003923,0.0457518100738525,114.2762154,22.4025388,155.82,-0.0008643000000034,-0.0005904000000001,38.58,-65.53440000001132,-88.6968301652163,116.83450545416244,39.87567894157648,0.0650057197098839,172.807732,IP15,178.48387391744544,75.35412533461243,-10.078799999870824,0.2667613433193878,-38.58,39.87567894157648,0.9636878489738994
1728,IP15_MAC,A	E	TR4c_1	TR4c_2	TR6c_1	TR6c_2	TR8c_1	TR8c_2	TRc0_1	TRc0_2	TR60_1	TR60_2,N	N	-84	-87	-92	-91	-88	-89	-86	-78	-83	-88,"[-84, -87, -92, -91, -88, -89, -86, -78, -83, -88]",-84,-87,-92,-91,-88,-89,-86,-78,-83,-88,90,60,1025339,-0.695595,-2.455969,-97.192268,1025139,1142762154,224025388,155820,0.661148,-0.018725,0.012058,-0.749925,1025139,-0.037821,0.052725,-0.003923,0.0423307418823242,114.2762154,22.4025388,155.82,-0.0008643000000034,-0.0005904000000001,38.58,-65.53440000001132,-88.6968301652163,116.83450545416244,39.87567894157648,0.0650057197098839,172.807732,IP15,178.48387391744544,75.35412533461243,-10.078799999870824,0.2667613433193878,-38.58,39.87567894157648,0.9636878489738994
1729,IP15_MAC,A	E	TR4c_1	TR4c_2	TR6c_1	TR6c_2	TR8c_1	TR8c_2	TRc0_1	TRc0_2	TR60_1	TR60_2,N	N	-88	-89	-91	-87	-127	-127	-87	-76	-127	-127,"[-88, -89, -91, -87, -127, -127, -87, -76, -127, -127]",-88,-89,-91,-87,-127,-127,-87,-76,-127,-127,90,60,1025539,0.358612,-2.840626,-91.550942,1025339,1142762159,224025385,155818,0.697352,-0.015046,0.019942,-0.716293,1025339,-0.01784,0.022232,0.003156,0.0453050136566162,114.2762159,22.4025385,155.818,-0.0008638000000047,-0.0005907,38.57800000000002,-65.56770000000611,-88.64551898900136,116.81358398799432,39.86502944965695,0.0286790474039846,178.44905799999998,IP15,178.77134109613007,75.40139939674467,-10.045499999876029,0.2154501671044499,-38.57800000000002,39.86502944965695,0.9640869243367772
1730,IP15_MAC,A	E	TR4c_1	TR4c_2	TR6c_1	TR6c_2	TR8c_1	TR8c_2	TRc0_1	TRc0_2	TR60_1	TR60_2,N	N	-88	-89	-91	-87	-127	-127	-87	-76	-85	-88,"[-88, -89, -91, -87, -127, -127, -87, -76, -85, -88]",-88,-89,-91,-87,-127,-127,-87,-76,-85,-88,90,60,1025539,0.358612,-2.840626,-91.550942,1025339,1142762159,224025385,155818,0.697352,-0.015046,0.019942,-0.716293,1025339,-0.01784,0.022232,0.003156,0.0466179847717285,114.2762159,22.4025385,155.818,-0.0008638000000047,-0.0005907,38.57800000000002,-65.56770000000611,-88.64551898900136,116.81358398799432,39.86502944965695,0.0286790474039846,178.44905799999998,IP15,178.77134109613007,75.40139939674467,-10.045499999876029,0.2154501671044499,-38.57800000000002,39.86502944965695,0.9640869243367772
1732,IP15_MAC,A	E	TR4c_1	TR4c_2	TR6c_1	TR6c_2	TR8c_1	TR8c_2	TRc0_1	TRc0_2	TR60_1	TR60_2,N	N	-85	-88	-87	-84	-127	-127	-89	-76	-85	-85,"[-85, -88, -87, -84, -127, -127, -89, -76, -85, -85]",-85,-88,-87,-84,-127,-127,-89,-76,-85,-85,90,60,1025939,0.01304,-2.664984,-81.384679,1025739,1142762167,224025381,155820,0.758052,-0.017557,0.015246,-0.651779,1025739,-0.016273,0.036259,0.011199,0.0462269783020019,114.2762167,22.4025381,155.82,-0.0008629999999953,-0.0005910999999976,38.58,-65.61209999973627,-88.56342105445555,116.77689675292872,39.85544108438452,0.0412909579811367,188.615321,IP15,179.23607729528396,75.46586946223933,-10.001100000145868,0.1333522325586358,-38.58,39.85544108438452,0.9621119867864186
1733,IP15_MAC,A	E	TR4c_1	TR4c_2	TR6c_1	TR6c_2	TR8c_1	TR8c_2	TRc0_1	TRc0_2	TR60_1	TR60_2,N	N	-88	-90	-90	-89	-84	-87	-89	-76	-83	-86,"[-88, -90, -90, -89, -84, -87, -89, -76, -83, -86]",-88,-90,-90,-89,-84,-87,-89,-76,-83,-86,90,60,1026139,0.753622,-2.46359,-76.388807,1025939,1142762169,224025379,155817,0.785837,-0.012829,0.018458,-0.618026,1025939,-0.011428,0.030788,0.014278,0.044285774230957,114.2762169,22.4025379,155.817,-0.0008628000000072,-0.0005912999999999,38.57700000000001,-65.6342999999957,-88.54289663590697,116.77281708585411,39.84690834084056,0.0358100741691496,193.611193,IP15,179.3522049425123,75.49603630994261,-9.978899999886435,0.1128278140100604,-38.57700000000001,39.84690834084056,0.9597910885250812
1734,IP15_MAC,A	E	TR4c_1	TR4c_2	TR6c_1	TR6c_2	TR8c_1	TR8c_2	TRc0_1	TRc0_2	TR60_1	TR60_2,N	N	-87	-92	-88	-90	-81	-87	-90	-78	-83	-84,"[-87, -92, -88, -90, -81, -87, -90, -78, -83, -84]",-87,-92,-88,-90,-81,-87,-90,-78,-83,-84,91,58,1026339,0.704217,-2.678262,-71.196196,1026139,1142762172,224025377,155834,0.812993,-0.015426,0.018597,-0.581772,1026139,-0.003335,0.047048,0.013039,0.0443942546844482,114.2762172,22.4025377,155.834,-0.0008624999999966,-0.0005914999999987,38.59400000000001,-65.65649999986078,-88.51210994137543,116.76757441390076,39.85774004676773,0.0489351821290163,197.803804,IP15,179.52790547915703,75.53346952919932,-9.956700000021357,0.082041119478518,-38.59400000000001,39.85774004676773,0.9468634739983544
1735,IP15_MAC,A	E	TR4c_1	TR4c_2	TR6c_1	TR6c_2	TR8c_1	TR8c_2	TRc0_1	TRc0_2	TR60_1	TR60_2,N	N	-84	-90	-88	-88	-87	-87	-88	-81	-127	-127,"[-84, -90, -88, -88, -87, -87, -88, -81, -127, -127]",-84,-90,-88,-88,-87,-87,-88,-81,-127,-127,91,60,1026539,0.279487,-3.398015,-65.718712,1026339,1142762175,224025374,155834,0.839695,-0.023581,0.018132,-0.542242,1026339,0.012699,0.074938,0.022619,0.0402414798736572,114.2762175,22.4025374,155.834,-0.0008622000000002,-0.0005917999999986,38.59400000000001,-65.68979999985558,-88.48132331187271,116.76297030754732,39.84938306402334,0.0793006154200583,203.281288,IP15,179.70406918566673,75.58011677430667,-9.92340000002656,0.051254489975804,-38.59400000000001,39.84938306402334,0.9528617152359372
1736,IP15_MAC,A	E	TR4c_1	TR4c_2	TR6c_1	TR6c_2	TR8c_1	TR8c_2	TRc0_1	TRc0_2	TR60_1	TR60_2,N	N	-84	-90	-88	-88	-87	-87	-88	-81	-88	-85,"[-84, -90, -88, -88, -87, -87, -88, -81, -88, -85]",-84,-90,-88,-88,-87,-87,-88,-81,-88,-85,91,60,1026539,0.279487,-3.398015,-65.718712,1026339,1142762175,224025374,155834,0.839695,-0.023581,0.018132,-0.542242,1026339,0.012699,0.074938,0.022619,0.0437681674957275,114.2762175,22.4025374,155.834,-0.0008622000000002,-0.0005917999999986,38.59400000000001,-65.68979999985558,-88.48132331187271,116.76297030754732,39.84938306402334,0.0793006154200583,203.281288,IP15,179.70406918566673,75.58011677430667,-9.92340000002656,0.051254489975804,-38.59400000000001,39.84938306402334,0.9528617152359372
1737,IP15_MAC,A	E	TR4c_1	TR4c_2	TR6c_1	TR6c_2	TR8c_1	TR8c_2	TRc0_1	TRc0_2	TR60_1	TR60_2,N	N	-82	-92	-87	-88	-83	-90	-89	-86	-127	-127,"[-82, -92, -87, -88, -83, -90, -89, -86, -127, -127]",-82,-92,-87,-88,-83,-90,-89,-86,-127,-127,120,30,1026939,0.734764,-2.466119,-54.17085,1026739,1142762181,224025370,155870,0.890183,-0.016239,0.015504,-0.45505,1026739,-0.005594,0.053399,0.025938,0.0431315898895263,114.2762181,22.402537,155.87,-0.0008616000000074,-0.0005921999999998,38.63000000000001,-65.73419999998009,-88.41974992523906,116.75321891271004,39.87319459834757,0.0596282305707623,185.82915,IP15,180.0598470505835,75.6549663170004,-9.87899999990205,-0.01031889665785,-38.63000000000001,39.87319459834757,0.6978907499926303
1738,IP15_MAC,A	E	TR4c_1	TR4c_2	TR6c_1	TR6c_2	TR8c_1	TR8c_2	TRc0_1	TRc0_2	TR60_1	TR60_2,N	N	-82	-92	-87	-88	-83	-90	-89	-86	-87	-90,"[-82, -92, -87, -88, -83, -90, -89, -86, -87, -90]",-82,-92,-87,-88,-83,-90,-89,-86,-87,-90,209,60,1026939,0.734764,-2.466119,-54.17085,1026739,1142762181,224025370,155870,0.890183,-0.016239,0.015504,-0.45505,1026739,-0.005594,0.053399,0.025938,0.0421113967895507,114.2762181,22.402537,155.87,-0.0008616000000074,-0.0005921999999998,38.63000000000001,-65.73419999998009,-88.41974992523906,116.75321891271004,39.87319459834757,0.0596282305707623,96.82915000000004,IP15,180.0598470505835,75.6549663170004,-9.87899999990205,-0.01031889665785,-38.63000000000001,39.87319459834757,0.8536258640218686
1739,IP15_MAC,A	E	TR4c_1	TR4c_2	TR6c_1	TR6c_2	TR8c_1	TR8c_2	TRc0_1	TRc0_2	TR60_1	TR60_2,N	N	-82	-93	-87	-88	-83	-89	-89	-87	-88	-89,"[-82, -93, -87, -88, -83, -89, -89, -87, -88, -89]",-82,-93,-87,-88,-83,-89,-89,-87,-88,-89,209,60,1026939,0.734764,-2.466119,-54.17085,1026739,1142762181,224025370,155870,0.890183,-0.016239,0.015504,-0.45505,1026739,-0.005594,0.053399,0.025938,0.0420711040496826,114.2762181,22.402537,155.87,-0.0008616000000074,-0.0005921999999998,38.63000000000001,-65.73419999998009,-88.41974992523906,116.75321891271004,39.87319459834757,0.0596282305707623,96.82915000000004,IP15,180.0598470505835,75.6549663170004,-9.87899999990205,-0.01031889665785,-38.63000000000001,39.87319459834757,0.8536258640218686
1741,IP15_MAC,A	E	TR4c_1	TR4c_2	TR6c_1	TR6c_2	TR8c_1	TR8c_2	TRc0_1	TRc0_2	TR60_1	TR60_2,N	N	-83	-92	-85	-89	-84	-89	-90	-89	-91	-88,"[-83, -92, -85, -89, -84, -89, -90, -89, -91, -88]",-83,-92,-85,-89,-84,-89,-90,-89,-91,-88,209,59,1027139,1.376347,-2.731602,-49.003366,1026939,1142762183,224025366,155858,0.909757,-0.016707,0.020808,-0.414283,1026939,0.009654,0.037542,0.02092,0.0385007858276367,114.2762183,22.4025366,155.858,-0.0008614000000051,-0.0005925999999973,38.61800000000001,-65.77859999971025,-88.39922563206295,116.75871374021835,39.8505988972028,0.0440482449139576,101.99663399999996,IP15,180.17968995285813,75.71247820742096,-9.83460000017189,-0.0308431898339591,-38.61800000000001,39.8505988972028,0.8566839935497805
1742,IP15_MAC,A	E	TR4c_1	TR4c_2	TR6c_1	TR6c_2	TR8c_1	TR8c_2	TRc0_1	TRc0_2	TR60_1	TR60_2,N	N	-82	-89	-85	-89	-127	-127	-88	-88	-127	-127,"[-82, -89, -85, -89, -127, -127, -88, -88, -127, -127]",-82,-89,-85,-89,-127,-127,-88,-88,-127,-127,210,60,1027339,1.958055,-2.532582,-45.534696,1027139,1142762185,224025363,155861,0.921882,-0.013763,0.0243,-0.386464,1027139,0.028101,0.024042,0.008918,0.0435349941253662,114.2762185,22.4025363,155.861,-0.0008612000000027,-0.0005928999999973,38.621,-65.81189999970505,-88.37870127518347,116.76293359478125,39.845322954122565,0.0380422750239782,104.465304,IP15,180.30027819622177,75.75982547625512,-9.801300000177092,-0.0513675467134362,-38.621,39.845322954122565,0.8695135692254781
1743,IP15_MAC,A	E	TR4c_1	TR4c_2	TR6c_1	TR6c_2	TR8c_1	TR8c_2	TRc0_1	TRc0_2	TR60_1	TR60_2,N	N	-82	-89	-85	-89	-127	-127	-88	-88	-91	-86,"[-82, -89, -85, -89, -127, -127, -88, -88, -91, -86]",-82,-89,-85,-89,-127,-127,-88,-88,-91,-86,210,60,1027539,2.039591,-2.5936,-44.558156,1027339,1142762186,224025361,155861,0.925128,-0.014193,0.025041,-0.378562,1027339,0.019064,0.012246,0.010895,0.0427832603454589,114.2762186,22.4025361,155.861,-0.0008610999999945,-0.0005930999999996,38.621,-65.83409999996448,-88.36843912777024,116.76768130644608,39.83988248009258,0.0251416315500804,105.441844,IP15,180.361083803023,75.79068834940898,-9.779099999917662,-0.0616296941266654,-38.621,39.83988248009258,0.8714623327152521
1746,IP15_MAC,A	E	TR4c_1	TR4c_2	TR6c_1	TR6c_2	TR8c_1	TR8c_2	TRc0_1	TRc0_2	TR60_1	TR60_2,N	N	-76	-86	-87	-90	-127	-127	-93	-90	-127	-127,"[-76, -86, -87, -90, -127, -127, -93, -90, -127, -127]",-76,-86,-87,-90,-127,-127,-93,-90,-127,-127,210,60,1028939,1.52853,-1.781451,-30.964594,1028739,1142762185,224025351,155829,0.963571,-0.011419,0.017001,-0.266666,1028739,-0.057406,-0.000261,0.022525,0.044053316116333,114.2762185,22.4025351,155.829,-0.0008612000000027,-0.0005940999999971,38.58900000000001,-65.94509999968423,-88.37870203820613,116.82748866994604,39.78172591982774,0.0616675975046863,119.035406,IP15,180.3044106101812,75.93443317717033,-9.66810000019791,-0.0513667836907814,-38.58900000000001,39.78172591982774,0.898472958271165
1747,IP15_MAC,A	E	TR4c_1	TR4c_2	TR6c_1	TR6c_2	TR8c_1	TR8c_2	TRc0_1	TRc0_2	TR60_1	TR60_2,N	N	-77	-89	-87	-91	-87	-86	-127	-127	-127	-127,"[-77, -89, -87, -91, -87, -86, -127, -127, -127, -127]",-77,-89,-87,-91,-87,-86,-127,-127,-127,-127,210,60,1029139,1.278797,-1.595916,-30.910727,1028939,1142762185,224025350,155834,0.963732,-0.010448,0.014465,-0.266276,1028939,-0.050644,-0.005887,0.019811,0.0402643680572509,114.2762185,22.402535,155.834,-0.0008612000000027,-0.0005941999999983,38.59400000000001,-65.95619999981395,-88.37870210179135,116.83540619012986,39.78388019715086,0.0546986949204457,119.089273,IP15,180.30476012359685,75.95168966765549,-9.657000000068194,-0.0513667201055625,-38.59400000000001,39.78388019715086,0.8985654734003122
1748,IP15_MAC,A	E	TR4c_1	TR4c_2	TR6c_1	TR6c_2	TR8c_1	TR8c_2	TRc0_1	TRc0_2	TR60_1	TR60_2,N	N	-77	-88	-88	-92	-87	-86	-90	-91	-90	-91,"[-77, -88, -88, -92, -87, -86, -90, -91, -90, -91]",-77,-88,-88,-92,-87,-86,-90,-91,-90,-91,210,60,1029139,1.278797,-1.595916,-30.910727,1028939,1142762185,224025350,155834,0.963732,-0.010448,0.014465,-0.266276,1028939,-0.050644,-0.005887,0.019811,0.0427501201629638,114.2762185,22.402535,155.834,-0.0008612000000027,-0.0005941999999983,38.59400000000001,-65.95619999981395,-88.37870210179135,116.83540619012986,39.78388019715086,0.0546986949204457,119.089273,IP15,180.30476012359685,75.95168966765549,-9.657000000068194,-0.0513667201055625,-38.59400000000001,39.78388019715086,0.8985654734003122
1749,IP15_MAC,A	E	TR4c_1	TR4c_2	TR6c_1	TR6c_2	TR8c_1	TR8c_2	TRc0_1	TRc0_2	TR60_1	TR60_2,N	N	-78	-88	-88	-93	-87	-87	-91	-91	-89	-92,"[-78, -88, -88, -93, -87, -87, -91, -91, -89, -92]",-78,-88,-88,-93,-87,-87,-91,-91,-89,-92,210,60,1029339,-0.51385,-1.489718,-30.76426,1029139,1142762185,224025350,155841,0.964077,-0.013722,-0.000875,-0.265267,1029139,-0.049241,-0.005627,-0.009504,0.052412986755371,114.2762185,22.402535,155.841,-0.0008612000000027,-0.0005941999999983,38.60100000000001,-65.95619999981395,-88.37870210179135,116.83771867257866,39.790670873224194,0.0504644947066747,119.23574,IP15,180.30476012359685,75.95413636723742,-9.657000000068194,-0.0513667201055625,-38.60100000000001,39.790670873224194,0.8988361632605851
1750,IP15_MAC,A	E	TR4c_1	TR4c_2	TR6c_1	TR6c_2	TR8c_1	TR8c_2	TRc0_1	TRc0_2	TR60_1	TR60_2,N	N	-79	-88	-85	-88	-87	-87	-91	-91	-89	-92,"[-79, -88, -85, -88, -87, -87, -91, -91, -89, -92]",-79,-88,-85,-88,-87,-87,-91,-91,-89,-92,210,60,1029339,-0.51385,-1.489718,-30.76426,1029139,1142762185,224025350,155841,0.964077,-0.013722,-0.000875,-0.265267,1029139,-0.049241,-0.005627,-0.009504,0.0484261512756347,114.2762185,22.402535,155.841,-0.0008612000000027,-0.0005941999999983,38.60100000000001,-65.95619999981395,-88.37870210179135,116.83771867257866,39.790670873224194,0.0504644947066747,119.23574,IP15,180.30476012359685,75.95413636723742,-9.657000000068194,-0.0513667201055625,-38.60100000000001,39.790670873224194,0.8988361632605851
1751,IP15_MAC,A	E	TR4c_1	TR4c_2	TR6c_1	TR6c_2	TR8c_1	TR8c_2	TRc0_1	TRc0_2	TR60_1	TR60_2,N	N	-80	-87	-86	-91	-88	-87	-93	-88	-88	-89,"[-80, -87, -86, -91, -88, -87, -93, -88, -88, -89]",-80,-87,-86,-91,-88,-87,-93,-88,-88,-89,210,60,1029339,-0.51385,-1.489718,-30.76426,1029339,1142762186,224025349,155845,0.964077,-0.013722,-0.000875,-0.265267,1029339,-0.011208,-0.014347,-0.013546,0.0449588298797607,114.2762186,22.4025349,155.845,-0.0008610999999945,-0.0005942999999994,38.605,-65.96729999994366,-88.3684398907043,116.83754474910702,39.7918736670438,0.0226925051283457,119.23574,IP15,180.36606533418876,75.97095490594775,-9.64589999993848,-0.0616289311926152,-38.605,39.7918736670438,0.898715406228263
1752,IP15_MAC,A	E	TR4c_1	TR4c_2	TR6c_1	TR6c_2	TR8c_1	TR8c_2	TRc0_1	TRc0_2	TR60_1	TR60_2,N	N	-81	-86	-82	-89	-85	-86	-93	-88	-89	-89,"[-81, -86, -82, -89, -85, -86, -93, -88, -89, -89]",-81,-86,-82,-89,-85,-86,-93,-88,-89,-89,209,59,1029539,-1.989059,-1.701301,-30.835931,1029339,1142762186,224025349,155845,0.963697,-0.018922,-0.012784,-0.266018,1029339,-0.011208,-0.014347,-0.013546,0.0385124683380126,114.2762186,22.4025349,155.845,-0.0008610999999945,-0.0005942999999994,38.605,-65.96729999994366,-88.3684398907043,116.83754474910702,39.7918736670438,0.0226925051283457,120.164069,IP15,180.36606533418876,75.97095490594775,-9.64589999993848,-0.0616289311926152,-38.605,39.7918736670438,0.8936451101700542
1753,IP15_MAC,A	E	TR4c_1	TR4c_2	TR6c_1	TR6c_2	TR8c_1	TR8c_2	TRc0_1	TRc0_2	TR60_1	TR60_2,N	N	-84	-86	-86	-89	-86	-87	-91	-90	-86	-90,"[-84, -86, -86, -89, -86, -87, -91, -90, -86, -90]",-84,-86,-86,-89,-86,-87,-91,-90,-86,-90,210,60,1029739,-2.308846,-1.703651,-30.940123,1029539,1142762184,224025350,155855,0.963393,-0.019697,-0.01545,-0.266921,1029539,0.076282,-0.059518,-0.005531,0.0389795303344726,114.2762184,22.402535,155.855,-0.0008612999999968,-0.0005941999999983,38.615,-65.95619999981395,-88.38896437499788,116.8501072601138,39.80424052254824,0.0969119590607887,119.059877,IP15,180.2438746094988,75.95909587271439,-9.657000000068194,-0.0411044468990269,-38.615,39.80424052254824,0.8986208722522216
1754,IP15_MAC,A	E	TR4c_1	TR4c_2	TR6c_1	TR6c_2	TR8c_1	TR8c_2	TRc0_1	TRc0_2	TR60_1	TR60_2,N	N	-83	-85	-85	-90	-84	-87	-90	-92	-86	-87,"[-83, -85, -85, -90, -84, -87, -90, -92, -86, -87]",-83,-85,-85,-90,-84,-87,-90,-92,-86,-87,210,60,1029739,-2.308846,-1.703651,-30.940123,1029539,1142762184,224025350,155855,0.963393,-0.019697,-0.01545,-0.266921,1029539,0.076282,-0.059518,-0.005531,0.0456917285919189,114.2762184,22.402535,155.855,-0.0008612999999968,-0.0005941999999983,38.615,-65.95619999981395,-88.38896437499788,116.8501072601138,39.80424052254824,0.0969119590607887,119.059877,IP15,180.2438746094988,75.95909587271439,-9.657000000068194,-0.0411044468990269,-38.615,39.80424052254824,0.8986208722522216
1755,IP15_MAC,A	E	TR4c_1	TR4c_2	TR6c_1	TR6c_2	TR8c_1	TR8c_2	TRc0_1	TRc0_2	TR60_1	TR60_2,N	N	-83	-87	-86	-91	-84	-87	-91	-90	-86	-87,"[-83, -87, -86, -91, -84, -87, -91, -90, -86, -87]",-83,-87,-86,-91,-84,-87,-91,-90,-86,-87,209,60,1029939,-1.545097,-1.798397,-30.954054,1029739,1142762183,224025352,155861,0.96348,-0.018719,-0.008805,-0.26698,1029739,0.19026,-0.125511,-0.000872,0.0410504341125488,114.2762183,22.4025352,155.861,-0.0008614000000051,-0.0005939999999995,38.621,-65.93399999994887,-88.39922652246278,116.84732451692226,39.815443045207246,0.2279312157318518,120.045946,IP15,180.18256959327792,75.93025209788588,-9.679199999933276,-0.030842299434127,-38.621,39.815443045207246,0.9005696195486718
1756,IP15_MAC,A	E	TR4c_1	TR4c_2	TR6c_1	TR6c_2	TR8c_1	TR8c_2	TRc0_1	TRc0_2	TR60_1	TR60_2,N	N	-89	-88	-85	-92	-127	-127	-86	-84	-127	-127,"[-89, -88, -85, -92, -127, -127, -86, -84, -127, -127]",-89,-88,-85,-92,-127,-127,-86,-84,-127,-127,90,60,1029939,-1.545097,-1.798397,-30.954054,1029739,1142762183,224025352,155861,0.96348,-0.018719,-0.008805,-0.26698,1029739,0.19026,-0.125511,-0.000872,0.0461463928222656,114.2762183,22.4025352,155.861,-0.0008614000000051,-0.0005939999999995,38.621,-65.93399999994887,-88.39922652246278,116.84732451692226,39.815443045207246,0.2279312157318518,239.045946,IP15,180.18256959327792,75.93025209788588,-9.679199999933276,-0.030842299434127,-38.621,39.815443045207246,0.9028969693631772
1757,IP15_MAC,A	E	TR4c_1	TR4c_2	TR6c_1	TR6c_2	TR8c_1	TR8c_2	TRc0_1	TRc0_2	TR60_1	TR60_2,N	N	-88	-91	-81	-85	-85	-90	-86	-84	-87	-86,"[-88, -91, -81, -85, -85, -90, -86, -84, -87, -86]",-88,-91,-81,-85,-85,-90,-86,-84,-87,-86,241,30,1030139,-1.109387,-1.646968,-30.979007,1029939,1142762181,224025356,155863,0.963503,-0.016433,-0.00549,-0.267137,1029939,0.288458,-0.186782,-0.012527,0.0450525283813476,114.2762181,22.4025356,155.863,-0.0008616000000074,-0.0005935999999984,38.623000000000005,-65.88959999982436,-88.41975081584566,116.83846905652732,39.82818891717741,0.3438785527144721,88.02099299999998,IP15,180.06079826173797,75.86905594012589,-9.723600000057786,-0.0103180060512499,-38.623000000000005,39.82818891717741,0.4773445412169917
1758,IP15_MAC,A	E	TR4c_1	TR4c_2	TR6c_1	TR6c_2	TR8c_1	TR8c_2	TRc0_1	TRc0_2	TR60_1	TR60_2,N	N	-85	-87	-83	-89	-85	-90	-87	-83	-87	-86,"[-85, -87, -83, -89, -85, -90, -87, -83, -87, -86]",-85,-87,-83,-89,-85,-90,-87,-83,-87,-86,90,60,1030139,-1.109387,-1.646968,-30.979007,1029939,1142762181,224025356,155863,0.963503,-0.016433,-0.00549,-0.267137,1029939,0.288458,-0.186782,-0.012527,0.045306921005249,114.2762181,22.4025356,155.863,-0.0008616000000074,-0.0005935999999984,38.623000000000005,-65.88959999982436,-88.41975081584566,116.83846905652732,39.82818891717741,0.3438785527144721,239.020993,IP15,180.06079826173797,75.86905594012589,-9.723600000057786,-0.0103180060512499,-38.623000000000005,39.82818891717741,0.9027627989241568
1759,IP15_MAC,A	E	TR4c_1	TR4c_2	TR6c_1	TR6c_2	TR8c_1	TR8c_2	TRc0_1	TRc0_2	TR60_1	TR60_2,N	N	-82	-89	-84	-95	-83	-87	-89	-89	-87	-89,"[-82, -89, -84, -95, -83, -87, -89, -89, -87, -89]",-82,-89,-84,-95,-83,-87,-89,-89,-87,-89,208,60,1030339,-1.143747,-1.504583,-31.070487,1030139,1142762178,224025361,155856,0.963305,-0.015321,-0.006099,-0.267902,1030139,0.364237,-0.235278,-0.00545,0.0409443378448486,114.2762178,22.4025361,155.856,-0.0008619000000038,-0.0005930999999996,38.616,-65.83409999996448,-88.45053731860617,116.82817181979466,39.83499305595204,0.4336519710009398,120.929513,IP15,179.88007518464784,75.78916396217979,-9.779099999917662,0.0204684967092561,-38.616,39.83499305595204,0.9028334033626711
1760,IP15_MAC,A	E	TR4c_1	TR4c_2	TR6c_1	TR6c_2	TR8c_1	TR8c_2	TRc0_1	TRc0_2	TR60_1	TR60_2,N	N	-83	-87	-91	-88	-87	-85	-87	-86	-89	-90,"[-83, -87, -91, -88, -87, -85, -87, -86, -89, -90]",-83,-87,-91,-88,-87,-85,-87,-86,-89,-90,208,60,1030539,-0.961261,-1.555039,-31.092758,1030339,1142762174,224025369,155854,0.963266,-0.01532,-0.004444,-0.268075,1030339,0.445709,-0.274051,-0.006982,0.0469765663146972,114.2762174,22.4025369,155.854,-0.0008623000000085,-0.0005922999999974,38.61400000000002,-65.74529999971546,-88.49158590469263,116.80858805747197,39.85499003593863,0.5232678201514019,120.907242,IP15,179.64281928750583,75.66446774072125,-9.867900000166683,0.0615170827957172,-38.61400000000002,39.85499003593863,0.9033101676185328
1762,IP15_MAC,A	E	TR4c_1	TR4c_2	TR6c_1	TR6c_2	TR8c_1	TR8c_2	TRc0_1	TRc0_2	TR60_1	TR60_2,N	N	-83	-88	-86	-89	-88	-86	-86	-90	-88	-88,"[-83, -88, -86, -89, -88, -86, -86, -90, -88, -88]",-83,-88,-86,-89,-88,-86,-86,-90,-88,-88,210,60,1030539,-0.961261,-1.555039,-31.092758,1030539,1142762169,224025377,155854,0.963266,-0.01532,-0.004444,-0.268075,1030539,0.525444,-0.319988,-0.001876,0.044677734375,114.2762169,22.4025377,155.854,-0.0008628000000072,-0.0005914999999987,38.61400000000002,-65.65649999986078,-88.54289676331368,116.797523755731,39.87718145800668,0.6152131635912873,118.907242,IP15,179.3507599738477,75.5402290992929,-9.956700000021357,0.1128279414167678,-38.61400000000002,39.87718145800668,0.9001787069717933
1763,IP15_MAC,A	E	TR4c_1	TR4c_2	TR6c_1	TR6c_2	TR8c_1	TR8c_2	TRc0_1	TRc0_2	TR60_1	TR60_2,N	N	-82	-86	-88	-93	-87	-86	-88	-88	-87	-87,"[-82, -86, -88, -93, -87, -86, -88, -88, -87, -87]",-82,-86,-88,-93,-87,-86,-88,-88,-87,-87,209,61,1030739,-1.030864,-1.520137,-30.945259,1030539,1142762169,224025377,155854,0.963608,-0.015182,-0.00513,-0.26684,1030539,0.525444,-0.319988,-0.001876,0.0418922901153564,114.2762169,22.4025377,155.854,-0.0008628000000072,-0.0005914999999987,38.61400000000002,-65.65649999986078,-88.54289676331368,116.797523755731,39.87718145800668,0.6152131635912873,120.054741,IP15,179.3507599738477,75.5402290992929,-9.956700000021357,0.1128279414167678,-38.61400000000002,39.87718145800668,0.908726605300943
1764,IP15_MAC,A	E	TR4c_1	TR4c_2	TR6c_1	TR6c_2	TR8c_1	TR8c_2	TRc0_1	TRc0_2	TR60_1	TR60_2,N	N	-86	-91	-88	-93	-87	-89	-92	-90	-86	-89,"[-86, -91, -88, -93, -87, -89, -92, -90, -86, -89]",-86,-91,-88,-93,-87,-89,-92,-90,-86,-89,208,60,1030939,-0.225314,-1.686227,-30.855146,1030739,1142762163,224025387,155846,0.963859,-0.014706,0.002019,-0.266,1030739,0.590942,-0.361504,-0.002923,0.0426082611083984,114.2762163,22.4025387,155.846,-0.0008634,-0.0005904999999977,38.60600000000001,-65.54549999974668,-88.60446976679687,116.77922704347726,39.897521664663714,0.6927525772662271,121.144854,IP15,179.00757484279623,75.38179397116585,-10.06770000013546,0.1744009448999577,-38.60600000000001,39.897521664663714,0.9051172021864224
1765,IP15_MAC,A	E	TR4c_1	TR4c_2	TR6c_1	TR6c_2	TR8c_1	TR8c_2	TRc0_1	TRc0_2	TR60_1	TR60_2,N	N	-86	-88	-88	-93	-87	-89	-92	-90	-86	-89,"[-86, -88, -88, -93, -87, -89, -92, -90, -86, -89]",-86,-88,-88,-93,-87,-89,-92,-90,-86,-89,208,60,1030939,-0.225314,-1.686227,-30.855146,1030739,1142762163,224025387,155846,0.963859,-0.014706,0.002019,-0.266,1030739,0.590942,-0.361504,-0.002923,0.0387854576110839,114.2762163,22.4025387,155.846,-0.0008634,-0.0005904999999977,38.60600000000001,-65.54549999974668,-88.60446976679687,116.77922704347726,39.897521664663714,0.6927525772662271,121.144854,IP15,179.00757484279623,75.38179397116585,-10.06770000013546,0.1744009448999577,-38.60600000000001,39.897521664663714,0.9051172021864224
1766,IP15_MAC,A	E	TR4c_1	TR4c_2	TR6c_1	TR6c_2	TR8c_1	TR8c_2	TRc0_1	TRc0_2	TR60_1	TR60_2,N	N	-83	-95	-85	-91	-78	-82	-91	-93	-88	-88,"[-83, -95, -85, -91, -78, -82, -91, -93, -88, -88]",-83,-95,-85,-91,-78,-82,-91,-93,-88,-88,180,30,1031139,7.732241,-1.169766,-30.989765,1030939,1142762156,224025398,155863,0.961601,0.008195,0.067687,-0.265848,1030939,0.658618,-0.40493,0.007943,0.0406513214111328,114.2762156,22.4025398,155.863,-0.0008641000000011,-0.000589399999999,38.623000000000005,-65.42339999989721,-88.67630497991253,116.77090588599977,39.94532244562819,0.7731811340643278,149.010235,IP15,178.61571891288403,75.21644993759222,-10.189799999984928,0.2462361580156198,-38.623000000000005,39.94532244562819,0.6755807246278884
1768,IP15_MAC,A	E	TR4c_1	TR4c_2	TR6c_1	TR6c_2	TR8c_1	TR8c_2	TRc0_1	TRc0_2	TR60_1	TR60_2,N	N	-78	-92	-82	-83	-76	-80	-91	-86	-87	-89,"[-78, -92, -82, -83, -76, -80, -91, -86, -87, -89]",-78,-92,-82,-83,-76,-80,-91,-86,-87,-89,180,30,1031339,9.539674,-1.249926,-31.17486,1031139,1142762142,224025423,155761,0.960078,0.01187,0.083005,-0.266869,1031139,0.377021,-0.224162,-0.023124,0.0505445003509521,114.2762142,22.4025423,155.761,-0.0008655000000032,-0.0005868999999982,38.521,-65.14589999980913,-88.81997521102451,116.69123242245811,39.91971739984905,0.4392358774747344,148.82514,IP15,177.8667214646351,74.78803939348462,-10.46730000007301,0.3899063891276029,-38.521,39.91971739984905,0.6811467762538942
1769,IP15_MAC,A	E	TR4c_1	TR4c_2	TR6c_1	TR6c_2	TR8c_1	TR8c_2	TRc0_1	TRc0_2	TR60_1	TR60_2,N	N	-78	-92	-82	-83	-76	-80	-93	-86	-87	-89,"[-78, -92, -82, -83, -76, -80, -93, -86, -87, -89]",-78,-92,-82,-83,-76,-80,-93,-86,-87,-89,180,30,1031539,5.385225,-1.658896,-31.246182,1031339,1142762138,224025430,155774,0.962079,-0.001277,0.049128,-0.268308,1031339,0.1941,-0.115496,0.026519,0.0393605232238769,114.2762138,22.402543,155.774,-0.0008659000000079,-0.0005861999999972,38.534000000000006,-65.06819999968982,-88.86102385708561,116.683423707608,39.95312132044768,0.2274145847939397,148.753818,IP15,177.65972768542707,74.68327238953917,-10.545000000192315,0.4309550351887026,-38.534000000000006,39.95312132044768,0.6825040850099504
1770,IP15_MAC,A	E	TR4c_1	TR4c_2	TR6c_1	TR6c_2	TR8c_1	TR8c_2	TRc0_1	TRc0_2	TR60_1	TR60_2,N	N	-79	-95	-83	-94	-80	-81	-91	-86	-88	-88,"[-79, -95, -83, -94, -80, -81, -91, -86, -88, -88]",-79,-95,-83,-94,-80,-81,-91,-86,-88,-88,179,31,1031539,5.385225,-1.658896,-31.246182,1031339,1142762138,224025430,155774,0.962079,-0.001277,0.049128,-0.268308,1031339,0.1941,-0.115496,0.026519,0.0407283306121826,114.2762138,22.402543,155.774,-0.0008659000000079,-0.0005861999999972,38.534000000000006,-65.06819999968982,-88.86102385708561,116.683423707608,39.95312132044768,0.2274145847939397,149.753818,IP15,177.65972768542707,74.68327238953917,-10.545000000192315,0.4309550351887026,-38.534000000000006,39.95312132044768,0.6968395553712002
1771,IP15_MAC,A	E	TR4c_1	TR4c_2	TR6c_1	TR6c_2	TR8c_1	TR8c_2	TRc0_1	TRc0_2	TR60_1	TR60_2,N	N	-80	-94	-84	-93	-81	-81	-92	-89	-88	-90,"[-80, -94, -84, -93, -81, -81, -92, -89, -88, -90]",-80,-94,-84,-93,-81,-81,-92,-89,-88,-90,180,30,1031739,4.247536,-1.468567,-31.231968,1031739,1142762136,224025434,155789,0.96248,-0.00236,0.039132,-0.268505,1031739,0.12428,-0.082949,0.051953,0.0434367656707763,114.2762136,22.4025434,155.789,-0.000866099999996,-0.0005857999999996,38.54899999999999,-65.02379999995966,-88.88154814652924,116.67925937525722,39.97955261053991,0.1581934550163185,148.768032,IP15,177.55867157868798,74.62645016280835,-10.589399999922476,0.4514793246323307,-38.54899999999999,39.97955261053991,0.6833207881896809
1773,IP15_MAC,A	E	TR4c_1	TR4c_2	TR6c_1	TR6c_2	TR8c_1	TR8c_2	TRc0_1	TRc0_2	TR60_1	TR60_2,N	N	-82	-92	-83	-89	-84	-79	-93	-90	-88	-91,"[-82, -92, -83, -89, -84, -79, -93, -90, -88, -91]",-82,-92,-83,-89,-84,-79,-93,-90,-88,-91,181,30,1031939,3.463653,-1.075645,-31.181482,1031939,1142762135,224025436,155797,0.962805,-0.000916,0.031628,-0.268337,1031939,0.05675,-0.017752,0.016119,0.0430786609649658,114.2762135,22.4025436,155.797,-0.0008662000000043,-0.0005855999999972,38.557,-65.00159999970023,-88.8918102926651,116.67735079538012,39.9932682929226,0.0616077768224109,147.818518,IP15,177.50846625141682,74.59824050545927,-10.611600000181909,0.4617414707681888,-38.557,39.9932682929226,0.681852322230033
1774,IP15_MAC,A	E	TR4c_1	TR4c_2	TR6c_1	TR6c_2	TR8c_1	TR8c_2	TRc0_1	TRc0_2	TR60_1	TR60_2,N	N	-86	-91	-84	-88	-77	-81	-92	-89	-127	-127,"[-86, -91, -84, -88, -77, -81, -92, -89, -127, -127]",-86,-91,-84,-88,-77,-81,-92,-89,-127,-127,121,30,1032339,2.226069,-2.045498,-30.859288,1032339,1142762137,224025438,155836,0.962805,-0.000916,0.031628,-0.268337,1032339,0.040155,0.027534,-0.0097,0.0437397956848144,114.2762137,22.4025438,155.836,-0.000866000000002,-0.0005853999999985,38.59600000000002,-64.97939999983515,-88.87128561818434,116.66224345420191,40.03652820490717,0.0496450922146389,208.140712,IP15,177.62405084286024,74.5836643936685,-10.633800000046987,0.4412167962874349,-38.59600000000002,40.03652820490717,0.6803369883637964
1796,IP15_MAC,A	E	TR4c_1	TR4c_2	TR6c_1	TR6c_2	TR8c_1	TR8c_2	TRc0_1	TRc0_2	TR60_1	TR60_2,N	N	-86	-91	-87	-84	-86	-89	-81	-90	-85	-91,"[-86, -91, -87, -84, -86, -89, -81, -90, -85, -91]",-86,-91,-87,-84,-86,-89,-81,-90,-85,-91,328,59,1038539,-0.060046,2.448367,64.866112,1038339,1142762076,224025399,155830,0.843842,0.018312,0.011014,0.536166,1038339,-0.017568,-0.029888,0.002748,0.0492405891418457,114.2762076,22.4025399,155.83,-0.0008720999999951,-0.0005892999999979,38.59000000000002,-65.4122999997675,-89.49728679181858,117.3785390706351,39.92975600986893,0.0347775598914012,96.866112,IP15,174.02744391793854,75.1158507711115,-10.200900000114643,1.0672179699216713,-38.59000000000002,39.92975600986893,0.8578038422609899
1800,IP15_MAC,A	E	TR4c_1	TR4c_2	TR6c_1	TR6c_2	TR8c_1	TR8c_2	TRc0_1	TRc0_2	TR60_1	TR60_2,N	N	-90	-92	-88	-87	-87	-85	-82	-91	-88	-93,"[-90, -92, -88, -87, -87, -85, -82, -91, -88, -93]",-90,-92,-88,-87,-87,-85,-82,-91,-88,-93,328,60,1038739,-0.197217,2.424954,68.917423,1038539,1142762074,224025399,155823,0.824353,0.01842,0.010552,0.565678,1038539,-0.008235,-0.022711,0.000843,0.0401751995086669,114.2762074,22.4025399,155.823,-0.0008722999999974,-0.0005892999999979,38.58300000000001,-65.4122999997675,-89.51781133896644,117.3918882511836,39.92354485257766,0.0241726166353582,100.917423,IP15,173.91343493839622,75.11028006667993,-10.200900000114643,1.087742517069529,-38.58300000000001,39.92354485257766,0.8745185559252806
1801,IP15_MAC,A	E	TR4c_1	TR4c_2	TR6c_1	TR6c_2	TR8c_1	TR8c_2	TRc0_1	TRc0_2	TR60_1	TR60_2,N	N	-86	-88	-86	-86	-87	-85	-83	-90	-88	-93,"[-86, -88, -86, -86, -87, -85, -83, -90, -88, -93]",-86,-88,-86,-86,-87,-85,-83,-90,-88,-93,241,33,1038939,-0.305877,2.360637,72.831539,1038739,1142762070,224025399,155823,0.804552,0.01816,0.010079,0.593519,1038739,-0.013086,-0.016154,-0.007301,0.0403413772583007,114.276207,22.4025399,155.823,-0.0008727000000021,-0.0005892999999979,38.58300000000001,-65.4122999997675,-89.55886043326213,117.42319346008313,39.92468434833553,0.0220340580238865,191.831539,IP15,173.6855629302994,75.10413100850714,-10.200900000114643,1.128791611365216,-38.58300000000001,39.92468434833553,0.7312053129233242
1802,IP15_MAC,A	E	TR4c_1	TR4c_2	TR6c_1	TR6c_2	TR8c_1	TR8c_2	TRc0_1	TRc0_2	TR60_1	TR60_2,N	N	-90	-91	-83	-89	-82	-81	-82	-90	-86	-87,"[-90, -91, -83, -89, -82, -81, -82, -90, -86, -87]",-90,-91,-83,-89,-82,-81,-82,-90,-86,-87,180,29,1038939,-0.305877,2.360637,72.831539,1038739,1142762070,224025399,155823,0.804552,0.01816,0.010079,0.593519,1038739,-0.013086,-0.016154,-0.007301,0.0410771369934082,114.276207,22.4025399,155.823,-0.0008727000000021,-0.0005892999999979,38.58300000000001,-65.4122999997675,-89.55886043326213,117.42319346008313,39.92468434833553,0.0220340580238865,252.831539,IP15,173.6855629302994,75.10413100850714,-10.200900000114643,1.128791611365216,-38.58300000000001,39.92468434833553,0.5108550300065317
1803,IP15_MAC,A	E	TR4c_1	TR4c_2	TR6c_1	TR6c_2	TR8c_1	TR8c_2	TRc0_1	TRc0_2	TR60_1	TR60_2,N	N	-88	-91	-85	-88	-127	-127	-84	-93	-88	-92,"[-88, -91, -85, -88, -127, -127, -84, -93, -88, -92]",-88,-91,-85,-88,-127,-127,-84,-93,-88,-92,242,30,1039139,-0.30693,2.299506,76.591555,1038939,1142762068,224025399,155824,0.784658,0.017407,0.010332,0.619598,1038939,-0.006607,-0.017338,-0.006998,0.0430562496185302,114.2762068,22.4025399,155.824,-0.0008729000000045,-0.0005892999999979,38.58400000000002,-65.4122999997675,-89.57938498040997,117.43917685648212,39.92623629199927,0.0198300453100843,194.591555,IP15,173.57170164009435,75.10134121340656,-10.200900000114643,1.1493161585130591,-38.58400000000002,39.92623629199927,0.6910380831288903
1804,IP15_MAC,A	E	TR4c_1	TR4c_2	TR6c_1	TR6c_2	TR8c_1	TR8c_2	TRc0_1	TRc0_2	TR60_1	TR60_2,N	N	-88	-91	-85	-88	-90	-85	-84	-93	-88	-92,"[-88, -91, -85, -88, -90, -85, -84, -93, -88, -92]",-88,-91,-85,-88,-90,-85,-84,-93,-88,-92,240,30,1039339,-0.48005,1.725491,80.194834,1039139,1142762065,224025400,155825,0.76485,0.014215,0.006493,0.644019,1039139,-0.012598,-0.016561,-0.002032,0.0426609516143798,114.2762065,22.40254,155.825,-0.0008732000000009,-0.0005892000000002,38.585,-65.40120000003213,-89.61017173593135,117.4568093598124,39.93093802911032,0.0209070645715748,200.194834,IP15,173.4081155515322,75.08157760399685,-10.211999999850008,1.1801029140344357,-38.585,39.93093802911032,0.6821743123546197
1805,IP15_MAC,A	E	TR4c_1	TR4c_2	TR6c_1	TR6c_2	TR8c_1	TR8c_2	TRc0_1	TRc0_2	TR60_1	TR60_2,N	N	-86	-91	-85	-85	-86	-89	-84	-96	-127	-127,"[-86, -91, -85, -85, -86, -89, -84, -96, -127, -127]",-86,-91,-85,-85,-86,-89,-84,-96,-127,-127,298,30,1039539,-0.993587,1.720838,83.70926,1039339,1142762063,224025401,155835,0.744677,0.016968,0.003561,0.6672,1039339,-0.007053,-0.031455,0.001305,0.0461199283599853,114.2762063,22.4025401,155.835,-0.0008734000000032,-0.0005890999999991,38.59500000000001,-65.39009999990242,-89.63069621857842,117.46957439109212,39.944052182462016,0.0322624372761885,145.70926,IP15,173.3017184291588,75.06669658122145,-10.223099999979723,1.2006273966815115,-38.59500000000001,39.944052182462016,0.6809008431232647
1806,IP15_MAC,A	E	TR4c_1	TR4c_2	TR6c_1	TR6c_2	TR8c_1	TR8c_2	TRc0_1	TRc0_2	TR60_1	TR60_2,N	N	-86	-91	-85	-85	-86	-89	-84	-96	-89	-94,"[-86, -91, -85, -85, -86, -89, -84, -96, -89, -94]",-86,-91,-85,-85,-86,-89,-84,-96,-89,-94,242,30,1039539,-0.993587,1.720838,83.70926,1039339,1142762063,224025401,155835,0.744677,0.016968,0.003561,0.6672,1039339,-0.007053,-0.031455,0.001305,0.0446603298187255,114.2762063,22.4025401,155.835,-0.0008734000000032,-0.0005890999999991,38.59500000000001,-65.39009999990242,-89.63069621857842,117.46957439109212,39.944052182462016,0.0322624372761885,201.70926,IP15,173.3017184291588,75.06669658122145,-10.223099999979723,1.2006273966815115,-38.59500000000001,39.944052182462016,0.6794103821087344
1807,IP15_MAC,A	E	TR4c_1	TR4c_2	TR6c_1	TR6c_2	TR8c_1	TR8c_2	TRc0_1	TRc0_2	TR60_1	TR60_2,N	N	-86	-91	-85	-83	-127	-127	-85	-92	-127	-127,"[-86, -91, -85, -83, -127, -127, -85, -92, -127, -127]",-86,-91,-85,-83,-127,-127,-85,-92,-127,-127,299,30,1039739,-1.381754,2.064009,87.294472,1039539,1142762060,224025401,155853,0.723322,0.021352,0.003705,0.690171,1039539,0.016177,-0.046561,0.011561,0.0474853515625,114.276206,22.4025401,155.853,-0.0008736999999996,-0.0005890999999991,38.613000000000014,-65.39009999990242,-89.66148303852673,117.49898079415522,39.9623813552509,0.0506288333956057,148.29447199999998,IP15,173.13157980842092,75.06830941596749,-10.223099999979723,1.2314142166298154,-38.613000000000014,39.9623813552509,0.6856234635710688
1808,IP15_MAC,A	E	TR4c_1	TR4c_2	TR6c_1	TR6c_2	TR8c_1	TR8c_2	TRc0_1	TRc0_2	TR60_1	TR60_2,N	N	-85	-91	-86	-83	-127	-127	-89	-92	-127	-127,"[-85, -91, -86, -83, -127, -127, -89, -92, -127, -127]",-85,-91,-86,-83,-127,-127,-89,-92,-127,-127,298,30,1039739,-1.381754,2.064009,87.294472,1039539,1142762060,224025401,155853,0.723322,0.021352,0.003705,0.690171,1039539,0.016177,-0.046561,0.011561,0.0527539253234863,114.276206,22.4025401,155.853,-0.0008736999999996,-0.0005890999999991,38.613000000000014,-65.39009999990242,-89.66148303852673,117.49898079415522,39.9623813552509,0.0506288333956057,149.29447199999998,IP15,173.13157980842092,75.06830941596749,-10.223099999979723,1.2314142166298154,-38.613000000000014,39.9623813552509,0.6872284417547946
1809,IP15_MAC,A	E	TR4c_1	TR4c_2	TR6c_1	TR6c_2	TR8c_1	TR8c_2	TRc0_1	TRc0_2	TR60_1	TR60_2,N	N	-86	-91	-85	-82	-127	-127	-89	-92	-127	-127,"[-86, -91, -85, -82, -127, -127, -89, -92, -127, -127]",-86,-91,-85,-82,-127,-127,-89,-92,-127,-127,298,29,1039939,-1.42551,2.009875,91.021529,1039739,1142762058,224025403,155859,0.700499,0.021161,0.003793,0.713329,1039739,0.026956,-0.04706,0.010647,0.0500910282135009,114.2762058,22.4025403,155.859,-0.0008739000000019,-0.0005889000000003,38.619000000000014,-65.36790000003734,-89.68200745659921,117.50426363694382,39.9745004150381,0.0552686904585227,153.021529,IP15,173.03320177509423,75.0365805957767,-10.245299999844804,1.2519386347022987,-38.619000000000014,39.9745004150381,0.6805640810814505
1810,IP15_MAC,A	E	TR4c_1	TR4c_2	TR6c_1	TR6c_2	TR8c_1	TR8c_2	TRc0_1	TRc0_2	TR60_1	TR60_2,N	N	-86	-92	-87	-83	-90	-85	-88	-95	-127	-127,"[-86, -92, -87, -83, -90, -85, -88, -95, -127, -127]",-86,-92,-87,-83,-90,-85,-88,-95,-127,-127,298,30,1039939,-1.42551,2.009875,91.021529,1039739,1142762058,224025403,155859,0.700499,0.021161,0.003793,0.713329,1039739,0.026956,-0.04706,0.010647,0.0468430519104003,114.2762058,22.4025403,155.859,-0.0008739000000019,-0.0005889000000003,38.619000000000014,-65.36790000003734,-89.68200745659921,117.50426363694382,39.9745004150381,0.0552686904585227,153.021529,IP15,173.03320177509423,75.0365805957767,-10.245299999844804,1.2519386347022987,-38.619000000000014,39.9745004150381,0.6931542803579375
1811,IP15_MAC,A	E	TR4c_1	TR4c_2	TR6c_1	TR6c_2	TR8c_1	TR8c_2	TRc0_1	TRc0_2	TR60_1	TR60_2,N	N	-86	-92	-87	-83	-90	-85	-88	-95	-89	-93,"[-86, -92, -87, -83, -90, -85, -88, -95, -89, -93]",-86,-92,-87,-83,-90,-85,-88,-95,-89,-93,298,30,1040139,-1.374098,1.615702,94.879183,1039939,1142762056,224025405,155880,0.676172,0.018366,0.002273,0.736512,1039939,0.027798,-0.040995,0.01756,0.0420045852661132,114.2762056,22.4025405,155.88,-0.0008741000000043,-0.0005886999999979,38.64,-65.3456999997779,-89.7025318746126,117.5144856312483,40.00112896497632,0.0525516168067168,156.879183,IP15,172.93529015757505,75.01038815867341,-10.267500000104237,1.2724630527156933,-38.64,40.00112896497632,0.6982409248798146
1812,IP15_MAC,A	E	TR4c_1	TR4c_2	TR6c_1	TR6c_2	TR8c_1	TR8c_2	TRc0_1	TRc0_2	TR60_1	TR60_2,N	N	-88	-90	-83	-84	-127	-127	-85	-92	-127	-127,"[-88, -90, -83, -84, -127, -127, -85, -92, -127, -127]",-88,-90,-83,-84,-127,-127,-85,-92,-127,-127,242,30,1040139,-1.374098,1.615702,94.879183,1039939,1142762056,224025405,155880,0.676172,0.018366,0.002273,0.736512,1039939,0.027798,-0.040995,0.01756,0.0517332553863525,114.2762056,22.4025405,155.88,-0.0008741000000043,-0.0005886999999979,38.64,-65.3456999997779,-89.7025318746126,117.5144856312483,40.00112896497632,0.0525516168067168,212.879183,IP15,172.93529015757505,75.01038815867341,-10.267500000104237,1.2724630527156933,-38.64,40.00112896497632,0.654715256630416
1813,IP15_MAC,A	E	TR4c_1	TR4c_2	TR6c_1	TR6c_2	TR8c_1	TR8c_2	TRc0_1	TRc0_2	TR60_1	TR60_2,N	N	-88	-91	-83	-81	-127	-127	-84	-92	-127	-127,"[-88, -91, -83, -81, -127, -127, -84, -92, -127, -127]",-88,-91,-83,-81,-127,-127,-84,-92,-127,-127,299,30,1040339,-1.949359,1.642949,98.585852,1040139,1142762054,224025409,155836,0.651894,0.022241,-0.000228,0.757984,1040139,0.039625,-0.050555,0.012337,0.0445113182067871,114.2762054,22.4025409,155.836,-0.0008743000000066,-0.0005882999999968,38.59600000000002,-65.3012999996534,-89.72305616346206,117.4910115921916,39.97071820570862,0.0654075700435354,159.585852,IP15,172.85310237786476,74.92955247433704,-10.311900000228746,1.2929873415651514,-38.59600000000002,39.97071820570862,0.7019658633902788
1814,IP15_MAC,A	E	TR4c_1	TR4c_2	TR6c_1	TR6c_2	TR8c_1	TR8c_2	TRc0_1	TRc0_2	TR60_1	TR60_2,N	N	-90	-92	-88	-87	-89	-87	-85	-96	-86	-89,"[-90, -92, -88, -87, -89, -87, -85, -96, -86, -89]",-90,-92,-88,-87,-89,-87,-85,-96,-86,-89,302,30,1040539,-2.309288,2.11911,102.269077,1040339,1142762052,224025411,155839,0.62702,0.027286,0.001751,0.778523,1040339,0.067612,-0.06305,0.009928,0.0385715961456298,114.2762052,22.4025411,155.839,-0.0008744999999947,-0.000588099999998,38.599,-65.27909999978831,-89.74358057986946,117.49533587797384,39.98001672023501,0.0929798377499122,160.26907699999998,IP15,172.75628441263171,74.89663398786062,-10.334100000093828,1.3135117579725488,-38.599,39.98001672023501,0.7030433355992209
1815,IP15_MAC,A	E	TR4c_1	TR4c_2	TR6c_1	TR6c_2	TR8c_1	TR8c_2	TRc0_1	TRc0_2	TR60_1	TR60_2,N	N	-90	-92	-86	-88	-89	-86	-84	-95	-84	-89,"[-90, -92, -86, -88, -89, -86, -84, -95, -84, -89]",-90,-92,-86,-88,-89,-86,-84,-95,-84,-89,330,27,1040739,-2.800749,2.256665,105.903634,1040539,1142762050,224025414,155843,0.60186,0.03136,0.000989,0.797985,1040539,0.077274,-0.066561,0.012859,0.0529940128326416,114.276205,22.4025414,155.843,-0.0008746999999971,-0.0005877999999981,38.603,-65.24579999979352,-89.76410493309413,117.49383201280224,39.99317746951117,0.1027958738374259,135.903634,IP15,172.6676963653763,74.84883903279969,-10.367400000088622,1.3340361111972214,-38.603,39.99317746951117,0.6247708136183292
1816,IP15_MAC,A	E	TR4c_1	TR4c_2	TR6c_1	TR6c_2	TR8c_1	TR8c_2	TRc0_1	TRc0_2	TR60_1	TR60_2,N	N	-84	-94	-87	-88	-92	-85	-81	-93	-82	-90,"[-84, -94, -87, -88, -92, -85, -81, -93, -82, -90]",-84,-94,-87,-88,-92,-85,-81,-93,-82,-90,328,59,1040739,-2.800749,2.256665,105.903634,1040539,1142762050,224025414,155843,0.60186,0.03136,0.000989,0.797985,1040539,0.077274,-0.066561,0.012859,0.0498633384704589,114.276205,22.4025414,155.843,-0.0008746999999971,-0.0005877999999981,38.603,-65.24579999979352,-89.76410493309413,117.49383201280224,39.99317746951117,0.1027958738374259,137.903634,IP15,172.6676963653763,74.84883903279969,-10.367400000088622,1.3340361111972214,-38.603,39.99317746951117,0.9379579508527388
1817,IP15_MAC,A	E	TR4c_1	TR4c_2	TR6c_1	TR6c_2	TR8c_1	TR8c_2	TRc0_1	TRc0_2	TR60_1	TR60_2,N	N	-85	-91	-86	-87	-93	-89	-80	-94	-127	-127,"[-85, -91, -86, -87, -93, -89, -80, -94, -127, -127]",-85,-91,-86,-87,-93,-89,-80,-94,-127,-127,328,60,1040939,-3.425077,2.283688,109.514843,1040739,1142762047,224025417,155849,0.576238,0.035894,-0.000976,0.816493,1040739,0.073718,-0.069188,0.00983,0.0431458950042724,114.2762047,22.4025417,155.849,-0.0008750000000077,-0.0005874999999981,38.609,-65.21249999979872,-89.79489156040043,117.50084079515268,40.00865134691834,0.1015773191613167,141.51484299999998,IP15,172.52412721974892,74.79995372921542,-10.400700000083418,1.36482273850352,-38.609,40.00865134691834,0.9480880029314436
1818,IP15_MAC,A	E	TR4c_1	TR4c_2	TR6c_1	TR6c_2	TR8c_1	TR8c_2	TRc0_1	TRc0_2	TR60_1	TR60_2,N	N	-88	-94	-87	-87	-89	-90	-82	-95	-85	-90,"[-88, -94, -87, -87, -89, -90, -82, -95, -85, -90]",-88,-94,-87,-87,-89,-90,-82,-95,-85,-90,328,58,1041139,-3.227287,2.225037,111.601852,1040939,1142762045,224025420,155854,0.561348,0.034192,0.000225,0.826873,1040939,0.064436,-0.054958,0.019458,0.0446205139160156,114.2762045,22.402542,155.854,-0.0008751999999958,-0.0005871999999982,38.61400000000002,-65.17919999980393,-89.8154159119674,117.4996938040867,40.02285020537144,0.0868964534604261,143.601852,IP15,172.4369373893772,74.75251174047192,-10.434000000078214,1.3853470900704965,-38.61400000000002,40.02285020537144,0.9402793311728412
1819,IP15_MAC,A	E	TR4c_1	TR4c_2	TR6c_1	TR6c_2	TR8c_1	TR8c_2	TRc0_1	TRc0_2	TR60_1	TR60_2,N	N	-87	-94	-86	-87	-90	-89	-82	-95	-85	-91,"[-87, -94, -86, -87, -90, -89, -82, -95, -85, -91]",-87,-94,-86,-87,-90,-89,-82,-95,-85,-91,300,31,1041139,-3.227287,2.225037,111.601852,1040939,1142762045,224025420,155854,0.561348,0.034192,0.000225,0.826873,1040939,0.064436,-0.054958,0.019458,0.0428996086120605,114.2762045,22.402542,155.854,-0.0008751999999958,-0.0005871999999982,38.61400000000002,-65.17919999980393,-89.8154159119674,117.4996938040867,40.02285020537144,0.0868964534604261,171.601852,IP15,172.4369373893772,74.75251174047192,-10.434000000078214,1.3853470900704965,-38.61400000000002,40.02285020537144,0.7223097035365863
1820,IP15_MAC,A	E	TR4c_1	TR4c_2	TR6c_1	TR6c_2	TR8c_1	TR8c_2	TRc0_1	TRc0_2	TR60_1	TR60_2,N	N	-127	-127	-85	-85	-127	-127	-88	-92	-89	-91,"[-127, -127, -85, -85, -127, -127, -88, -92, -89, -91]",-127,-127,-85,-85,-127,-127,-88,-92,-89,-91,241,30,1041339,-3.124723,1.653955,112.414793,1041139,1142762043,224025424,155874,0.555657,0.030678,-0.003175,0.83084,1041139,0.046734,-0.040953,0.023027,0.0464482307434082,114.2762043,22.4025424,155.874,-0.0008753999999981,-0.0005867999999971,38.634,-65.13479999967942,-89.83594020027047,117.49733732585096,40.05445414553516,0.0662680744702907,231.414793,IP15,172.35834519262522,74.6955506226805,-10.478400000202726,1.4058713783735612,-38.634,40.05445414553516,0.5998056728810703
1821,IP15_MAC,A	E	TR4c_1	TR4c_2	TR6c_1	TR6c_2	TR8c_1	TR8c_2	TRc0_1	TRc0_2	TR60_1	TR60_2,N	N	-87	-93	-85	-85	-127	-127	-88	-92	-89	-91,"[-87, -93, -85, -85, -127, -127, -88, -92, -89, -91]",-87,-93,-85,-85,-127,-127,-88,-92,-89,-91,241,30,1041539,-3.38908,1.603541,112.831206,1041339,1142762042,224025425,155874,0.552584,0.032367,-0.004706,0.832815,1041339,0.043127,-0.038731,0.017453,0.0447707176208496,114.2762042,22.4025425,155.874,-0.0008755000000064,-0.0005866999999994,38.634,-65.12369999994405,-89.84620240974795,117.49903125190484,40.05772086111916,0.0605362345954883,231.831206,IP15,172.3112781727088,74.67848539813376,-10.48949999993809,1.4161335878510355,-38.634,40.05772086111916,0.5983027937203456
1822,IP15_MAC,A	E	TR4c_1	TR4c_2	TR6c_1	TR6c_2	TR8c_1	TR8c_2	TRc0_1	TRc0_2	TR60_1	TR60_2,N	N	-85	-88	-85	-86	-89	-86	-82	-89	-127	-127,"[-85, -88, -85, -86, -89, -86, -82, -89, -127, -127]",-85,-88,-85,-86,-89,-86,-82,-89,-127,-127,328,60,1041739,-3.606342,1.679262,113.034118,1041539,1142762042,224025426,155863,0.551032,0.034319,-0.005144,0.833762,1041539,0.044386,-0.031307,0.011135,0.0445399284362793,114.2762042,22.4025426,155.863,-0.0008755000000064,-0.0005865999999983,38.623000000000005,-65.11259999981434,-89.84620234510687,117.48926284377526,40.050020767996905,0.0554457705330172,145.034118,IP15,172.31930906070386,74.65914944946672,-10.500600000067806,1.4161335232099646,-38.623000000000005,40.050020767996905,0.9527303567281112
1823,IP15_MAC,A	E	TR4c_1	TR4c_2	TR6c_1	TR6c_2	TR8c_1	TR8c_2	TRc0_1	TRc0_2	TR60_1	TR60_2,N	N	-86	-92	-85	-85	-89	-86	-82	-90	-86	-91,"[-86, -92, -85, -85, -89, -86, -82, -90, -86, -91]",-86,-92,-85,-85,-89,-86,-82,-90,-86,-91,298,30,1041739,-3.606342,1.679262,113.034118,1041539,1142762042,224025426,155863,0.551032,0.034319,-0.005144,0.833762,1041539,0.044386,-0.031307,0.011135,0.0413515567779541,114.2762042,22.4025426,155.863,-0.0008755000000064,-0.0005865999999983,38.623000000000005,-65.11259999981434,-89.84620234510687,117.48926284377526,40.050020767996905,0.0554457705330172,175.034118,IP15,172.31930906070386,74.65914944946672,-10.500600000067806,1.4161335232099646,-38.623000000000005,40.050020767996905,0.7110436522036192
1826,IP15_MAC,A	E	TR4c_1	TR4c_2	TR6c_1	TR6c_2	TR8c_1	TR8c_2	TRc0_1	TRc0_2	TR60_1	TR60_2,N	N	-88	-92	-84	-86	-89	-84	-81	-93	-127	-127,"[-88, -92, -84, -86, -89, -84, -81, -93, -127, -127]",-88,-92,-84,-86,-89,-84,-81,-93,-127,-127,242,30,1042139,-3.213772,1.436116,115.953488,1041939,1142762041,224025427,155864,0.529779,0.030413,-0.004249,0.84758,1041939,0.045591,-0.006328,-0.001684,0.0460858345031738,114.2762041,22.4025427,155.864,-0.0008756000000005,-0.0005864999999971,38.62400000000001,-65.10149999968462,-89.85646455310383,117.49128861405912,40.05426091786189,0.0460588614818039,233.953488,IP15,172.27239128209965,74.6424560153378,-10.51170000019752,1.4263957312069238,-38.62400000000001,40.05426091786189,0.5909492605183012
1827,IP15_MAC,A	E	TR4c_1	TR4c_2	TR6c_1	TR6c_2	TR8c_1	TR8c_2	TRc0_1	TRc0_2	TR60_1	TR60_2,N	N	-87	-92	-83	-88	-83	-83	-80	-92	-87	-89,"[-87, -92, -83, -88, -83, -83, -80, -92, -87, -89]",-87,-92,-83,-88,-83,-83,-80,-92,-87,-89,240,30,1042139,-3.213772,1.436116,115.953488,1041939,1142762041,224025427,155864,0.529779,0.030413,-0.004249,0.84758,1041939,0.045591,-0.006328,-0.001684,0.0435328483581543,114.2762041,22.4025427,155.864,-0.0008756000000005,-0.0005864999999971,38.62400000000001,-65.10149999968462,-89.85646455310383,117.49128861405912,40.05426091786189,0.0460588614818039,235.953488,IP15,172.27239128209965,74.6424560153378,-10.51170000019752,1.4263957312069238,-38.62400000000001,40.05426091786189,0.583836421468137
1828,IP15_MAC,A	E	TR4c_1	TR4c_2	TR6c_1	TR6c_2	TR8c_1	TR8c_2	TRc0_1	TRc0_2	TR60_1	TR60_2,N	N	-90	-93	-86	-85	-78	-83	-80	-93	-88	-86,"[-90, -93, -86, -85, -78, -83, -80, -93, -88, -86]",-90,-93,-86,-85,-78,-83,-80,-93,-88,-86,121,29,1042339,-3.824718,2.194505,117.859224,1042339,1142762041,224025431,155852,0.515226,0.038452,-0.000829,0.856191,1042339,0.081397,0.010579,-0.009513,0.0453579425811767,114.2762041,22.4025431,155.852,-0.0008756000000005,-0.0005860999999995,38.61200000000001,-65.05709999995446,-89.85646429451008,117.46274720061096,40.0543679921774,0.0826310112427531,356.859224,IP15,172.30450545146016,74.57721971663986,-10.556099999927682,1.4263954726131658,-38.61200000000001,40.0543679921774,0.2354902011416458
1846,IP15_MAC,A	E	TR4c_1	TR4c_2	TR6c_1	TR6c_2	TR8c_1	TR8c_2	TRc0_1	TRc0_2	TR60_1	TR60_2,N	N	-93	-92	-91	-82	-88	-92	-82	-90	-79	-83,"[-93, -92, -91, -82, -88, -92, -82, -90, -79, -83]",-93,-92,-91,-82,-88,-92,-82,-90,-79,-83,0,30,1047139,-4.250089,0.655387,148.345505,1047139,1142762044,224025465,155763,0.272433,0.03723,-0.004618,0.961443,1047139,-0.013317,0.002154,0.014132,0.0423181056976318,114.2762044,22.4025465,155.763,-0.0008753000000041,-0.0005826999999989,38.52300000000001,-64.67969999988199,-89.82567527793225,117.20126731486852,40.06882414833422,0.01953703224648,148.345505,IP15,172.72581748948824,74.03310073458633,-10.933500000000151,1.3956064560353385,-38.52300000000001,40.06882414833422,0.6976945168225586
1847,IP15_MAC,A	E	TR4c_1	TR4c_2	TR6c_1	TR6c_2	TR8c_1	TR8c_2	TRc0_1	TRc0_2	TR60_1	TR60_2,N	N	-91	-94	-89	-83	-89	-93	-82	-90	-79	-85,"[-91, -94, -89, -83, -89, -93, -82, -90, -79, -85]",-91,-94,-89,-83,-89,-93,-82,-90,-79,-85,359,30,1047139,-4.250089,0.655387,148.345505,1047139,1142762044,224025465,155763,0.272433,0.03723,-0.004618,0.961443,1047139,-0.013317,0.002154,0.014132,0.0507009029388427,114.2762044,22.4025465,155.763,-0.0008753000000041,-0.0005826999999989,38.52300000000001,-64.67969999988199,-89.82567527793225,117.20126731486852,40.06882414833422,0.01953703224648,149.345505,IP15,172.72581748948824,74.03310073458633,-10.933500000000151,1.3956064560353385,-38.52300000000001,40.06882414833422,0.6993777122086667
1863,IP15_MAC,A	E	TR4c_1	TR4c_2	TR6c_1	TR6c_2	TR8c_1	TR8c_2	TRc0_1	TRc0_2	TR60_1	TR60_2,N	N	-90	-94	-89	-85	-91	-87	-81	-89	-84	-90,"[-90, -94, -89, -85, -91, -87, -81, -89, -84, -90]",-90,-94,-89,-85,-91,-87,-81,-89,-84,-90,329,59,1051939,-4.638291,-0.511741,170.493219,1051939,1142762060,224025480,155763,0.083088,0.039953,-0.007804,0.995711,1051939,-0.002453,0.016114,-0.011081,0.0456836223602294,114.276206,22.402548,155.763,-0.0008736999999996,-0.0005811999999991,38.52300000000001,-64.51319999990801,-89.66147794238209,116.98356777787384,40.10919966069431,0.0197095602690673,201.493219,IP15,173.66961968135297,73.83274438805765,-11.09999999997413,1.231409120485182,-38.52300000000001,40.10919966069431,0.9500976315053444
1865,IP15_MAC,A	E	TR4c_1	TR4c_2	TR6c_1	TR6c_2	TR8c_1	TR8c_2	TRc0_1	TRc0_2	TR60_1	TR60_2,N	N	-90	-93	-88	-86	-92	-87	-81	-88	-84	-90,"[-90, -93, -88, -86, -92, -87, -81, -88, -84, -90]",-90,-93,-88,-86,-92,-87,-81,-88,-84,-90,329,59,1052139,-4.821562,-0.678619,170.467454,1052139,1142762061,224025480,155764,0.083374,0.041422,-0.009395,0.995613,1052139,-0.022395,0.01352,0.000526,0.0418710708618164,114.2762061,22.402548,155.764,-0.0008736000000055,-0.0005811999999991,38.524000000000015,-64.51319999990801,-89.6512156701354,116.9760318243069,40.10984636749921,0.0261649211923139,201.467454,IP15,173.72195257501085,73.83468818293527,-11.09999999997413,1.2211468482384902,-38.524000000000015,40.10984636749921,0.950181995861914
1874,IP15_MAC,A	E	TR4c_1	TR4c_2	TR6c_1	TR6c_2	TR8c_1	TR8c_2	TRc0_1	TRc0_2	TR60_1	TR60_2,N	N	-91	-95	-91	-83	-88	-91	-79	-90	-87	-91,"[-91, -95, -91, -83, -88, -91, -79, -90, -87, -91]",-91,-95,-91,-83,-88,-91,-79,-90,-87,-91,329,59,1053339,-4.666318,-0.301993,170.329733,1053139,1142762064,224025479,155751,0.084435,0.040339,-0.006059,0.995594,1053139,-0.023426,0.023249,-0.000813,0.0393495559692382,114.2762064,22.4025479,155.751,-0.0008732999999949,-0.0005813000000003,38.51100000000001,-64.52430000003773,-89.62042891495723,116.95428034234476,40.093363308129945,0.0330144581357925,201.329733,IP15,173.87293318931202,73.84922773130513,-11.088899999844417,1.1903600930603204,-38.51100000000001,40.093363308129945,0.9504658873598596
1877,IP15_MAC,A	E	TR4c_1	TR4c_2	TR6c_1	TR6c_2	TR8c_1	TR8c_2	TRc0_1	TRc0_2	TR60_1	TR60_2,N	N	-90	-94	-91	-85	-91	-92	-80	-92	-82	-90,"[-90, -94, -91, -85, -91, -92, -80, -92, -82, -90]",-90,-94,-91,-85,-91,-92,-80,-92,-82,-90,330,59,1053939,-4.830082,-0.707658,170.229459,1053739,1142762066,224025479,155759,0.085452,0.041455,-0.00974,0.995432,1053739,-0.0255,-0.005723,0.005665,0.0428822040557861,114.2762066,22.4025479,155.759,-0.0008731000000068,-0.0005813000000003,38.51899999999999,-64.52430000003773,-89.59990437044908,116.94118827294552,40.100443631177015,0.0267412593944264,200.229459,IP15,173.97779481809926,73.85538816478488,-11.088899999844417,1.1698355485521716,-38.51899999999999,40.100443631177015,0.9518050071151228
1880,IP15_MAC,A	E	TR4c_1	TR4c_2	TR6c_1	TR6c_2	TR8c_1	TR8c_2	TRc0_1	TRc0_2	TR60_1	TR60_2,N	N	-89	-92	-92	-87	-127	-127	-80	-91	-87	-89,"[-89, -92, -92, -87, -127, -127, -80, -91, -87, -89]",-89,-92,-92,-87,-127,-127,-80,-91,-87,-89,330,60,1054339,-4.236357,-0.802979,171.627278,1054139,1142762067,224025478,155759,0.073317,0.036346,-0.009685,0.996599,1054139,-0.037234,-0.004984,0.008543,0.0427916049957275,114.2762067,22.4025478,155.759,-0.0008729999999985,-0.0005813999999979,38.51899999999999,-64.53539999977309,-89.58964216119313,116.93945098512027,40.097077501628746,0.0385252366767551,201.627278,IP15,174.02430208290602,73.87201239753125,-11.07780000010905,1.159573339296216,-38.51899999999999,40.097077501628746,0.955024960052106
1883,IP15_MAC,A	E	TR4c_1	TR4c_2	TR6c_1	TR6c_2	TR8c_1	TR8c_2	TRc0_1	TRc0_2	TR60_1	TR60_2,N	N	-90	-93	-92	-87	-92	-91	-78	-88	-91	-89,"[-90, -93, -92, -87, -92, -91, -78, -88, -91, -89]",-90,-93,-92,-87,-92,-91,-78,-88,-91,-89,330,60,1054539,-4.597373,-0.489926,171.520405,1054539,1142762069,224025478,155754,0.074152,0.039679,-0.007229,0.996431,1054539,-0.026005,0.007786,0.000282,0.0440316200256347,114.2762069,22.4025478,155.754,-0.0008727999999962,-0.0005813999999979,38.514,-64.53539999977309,-89.56911761521185,116.92208037619912,40.091685933569416,0.0271470319740482,201.520405,IP15,174.1293271209032,73.87293525738548,-11.07780000010905,1.1390487933149416,-38.514,40.091685933569416,0.9552591267122552
1884,IP15_MAC,A	E	TR4c_1	TR4c_2	TR6c_1	TR6c_2	TR8c_1	TR8c_2	TRc0_1	TRc0_2	TR60_1	TR60_2,N	N	-91	-91	-91	-91	-89	-93	-76	-89	-85	-88,"[-91, -91, -91, -91, -89, -93, -76, -89, -85, -88]",-91,-91,-91,-91,-89,-93,-76,-89,-85,-88,330,60,1054739,-4.334499,-0.696224,171.551512,1054739,1142762069,224025477,155754,0.073945,0.037262,-0.008844,0.996527,1054739,-0.030692,0.001922,0.004811,0.0437963008880615,114.2762069,22.4025477,155.754,-0.0008727999999962,-0.0005814999999991,38.514,-64.5464999999028,-89.56911767965357,116.9282074614551,40.088620295414245,0.0311261733754729,201.551512,IP15,174.12347964051736,73.8880953740188,-11.066699999979337,1.1390488577566629,-38.514,40.088620295414245,0.9551687013237892
1886,IP15_MAC,A	E	TR4c_1	TR4c_2	TR6c_1	TR6c_2	TR8c_1	TR8c_2	TRc0_1	TRc0_2	TR60_1	TR60_2,N	N	-89	-93	-90	-91	-89	-92	-76	-89	-80	-89,"[-89, -93, -90, -91, -89, -92, -76, -89, -80, -89]",-89,-93,-90,-91,-89,-92,-76,-89,-80,-89,330,60,1055139,-4.549378,-0.655284,170.98201,1055139,1142762070,224025476,155756,0.078888,0.039114,-0.00882,0.996077,1055139,-0.014559,-0.002279,0.003158,0.0442767143249511,114.276207,22.4025476,155.756,-0.0008727000000021,-0.0005816000000002,38.516000000000005,-64.55760000003252,-89.55885547181906,116.92713357979136,40.08718880961494,0.0150708754224829,200.98201,IP15,174.17025123396584,73.90548807780816,-11.05559999984962,1.128786649922148,-38.516000000000005,40.08718880961494,0.95579181749823
1888,IP15_MAC,A	E	TR4c_1	TR4c_2	TR6c_1	TR6c_2	TR8c_1	TR8c_2	TRc0_1	TRc0_2	TR60_1	TR60_2,N	N	-93	-94	-90	-84	-87	-90	-78	-89	-83	-85,"[-93, -94, -90, -84, -87, -90, -78, -89, -83, -85]",-93,-94,-90,-84,-87,-90,-78,-89,-83,-85,330,59,1055739,-4.466736,-1.114456,168.399981,1055539,1142762070,224025474,155757,0.10146,0.037782,-0.013609,0.994029,1055539,-0.021838,-0.032934,0.006492,0.0443792343139648,114.276207,22.4025474,155.757,-0.0008727000000021,-0.000581799999999,38.51700000000001,-64.5797999998976,-89.55885560068774,116.93972153862696,40.0820329343664,0.0400461316983301,198.399981,IP15,174.15860172689207,73.93621661529208,-11.03339999998454,1.1287867787908257,-38.51700000000001,40.0820329343664,0.9536469444960454
1891,IP15_MAC,A	E	TR4c_1	TR4c_2	TR6c_1	TR6c_2	TR8c_1	TR8c_2	TRc0_1	TRc0_2	TR60_1	TR60_2,N	N	-89	-96	-89	-85	-89	-91	-79	-86	-79	-86,"[-89, -96, -89, -85, -89, -91, -79, -86, -79, -86]",-89,-96,-89,-85,-89,-91,-79,-86,-79,-86,359,30,1056339,-4.491796,-1.165321,164.587197,1056339,1142762068,224025469,155763,0.134487,0.037465,-0.015327,0.990088,1056339,-0.010122,-0.019941,0.001306,0.0431563854217529,114.2762068,22.4025469,155.763,-0.0008729000000045,-0.0005822999999978,38.52300000000001,-64.63529999975748,-89.57938046897358,116.9880717862457,40.07314231096488,0.0224009821436471,165.587197,IP15,174.0232934005815,74.01153649907549,-10.977900000124665,1.1493116470766722,-38.52300000000001,40.07314231096488,0.7166189240494942
1892,IP15_MAC,A	E	TR4c_1	TR4c_2	TR6c_1	TR6c_2	TR8c_1	TR8c_2	TRc0_1	TRc0_2	TR60_1	TR60_2,N	N	-87	-93	-90	-84	-91	-88	-78	-86	-79	-87,"[-87, -93, -90, -84, -91, -88, -78, -86, -79, -87]",-87,-93,-90,-84,-91,-88,-78,-86,-79,-87,358,30,1057739,-3.433351,-0.39396,162.228792,1057539,1142762066,224025462,155801,0.154597,0.029064,-0.008025,0.987517,1057539,-0.018129,-0.009861,0.003912,0.0455329418182373,114.2762066,22.4025462,155.801,-0.0008731000000068,-0.0005829999999988,38.56099999999999,-64.71299999987679,-89.59990546633483,117.05924205102384,40.08907081505863,0.0210048495828939,164.228792,IP15,173.8743210298922,74.12968252469314,-10.900200000005356,1.1698366444379218,-38.56099999999999,40.08907081505863,0.714417744525088
1897,IP15_MAC,A	E	TR4c_1	TR4c_2	TR6c_1	TR6c_2	TR8c_1	TR8c_2	TRc0_1	TRc0_2	TR60_1	TR60_2,N	N	-86	-90	-86	-82	-87	-84	-77	-88	-77	-87,"[-86, -90, -86, -82, -87, -84, -77, -88, -77, -87]",-86,-90,-86,-82,-87,-84,-77,-88,-77,-87,357,30,1059539,-8.945754,-0.715818,162.107328,1059539,1142762082,224025408,155815,0.155616,0.076061,-0.018286,0.984715,1059539,-0.923899,0.265356,-0.004274,0.0481684207916259,114.2762082,22.4025408,155.815,-0.0008715000000023,-0.000588399999998,38.575,-65.31239999978311,-89.43571257272195,117.27099770242516,39.939309270386914,0.9612603372723748,165.107328,IP15,174.4240133736326,74.98110911076594,-10.30080000009903,1.005643750825044,-38.575,39.939309270386914,0.7043794750839518
1900,IP15_MAC,A	E	TR4c_1	TR4c_2	TR6c_1	TR6c_2	TR8c_1	TR8c_2	TRc0_1	TRc0_2	TR60_1	TR60_2,N	N	-86	-93	-86	-87	-87	-88	-79	-88	-81	-88,"[-86, -93, -86, -87, -87, -88, -79, -88, -81, -88]",-86,-93,-86,-87,-87,-88,-79,-88,-81,-88,330,59,1059739,-8.785985,-0.802989,162.044827,1059739,1142762088,224025391,155815,0.156218,0.074559,-0.01886,0.984724,1059739,-1.021908,0.310623,-0.005423,0.0415105819702148,114.2762088,22.4025391,155.815,-0.0008708999999953,-0.0005901000000001,38.575,-65.50110000001652,-89.37414002480118,117.3292871851906,39.88955329210187,1.0680880195573772,192.044827,IP15,174.66629527168445,75.24982784090398,-10.11209999986562,0.9440712029042686,-38.575,39.88955329210187,0.954064859075048
1949,IP15_MAC,A	E	TR4c_1	TR4c_2	TR6c_1	TR6c_2	TR8c_1	TR8c_2	TRc0_1	TRc0_2	TR60_1	TR60_2,N	N	-83	-88	-88	-82	-83	-85	-80	-88	-85	-87,"[-83, -88, -88, -82, -83, -85, -80, -88, -85, -87]",-83,-88,-88,-82,-83,-85,-80,-88,-85,-87,328,60,1067139,-3.837864,0.274592,150.346789,1066939,1142762173,224025124,155766,0.255766,0.03298,-0.006256,0.966156,1066939,0.03018,-0.015495,0.003648,0.046882152557373,114.2762173,22.4025124,155.766,-0.0008624000000025,-0.0006167999999995,38.526,-68.4647999999477,-88.50186377783771,118.33960202393696,39.18363756818349,0.0341208928517411,182.346789,IP15,179.42456918186548,79.48793944228142,-7.1483999999344405,0.0717949559408026,-38.526,39.18363756818349,0.9425931168822276
1950,IP15_MAC,A	E	TR4c_1	TR4c_2	TR6c_1	TR6c_2	TR8c_1	TR8c_2	TRc0_1	TRc0_2	TR60_1	TR60_2,N	N	-85	-89	-86	-82	-83	-85	-78	-88	-84	-87,"[-85, -89, -86, -82, -83, -85, -78, -88, -84, -87]",-85,-89,-86,-82,-83,-85,-78,-88,-84,-87,329,59,1067139,-3.837864,0.274592,150.346789,1067139,1142762173,224025123,155756,0.255766,0.03298,-0.006256,0.966156,1067139,0.014967,-0.001393,0.006833,0.0513203144073486,114.2762173,22.4025123,155.756,-0.0008624000000025,-0.0006168999999971,38.516000000000005,-68.47589999968307,-88.50186384151147,118.34276927716382,39.17178144809965,0.0165118571638686,181.346789,IP15,179.42367381536826,79.50123334025905,-7.137300000199076,0.0717950196145551,-38.516000000000005,39.17178144809965,0.9366117918181354
1954,IP15_MAC,A	E	TR4c_1	TR4c_2	TR6c_1	TR6c_2	TR8c_1	TR8c_2	TRc0_1	TRc0_2	TR60_1	TR60_2,N	N	-84	-87	-88	-81	-127	-127	-76	-87	-84	-87,"[-84, -87, -88, -81, -127, -127, -76, -87, -84, -87]",-84,-87,-88,-81,-127,-127,-76,-87,-84,-87,329,60,1067539,-3.178379,0.114016,157.237113,1067539,1142762176,224025128,155773,0.197336,0.027381,-0.0045,0.979943,1067539,0.011875,0.028195,-0.001206,0.042363166809082,114.2762176,22.4025128,155.773,-0.0008621000000061,-0.0006163999999984,38.533,-68.42039999982319,-88.47107669714742,118.29317240267228,39.19859873116233,0.0306174474115658,188.237113,IP15,179.67334657961695,79.42634693309942,-7.192800000058952,0.0410078752505143,-38.533,39.19859873116233,0.9420468769046384
1956,IP15_MAC,A	E	TR4c_1	TR4c_2	TR6c_1	TR6c_2	TR8c_1	TR8c_2	TRc0_1	TRc0_2	TR60_1	TR60_2,N	N	-84	-84	-88	-82	-127	-127	-79	-85	-83	-86,"[-84, -84, -88, -82, -127, -127, -79, -85, -83, -86]",-84,-84,-88,-82,-127,-127,-79,-85,-83,-86,330,60,1067739,-3.019238,0.074463,161.306525,1067739,1142762176,224025129,155751,0.162438,0.026098,-0.00364,0.986367,1067739,0.007869,-0.016846,0.00125,0.0480968952178955,114.2762176,22.4025129,155.751,-0.0008621000000061,-0.0006162999999972,38.51100000000001,-68.40929999969347,-88.47107663349583,118.27958762245476,39.17901195606305,0.0186352187269159,191.306525,IP15,179.67385039303355,79.4044863475496,-7.203900000188668,0.0410078115989165,-38.51100000000001,39.17901195606305,0.9413082949850052
1957,IP15_MAC,A	E	TR4c_1	TR4c_2	TR6c_1	TR6c_2	TR8c_1	TR8c_2	TRc0_1	TRc0_2	TR60_1	TR60_2,N	N	-83	-83	-89	-81	-127	-127	-79	-86	-82	-88,"[-83, -83, -89, -81, -127, -127, -79, -86, -82, -88]",-83,-83,-89,-81,-127,-127,-79,-86,-82,-88,330,61,1067939,-3.021103,-0.348486,162.524533,1067739,1142762176,224025129,155751,0.152041,0.025591,-0.007011,0.988018,1067739,0.007869,-0.016846,0.00125,0.0417084693908691,114.2762176,22.4025129,155.751,-0.0008621000000061,-0.0006162999999972,38.51100000000001,-68.40929999969347,-88.47107663349583,118.27958762245476,39.17901195606305,0.0186352187269159,192.524533,IP15,179.67385039303355,79.4044863475496,-7.203900000188668,0.0410078115989165,-38.51100000000001,39.17901195606305,0.9466185010205612
1959,IP15_MAC,A	E	TR4c_1	TR4c_2	TR6c_1	TR6c_2	TR8c_1	TR8c_2	TRc0_1	TRc0_2	TR60_1	TR60_2,N	N	-85	-89	-86	-85	-87	-84	-73	-83	-127	-127,"[-85, -89, -86, -85, -87, -84, -73, -83, -127, -127]",-85,-89,-86,-85,-87,-84,-73,-83,-127,-127,330,60,1068339,-3.73025,-0.693016,162.743812,1068139,1142762178,224025132,155771,0.150236,0.031268,-0.010861,0.988096,1068139,0.026974,-0.033277,0.002873,0.0499944686889648,114.2762178,22.4025132,155.771,-0.0008619000000038,-0.0006159999999972,38.53099999999999,-68.37599999969868,-88.45055189145044,118.25149245088184,39.20478853914141,0.0429326162026028,192.743812,IP15,179.83783917768434,79.36215036633138,-7.237200000183463,0.0204830695535349,-38.53099999999999,39.20478853914141,0.9411101796030982
1960,IP15_MAC,A	E	TR4c_1	TR4c_2	TR6c_1	TR6c_2	TR8c_1	TR8c_2	TRc0_1	TRc0_2	TR60_1	TR60_2,N	N	-84	-88	-85	-84	-85	-82	-72	-83	-127	-127,"[-84, -88, -85, -84, -85, -82, -72, -83, -127, -127]",-84,-88,-85,-84,-85,-82,-72,-83,-127,-127,330,60,1068539,-3.399095,-0.97456,162.652745,1068339,1142762177,224025132,155780,0.151087,0.028033,-0.012878,0.988039,1068339,0.019033,-0.02718,-0.001543,0.0490233898162841,114.2762177,22.4025132,155.78,-0.0008619999999979,-0.0006159999999972,38.540000000000006,-68.37599999969868,-88.46081416626654,118.26210136352871,39.21364060016433,0.0332172897449506,192.652745,IP15,179.75659538568075,79.3645257207397,-7.237200000183463,0.0307453443696346,-38.540000000000006,39.21364060016433,0.9411004809885348
1962,IP15_MAC,A	E	TR4c_1	TR4c_2	TR6c_1	TR6c_2	TR8c_1	TR8c_2	TRc0_1	TRc0_2	TR60_1	TR60_2,N	N	-127	-127	-86	-85	-86	-83	-74	-82	-84	-86,"[-127, -127, -86, -85, -86, -83, -74, -82, -84, -86]",-127,-127,-86,-85,-86,-83,-74,-82,-84,-86,330,61,1068539,-3.399095,-0.97456,162.652745,1068539,1142762177,224025133,155771,0.151087,0.028033,-0.012878,0.988039,1068539,0.018521,-0.014328,-0.001854,0.0457384586334228,114.2762177,22.4025133,155.771,-0.0008619999999979,-0.0006158999999996,38.53099999999999,-68.36489999996331,-88.46081410262232,118.25275110839362,39.20684582010021,0.0234894942687151,192.652745,IP15,179.756968632539,79.34615590213595,-7.248299999918828,0.0307452807254122,-38.53099999999999,39.20684582010021,0.9469115674329336
1963,IP15_MAC,A	E	TR4c_1	TR4c_2	TR6c_1	TR6c_2	TR8c_1	TR8c_2	TRc0_1	TRc0_2	TR60_1	TR60_2,N	N	-83	-88	-86	-85	-87	-82	-74	-82	-127	-127,"[-83, -88, -86, -85, -87, -82, -74, -82, -127, -127]",-83,-88,-86,-85,-87,-82,-74,-82,-127,-127,330,60,1068739,-5.439143,-0.828123,162.670177,1068539,1142762177,224025133,155771,0.150924,0.045812,-0.014288,0.98738,1068539,0.018521,-0.014328,-0.001854,0.0412867069244384,114.2762177,22.4025133,155.771,-0.0008619999999979,-0.0006158999999996,38.53099999999999,-68.36489999996331,-88.46081410262232,118.25275110839362,39.20684582010021,0.0234894942687151,192.670177,IP15,179.756968632539,79.34615590213595,-7.248299999918828,0.0307452807254122,-38.53099999999999,39.20684582010021,0.9411966203442615
1965,IP15_MAC,A	E	TR4c_1	TR4c_2	TR6c_1	TR6c_2	TR8c_1	TR8c_2	TRc0_1	TRc0_2	TR60_1	TR60_2,N	N	-84	-89	-127	-127	-85	-83	-75	-82	-84	-85,"[-84, -89, -127, -127, -85, -83, -75, -82, -84, -85]",-84,-89,-127,-127,-85,-83,-75,-82,-84,-85,329,60,1068739,-5.439143,-0.828123,162.670177,1068739,1142762177,224025133,155792,0.150924,0.045812,-0.014288,0.98738,1068739,0.010939,0.004795,-0.011319,0.0452954769134521,114.2762177,22.4025133,155.792,-0.0008619999999979,-0.0006158999999996,38.55200000000001,-68.36489999996331,-88.46081410262232,118.25959533037346,39.22748401517883,0.0164551969602311,193.670177,IP15,179.756968632539,79.35182651026193,-7.248299999918828,0.0307452807254122,-38.55200000000001,39.22748401517883,0.9407910111697269
1966,IP15_MAC,A	E	TR4c_1	TR4c_2	TR6c_1	TR6c_2	TR8c_1	TR8c_2	TRc0_1	TRc0_2	TR60_1	TR60_2,N	N	-87	-86	-86	-85	-127	-127	-74	-82	-127	-127,"[-87, -86, -86, -85, -127, -127, -74, -82, -127, -127]",-87,-86,-86,-85,-127,-127,-74,-82,-127,-127,330,60,1068939,-8.290766,-0.63033,162.716899,1068939,1142762177,224025133,155812,0.150353,0.070635,-0.016291,0.985971,1068939,-0.101965,0.05393,0.000124,0.0462157726287841,114.2762177,22.4025133,155.812,-0.0008619999999979,-0.0006158999999996,38.57200000000002,-68.36489999996331,-88.46081410262232,118.2661167355371,39.24713979592795,0.1153486952722049,192.716899,IP15,179.756968632539,79.35722154480028,-7.248299999918828,0.0307452807254122,-38.57200000000002,39.24713979592795,0.9411181653795844
1967,IP15_MAC,A	E	TR4c_1	TR4c_2	TR6c_1	TR6c_2	TR8c_1	TR8c_2	TRc0_1	TRc0_2	TR60_1	TR60_2,N	N	-87	-86	-86	-85	-127	-127	-74	-82	-77	-85,"[-87, -86, -86, -85, -127, -127, -74, -82, -77, -85]",-87,-86,-86,-85,-127,-127,-74,-82,-77,-85,331,60,1069139,-8.198824,-0.220643,162.790739,1068939,1142762177,224025133,155812,0.149471,0.070389,-0.012601,0.986177,1068939,-0.101965,0.05393,0.000124,0.0461013317108154,114.2762177,22.4025133,155.812,-0.0008619999999979,-0.0006158999999996,38.57200000000002,-68.36489999996331,-88.46081410262232,118.2661167355371,39.24713979592795,0.1153486952722049,191.790739,IP15,179.756968632539,79.35722154480028,-7.248299999918828,0.0307452807254122,-38.57200000000002,39.24713979592795,0.941441155893525
1968,IP15_MAC,A	E	TR4c_1	TR4c_2	TR6c_1	TR6c_2	TR8c_1	TR8c_2	TRc0_1	TRc0_2	TR60_1	TR60_2,N	N	-87	-83	-127	-127	-127	-127	-78	-85	-81	-91,"[-87, -83, -127, -127, -127, -127, -78, -85, -81, -91]",-87,-83,-127,-127,-127,-127,-78,-85,-81,-91,330,60,1069339,-7.020965,-0.411475,162.815466,1069139,1142762178,224025130,155822,0.149441,0.060002,-0.012697,0.986867,1069139,-0.266415,0.107448,0.003364,0.0404498577117919,114.2762178,22.402513,155.822,-0.0008619000000038,-0.0006161999999996,38.58200000000001,-68.39819999995811,-88.45055201872412,118.2809563693636,39.25082634238745,0.2872861664351418,192.815466,IP15,179.83733921328098,79.40774226445465,-7.214999999924032,0.0204831968272145,-38.58200000000001,39.25082634238745,0.9408300229839636
1969,IP15_MAC,A	E	TR4c_1	TR4c_2	TR6c_1	TR6c_2	TR8c_1	TR8c_2	TRc0_1	TRc0_2	TR60_1	TR60_2,N	N	-127	-127	-83	-82	-127	-127	-80	-89	-127	-127,"[-127, -127, -83, -82, -127, -127, -80, -89, -127, -127]",-127,-127,-83,-82,-127,-127,-80,-89,-127,-127,328,60,1069539,-6.888751,-0.360047,162.753949,1069339,1142762180,224025126,155831,0.149951,0.058924,-0.012114,0.986862,1069339,-0.389842,0.13944,0.006499,0.0485074520111084,114.276218,22.4025126,155.831,-0.0008617000000015,-0.0006165999999971,38.591,-68.44259999968827,-88.43002772209236,118.29422884759576,39.2515322677277,0.414080349165473,194.753949,IP15,180.00032840283092,79.47390556199879,-7.170600000193872,-4.109980454813922e-05,-38.591,39.2515322677277,0.93978187198553
1970,IP15_MAC,A	E	TR4c_1	TR4c_2	TR6c_1	TR6c_2	TR8c_1	TR8c_2	TRc0_1	TRc0_2	TR60_1	TR60_2,N	N	-127	-127	-83	-82	-127	-127	-80	-89	-83	-91,"[-127, -127, -83, -82, -127, -127, -80, -89, -83, -91]",-127,-127,-83,-82,-127,-127,-80,-89,-83,-91,327,60,1069539,-6.888751,-0.360047,162.753949,1069539,1142762182,224025118,155821,0.149951,0.058924,-0.012114,0.986862,1069539,-0.479855,0.163032,0.003917,0.0453572273254394,114.2762182,22.4025118,155.821,-0.0008614999999991,-0.0006173999999994,38.581,-68.53139999993729,-88.40950367977167,118.3270327856444,39.22557679836321,0.5068092313070076,195.753949,IP15,180.16638319872695,79.5987194732459,-7.081799999944849,-0.0205651421252355,-38.581,39.22557679836321,0.938744880010156
1971,IP15_MAC,A	E	TR4c_1	TR4c_2	TR6c_1	TR6c_2	TR8c_1	TR8c_2	TRc0_1	TRc0_2	TR60_1	TR60_2,N	N	-127	-127	-127	-127	-86	-83	-89	-85	-81	-86,"[-127, -127, -127, -127, -86, -83, -89, -85, -81, -86]",-127,-127,-127,-127,-86,-83,-89,-85,-81,-86,0,29,1069739,-6.925874,-0.584756,162.649699,1069539,1142762182,224025118,155821,0.150963,0.058937,-0.014151,0.986679,1069539,-0.479855,0.163032,0.003917,0.0516114234924316,114.2762182,22.4025118,155.821,-0.0008614999999991,-0.0006173999999994,38.581,-68.53139999993729,-88.40950367977167,118.3270327856444,39.22557679836321,0.5068092313070076,162.649699,IP15,180.16638319872695,79.5987194732459,-7.081799999944849,-0.0205651421252355,-38.581,39.22557679836321,0.6274256331205893
1972,IP15_MAC,A	E	TR4c_1	TR4c_2	TR6c_1	TR6c_2	TR8c_1	TR8c_2	TRc0_1	TRc0_2	TR60_1	TR60_2,N	N	-127	-127	-127	-127	-82	-88	-75	-83	-85	-86,"[-127, -127, -127, -127, -82, -88, -75, -83, -85, -86]",-127,-127,-127,-127,-82,-88,-75,-83,-85,-86,330,60,1069939,-6.805053,-0.523488,162.578277,1069739,1142762186,224025109,155827,0.151551,0.057969,-0.013501,0.986656,1069739,-0.56716,0.189233,0.002456,0.0493218898773193,114.2762186,22.4025109,155.827,-0.0008610999999945,-0.0006182999999992,38.587,-68.63129999992168,-88.36845514937707,118.35622406179876,39.2136110662368,0.5979010167452469,192.578277,IP15,180.5056090405074,79.7435218672006,-6.981899999960461,-0.0616136725198401,-38.587,39.2136110662368,0.9392452073973584
1974,IP15_MAC,A	E	TR4c_1	TR4c_2	TR6c_1	TR6c_2	TR8c_1	TR8c_2	TRc0_1	TRc0_2	TR60_1	TR60_2,N	N	-88	-83	-82	-86	-127	-127	-74	-86	-82	-89,"[-88, -83, -82, -86, -127, -127, -74, -86, -82, -89]",-88,-83,-82,-86,-127,-127,-74,-86,-82,-89,330,60,1070139,-6.488926,-0.39175,162.550859,1069939,1142762189,224025099,155814,0.151735,0.055418,-0.011963,0.986794,1069939,-0.654515,0.223216,-0.00304,0.0490033626556396,114.2762189,22.4025099,155.814,-0.0008607999999981,-0.0006193000000003,38.574,-68.74230000003578,-88.33766895851718,118.39341638080847,39.181261854905095,0.6915377860110031,192.550859,IP15,180.7704672006492,79.89935884640829,-6.870899999846358,-0.0923998633797253,-38.574,39.181261854905095,0.9384449728597938
1975,IP15_MAC,A	E	TR4c_1	TR4c_2	TR6c_1	TR6c_2	TR8c_1	TR8c_2	TRc0_1	TRc0_2	TR60_1	TR60_2,N	N	-84	-85	-86	-87	-127	-127	-78	-87	-84	-89,"[-84, -85, -86, -87, -127, -127, -78, -87, -84, -89]",-84,-85,-86,-87,-127,-127,-78,-87,-84,-89,330,60,1070139,-6.488926,-0.39175,162.550859,1070139,1142762193,224025086,155815,0.151735,0.055418,-0.011963,0.986794,1070139,-0.732769,0.251327,-0.002543,0.0423610210418701,114.2762193,22.4025086,155.815,-0.0008604000000076,-0.0006205999999977,38.575,-68.88659999975033,-88.29662068265894,118.4469818463221,39.15731835771749,0.7746755031230818,192.550859,IP15,181.13653439936544,80.10647439715906,-6.7266000001318105,-0.13344813923797,-38.575,39.15731835771749,0.937356283240563
1976,IP15_MAC,A	E	TR4c_1	TR4c_2	TR6c_1	TR6c_2	TR8c_1	TR8c_2	TRc0_1	TRc0_2	TR60_1	TR60_2,N	N	-127	-127	-88	-82	-127	-127	-81	-84	-127	-127,"[-127, -127, -88, -82, -127, -127, -81, -84, -127, -127]",-127,-127,-88,-82,-127,-127,-81,-84,-127,-127,331,60,1070339,-6.404015,-0.312355,162.54258,1070339,1142762198,224025073,155803,0.151772,0.054791,-0.011171,0.986832,1070339,-0.800005,0.265678,-0.004115,0.0512595176696777,114.2762198,22.4025073,155.803,-0.0008598999999946,-0.0006218999999987,38.563,-69.03089999985923,-88.24531012786436,118.48883864463151,39.12116790262431,0.8429767096035334,191.54258,IP15,181.6078140783836,80.3098193366797,-6.582300000022912,-0.1847586940325527,-38.563,39.12116790262431,0.936567465531557
1977,IP15_MAC,A	E	TR4c_1	TR4c_2	TR6c_1	TR6c_2	TR8c_1	TR8c_2	TRc0_1	TRc0_2	TR60_1	TR60_2,N	N	-127	-127	-127	-127	-127	-127	-77	-87	-86	-84,"[-127, -127, -127, -127, -127, -127, -77, -87, -86, -84]",-127,-127,-127,-127,-127,-127,-77,-87,-86,-84,329,60,1070539,-6.439517,-0.358575,162.446062,1070339,1142762198,224025073,155803,0.152624,0.055026,-0.011663,0.986682,1070339,-0.800005,0.265678,-0.004115,0.0519623756408691,114.2762198,22.4025073,155.803,-0.0008598999999946,-0.0006218999999987,38.563,-69.03089999985923,-88.24531012786436,118.48883864463151,39.12116790262431,0.8429767096035334,193.446062,IP15,181.6078140783836,80.3098193366797,-6.582300000022912,-0.1847586940325527,-38.563,39.12116790262431,0.9360394305847848
1978,IP15_MAC,A	E	TR4c_1	TR4c_2	TR6c_1	TR6c_2	TR8c_1	TR8c_2	TRc0_1	TRc0_2	TR60_1	TR60_2,N	N	-127	-127	-127	-127	-127	-127	-76	-92	-86	-85,"[-127, -127, -127, -127, -127, -127, -76, -92, -86, -85]",-127,-127,-127,-127,-127,-127,-76,-92,-86,-85,329,60,1070739,-6.247288,-0.403521,162.377509,1070539,1142762202,224025058,155797,0.153244,0.053304,-0.011826,0.986679,1070539,-0.866288,0.281828,0.000427,0.0470633506774902,114.2762202,22.4025058,155.797,-0.0008595000000042,-0.0006233999999984,38.557,-69.19739999983321,-88.20426197729357,118.5534235975324,39.08779512036587,0.9109786511532528,193.377509,IP15,182.0157176127052,80.54692304645802,-6.415800000048932,-0.2258068446033405,-38.557,39.08779512036587,0.9347757457873428
1979,IP15_MAC,A	E	TR4c_1	TR4c_2	TR6c_1	TR6c_2	TR8c_1	TR8c_2	TRc0_1	TRc0_2	TR60_1	TR60_2,N	N	-84	-82	-87	-91	-127	-127	-83	-86	-127	-127,"[-84, -82, -87, -91, -127, -127, -83, -86, -127, -127]",-84,-82,-87,-91,-127,-127,-83,-86,-127,-127,180,89,1070939,-6.474102,-0.568893,162.313834,1070739,1142762206,224025042,155809,0.153862,0.055028,-0.013583,0.986465,1070739,-0.923982,0.295046,0.004521,0.0497982501983642,114.2762206,22.4025042,155.809,-0.0008590999999995,-0.0006249999999994,38.569,-69.3749999999369,-88.16321388780844,118.63056380637624,39.07114167509268,0.9699563484410008,342.31383400000004,IP15,182.44947988377996,80.80421218918012,-6.2381999999452376,-0.2668549340884709,-38.569,39.07114167509268,0.9843790896545676
1980,IP15_MAC,A	E	TR4c_1	TR4c_2	TR6c_1	TR6c_2	TR8c_1	TR8c_2	TRc0_1	TRc0_2	TR60_1	TR60_2,N	N	-127	-127	-127	-127	-89	-84	-76	-90	-85	-86,"[-127, -127, -127, -127, -89, -84, -76, -90, -85, -86]",-127,-127,-127,-127,-89,-84,-76,-90,-85,-86,330,60,1070939,-6.474102,-0.568893,162.313834,1070939,1142762212,224025025,155801,0.153862,0.055028,-0.013583,0.986465,1070939,-0.975927,0.316401,0.007115,0.0452725887298584,114.2762212,22.4025025,155.801,-0.0008585000000067,-0.0006266999999979,38.56099999999999,-69.56369999977596,-88.1016413095665,118.6927052522536,39.03402408005277,1.025959904360302,192.313834,IP15,183.10753869538848,81.07111675716473,-6.049500000106178,-0.328427512330407,-38.56099999999999,39.03402408005277,0.9321352498275576
1981,IP15_MAC,A	E	TR4c_1	TR4c_2	TR6c_1	TR6c_2	TR8c_1	TR8c_2	TRc0_1	TRc0_2	TR60_1	TR60_2,N	N	-127	-127	-86	-85	-127	-127	-85	-89	-83	-90,"[-127, -127, -86, -85, -127, -127, -85, -89, -83, -90]",-127,-127,-86,-85,-127,-127,-85,-89,-83,-90,301,31,1071139,-6.696215,-0.489588,162.290719,1070939,1142762212,224025025,155801,0.154013,0.057044,-0.013209,0.986332,1070939,-0.975927,0.316401,0.007115,0.045936107635498,114.2762212,22.4025025,155.801,-0.0008585000000067,-0.0006266999999979,38.56099999999999,-69.56369999977596,-88.1016413095665,118.6927052522536,39.03402408005277,1.025959904360302,221.290719,IP15,183.10753869538848,81.07111675716473,-6.049500000106178,-0.328427512330407,-38.56099999999999,39.03402408005277,0.6133709245989677
1982,IP15_MAC,A	E	TR4c_1	TR4c_2	TR6c_1	TR6c_2	TR8c_1	TR8c_2	TRc0_1	TRc0_2	TR60_1	TR60_2,N	N	-127	-127	-83	-81	-127	-127	-79	-87	-87	-85,"[-127, -127, -83, -81, -127, -127, -79, -87, -87, -85]",-127,-127,-83,-81,-127,-127,-79,-87,-87,-85,328,60,1071139,-6.696215,-0.489588,162.290719,1071139,1142762217,224025007,155807,0.154013,0.057044,-0.013209,0.986332,1071139,-1.038448,0.343842,0.003052,0.0431344509124755,114.2762217,22.4025007,155.807,-0.000858000000008,-0.0006284999999977,38.56699999999999,-69.76349999974474,-88.05033106889879,118.7738196007734,39.009956163172745,1.0938971086770457,194.290719,IP15,183.71418796642652,81.357446412377,-5.849700000137403,-0.3797377529981247,-38.56699999999999,39.009956163172745,0.9300500586429626
1983,IP15_MAC,A	E	TR4c_1	TR4c_2	TR6c_1	TR6c_2	TR8c_1	TR8c_2	TRc0_1	TRc0_2	TR60_1	TR60_2,N	N	-87	-87	-83	-81	-127	-127	-79	-87	-87	-85,"[-87, -87, -83, -81, -127, -127, -79, -87, -87, -85]",-87,-87,-83,-81,-127,-127,-79,-87,-87,-85,300,30,1071539,-5.886525,-0.185786,162.473535,1071339,1142762223,224024988,155802,0.152336,0.050496,-0.009428,0.986993,1071339,-1.100976,0.361738,0.008739,0.0433545112609863,114.2762223,22.4024988,155.802,-0.000857400000001,-0.0006303999999985,38.562,-69.97439999984323,-87.98875861287627,118.85060429620484,38.97458998040934,1.158912810931435,222.473535,IP15,184.47502595401744,81.65569707972188,-5.638800000038913,-0.4413102090206422,-38.562,38.97458998040934,0.5937451359092717
1987,IP15_MAC,A	E	TR4c_1	TR4c_2	TR6c_1	TR6c_2	TR8c_1	TR8c_2	TRc0_1	TRc0_2	TR60_1	TR60_2,N	N	-85	-86	-88	-84	-88	-86	-79	-84	-85	-87,"[-85, -86, -88, -84, -88, -86, -79, -84, -85, -87]",-85,-86,-88,-84,-88,-86,-79,-84,-85,-87,330,60,1072139,-5.448786,-0.339352,162.630778,1072139,1142762251,224024904,155794,0.151066,0.046535,-0.010105,0.987376,1072139,-1.215941,0.391545,0.010897,0.0462865829467773,114.2762251,22.4024904,155.794,-0.0008545999999967,-0.0006387999999972,38.554000000000016,-70.90679999969751,-87.701420170972,119.18776909650788,38.84703393849051,1.277473579810949,192.630778,IP15,188.8007066466147,82.95808080214803,-4.70640000018463,-0.7286486509249102,-38.554000000000016,38.84703393849051,0.9206535713032252
1994,IP15_MAC,A	E	TR4c_1	TR4c_2	TR6c_1	TR6c_2	TR8c_1	TR8c_2	TRc0_1	TRc0_2	TR60_1	TR60_2,N	N	-88	-88	-90	-87	-85	-90	-78	-88	-89	-92,"[-88, -88, -90, -87, -85, -90, -78, -88, -89, -92]",-88,-88,-90,-87,-85,-90,-78,-88,-89,-92,330,60,1072739,-2.537248,-0.921867,162.426868,1072539,1142762265,224024860,155786,0.152991,0.020648,-0.011332,0.987947,1072539,-1.233462,0.36836,0.003485,0.0388705730438232,114.2762265,22.402486,155.786,-0.0008531999999945,-0.0006431999999989,38.54600000000001,-71.39519999988408,-87.55775106298385,119.3709699643548,38.785906954362936,1.2872955139628974,192.426868,IP15,191.6845247545824,83.62403117055315,-4.217999999998057,-0.8723177589130557,-38.54600000000001,38.785906954362936,0.9161900729342864
1996,IP15_MAC,A	E	TR4c_1	TR4c_2	TR6c_1	TR6c_2	TR8c_1	TR8c_2	TRc0_1	TRc0_2	TR60_1	TR60_2,N	N	-83	-83	-89	-85	-89	-84	-76	-88	-90	-89,"[-83, -83, -89, -85, -89, -84, -76, -88, -90, -89]",-83,-83,-89,-85,-89,-84,-76,-88,-90,-89,329,61,1072939,6.720657,-0.405431,162.608728,1072739,1142762272,224024837,155793,0.150823,-0.05847,0.005376,0.986815,1072739,-1.218001,0.375549,0.012982,0.040536880493164,114.2762272,22.4024837,155.793,-0.0008525000000076,-0.0006454999999974,38.55300000000001,-71.65049999971274,-87.48591656997958,119.4734847457722,38.76761823695317,1.2746497635531102,193.608728,IP15,193.40142224232216,83.9683387810983,-3.9627000001694057,-0.9441522519173304,-38.55300000000001,38.76761823695317,0.92072029454696
1998,IP15_MAC,A	E	TR4c_1	TR4c_2	TR6c_1	TR6c_2	TR8c_1	TR8c_2	TRc0_1	TRc0_2	TR60_1	TR60_2,N	N	-84	-78	-87	-84	-86	-86	-80	-87	-86	-89,"[-84, -78, -87, -84, -86, -86, -80, -87, -86, -89]",-84,-78,-87,-84,-86,-86,-80,-87,-86,-89,179,90,1073139,5.644692,-0.552532,162.594193,1072939,1142762278,224024815,155762,0.150994,-0.049397,0.002695,0.987296,1072939,-0.982146,0.30449,-0.009363,0.047802448272705,114.2762278,22.4024815,155.762,-0.0008519000000006,-0.0006476999999982,38.522000000000006,-71.89469999980602,-87.42434428740495,119.56507996126972,38.71412155906221,1.0283056895617178,343.594193,IP15,195.1344106828469,84.28954462903408,-3.7185000000761192,-1.0057245344919608,-38.522000000000006,38.71412155906221,0.9950374294617764
2000,IP15_MAC,A	E	TR4c_1	TR4c_2	TR6c_1	TR6c_2	TR8c_1	TR8c_2	TRc0_1	TRc0_2	TR60_1	TR60_2,N	N	-81	-85	-87	-91	-88	-87	-80	-84	-88	-87,"[-81, -85, -87, -91, -88, -87, -80, -84, -88, -87]",-81,-85,-87,-91,-88,-87,-80,-84,-88,-87,160,90,1073339,0.075158,-1.252166,162.556159,1073339,1142762287,224024786,155744,0.151726,-0.002306,-0.0107,0.988362,1073339,-0.3573,0.097784,-0.042349,0.0414352416992187,114.2762287,22.4024786,155.744,-0.0008509999999972,-0.0006506000000001,38.504000000000005,-72.21660000001862,-87.3319856092893,119.68571778630816,38.66911809572186,0.3728517647229258,2.556159000000008,IP15,197.91544636496224,84.7032742048117,-3.396599999863525,-1.0980832126076052,-38.504000000000005,38.66911809572186,0.9957299751364092
2001,IP15_MAC,A	E	TR4c_1	TR4c_2	TR6c_1	TR6c_2	TR8c_1	TR8c_2	TRc0_1	TRc0_2	TR60_1	TR60_2,N	N	-85	-82	-87	-88	-86	-89	-78	-88	-86	-91,"[-85, -82, -87, -88, -86, -89, -78, -88, -86, -91]",-85,-82,-87,-88,-86,-89,-78,-88,-86,-91,330,61,1073539,-2.928914,-0.482881,162.51661,1073339,1142762287,224024786,155744,0.152139,0.024617,-0.00805,0.98802,1073339,-0.3573,0.097784,-0.042349,0.0485835075378418,114.2762287,22.4024786,155.744,-0.0008509999999972,-0.0006506000000001,38.504000000000005,-72.21660000001862,-87.3319856092893,119.68571778630816,38.66911809572186,0.3728517647229258,192.51661,IP15,197.91544636496224,84.7032742048117,-3.396599999863525,-1.0980832126076052,-38.504000000000005,38.66911809572186,0.915441085469732
2006,IP15_MAC,A	E	TR4c_1	TR4c_2	TR6c_1	TR6c_2	TR8c_1	TR8c_2	TRc0_1	TRc0_2	TR60_1	TR60_2,N	N	-81	-79	-88	-89	-87	-87	-79	-82	-84	-88,"[-81, -79, -88, -89, -87, -87, -79, -82, -84, -88]",-81,-79,-88,-89,-87,-87,-79,-82,-84,-88,180,90,1074339,-2.8386,-0.979459,162.88268,1074339,1142762290,224024763,155799,0.149084,0.023218,-0.012137,0.988477,1074339,-0.06827,-0.000317,0.02543,0.0564804077148437,114.276229,22.4024763,155.799,-0.0008507000000008,-0.0006528999999986,38.55900000000001,-72.47189999984727,-87.30120022034457,119.8351881982106,38.70321163688862,0.0728531282032556,342.88268,IP15,199.76658576709136,85.05234709295085,-3.1413000000348745,-1.128868601552341,-38.55900000000001,38.70321163688862,0.9962739103348426
2010,IP15_MAC,A	E	TR4c_1	TR4c_2	TR6c_1	TR6c_2	TR8c_1	TR8c_2	TRc0_1	TRc0_2	TR60_1	TR60_2,N	N	-82	-77	-91	-86	-87	-88	-73	-90	-85	-88,"[-82, -77, -91, -86, -87, -88, -73, -90, -85, -88]",-82,-77,-91,-86,-87,-88,-73,-90,-85,-88,178,90,1075339,-3.521674,-0.609227,153.714593,1075339,1142762289,224024755,155779,0.227522,0.028711,-0.012163,0.973274,1075339,0.059986,0.003934,0.002666,0.0500428676605224,114.2762289,22.4024755,155.779,-0.0008507999999949,-0.0006536999999973,38.539,-72.56069999970194,-87.31146300042268,119.8899548616185,38.67587822189609,0.0601739487486071,335.71459300000004,IP15,200.1256443504161,85.17815902123274,-3.0525000001802027,-1.1186058214742332,-38.539,38.67587822189609,0.9964608891073972
2011,IP15_MAC,A	E	TR4c_1	TR4c_2	TR6c_1	TR6c_2	TR8c_1	TR8c_2	TRc0_1	TRc0_2	TR60_1	TR60_2,N	N	-83	-77	-90	-86	-87	-87	-73	-88	-83	-89,"[-83, -77, -90, -86, -87, -87, -73, -88, -83, -89]",-83,-77,-90,-86,-87,-87,-73,-88,-83,-89,178,90,1076139,-3.65,0.374288,144.104233,1075939,1142762289,224024752,155770,0.307983,0.0313,-0.00671,0.950853,1075939,0.076502,-0.001572,-0.004289,0.045713186264038,114.2762289,22.4024752,155.77,-0.0008507999999949,-0.0006539999999972,38.530000000000015,-72.59399999969673,-87.31146318887426,119.90721971648794,38.664295508949216,0.0766382587811075,326.104233,IP15,200.32953491529156,85.22317743287674,-3.019200000185407,-1.1186056330226537,-38.530000000000015,38.664295508949216,0.9965266272880072
2015,IP15_MAC,A	E	TR4c_1	TR4c_2	TR6c_1	TR6c_2	TR8c_1	TR8c_2	TRc0_1	TRc0_2	TR60_1	TR60_2,N	N	-87	-81	-86	-86	-127	-127	-79	-87	-127	-127,"[-87, -81, -86, -86, -127, -127, -79, -87, -127, -127]",-87,-81,-86,-86,-127,-127,-79,-87,-127,-127,178,90,1076739,-3.330346,0.265618,138.897114,1076539,1142762290,224024751,155746,0.35092,0.02802,-0.008033,0.935952,1076539,0.046774,-0.018077,-0.000854,0.0525355339050293,114.276229,22.4024751,155.746,-0.0008507000000008,-0.0006540999999984,38.506000000000014,-72.60509999982645,-87.30120097406231,119.89875843184709,38.63981164845671,0.0501529093971626,320.897114,IP15,200.569909843809,85.23028420798087,-3.0081000000556912,-1.1288678478345986,-38.506000000000014,38.63981164845671,0.99653694873893
2019,IP15_MAC,A	E	TR4c_1	TR4c_2	TR6c_1	TR6c_2	TR8c_1	TR8c_2	TRc0_1	TRc0_2	TR60_1	TR60_2,N	N	-88	-79	-86	-87	-127	-127	-79	-86	-127	-127,"[-88, -79, -86, -87, -127, -127, -79, -86, -127, -127]",-88,-79,-86,-87,-127,-127,-79,-86,-127,-127,179,90,1077739,-3.774423,-0.194588,141.742466,1077539,1142762288,224024753,155744,0.327653,0.030554,-0.012397,0.944223,1077539,0.042496,-0.02937,-0.004469,0.049678087234497,114.2762288,22.4024753,155.744,-0.0008509000000032,-0.0006538999999996,38.504000000000005,-72.58289999996137,-87.3217254051298,119.89962100079084,38.638959085604405,0.0518505436519232,322.74246600000004,IP15,200.09017957426923,85.20981291812923,-3.030299999920772,-1.108343416767113,-38.504000000000005,38.638959085604405,0.996507175948881
2021,IP15_MAC,A	E	TR4c_1	TR4c_2	TR6c_1	TR6c_2	TR8c_1	TR8c_2	TRc0_1	TRc0_2	TR60_1	TR60_2,N	N	-87	-79	-127	-127	-127	-127	-78	-90	-83	-88,"[-87, -79, -127, -127, -127, -127, -78, -90, -83, -88]",-87,-79,-127,-127,-127,-127,-78,-90,-83,-88,330,61,1077939,-3.938294,-0.069475,147.982591,1077739,1142762288,224024754,155753,0.275732,0.032858,-0.010061,0.96062,1077739,0.044764,-0.019873,-0.007214,0.0508456230163574,114.2762288,22.4024754,155.753,-0.0008509000000032,-0.0006537999999984,38.51299999999999,-72.57179999983165,-87.32172534230521,119.89579242397356,38.64879957034965,0.049505490816676,177.982591,IP15,200.0226935630257,85.19552353941604,-3.041400000050487,-1.1083434795916958,-38.51299999999999,38.64879957034965,0.9091847434881332
2022,IP15_MAC,A	E	TR4c_1	TR4c_2	TR6c_1	TR6c_2	TR8c_1	TR8c_2	TRc0_1	TRc0_2	TR60_1	TR60_2,N	N	-87	-80	-127	-127	-83	-87	-79	-89	-127	-127,"[-87, -80, -127, -127, -83, -87, -79, -89, -127, -127]",-87,-80,-127,-127,-83,-87,-79,-89,-127,-127,331,61,1077939,-3.938294,-0.069475,147.982591,1077739,1142762288,224024754,155753,0.275732,0.032858,-0.010061,0.96062,1077739,0.044764,-0.019873,-0.007214,0.0489869117736816,114.2762288,22.4024754,155.753,-0.0008509000000032,-0.0006537999999984,38.51299999999999,-72.57179999983165,-87.32172534230521,119.89579242397356,38.64879957034965,0.049505490816676,176.982591,IP15,200.0226935630257,85.19552353941604,-3.041400000050487,-1.1083434795916958,-38.51299999999999,38.64879957034965,0.908913080648688
2025,IP15_MAC,A	E	TR4c_1	TR4c_2	TR6c_1	TR6c_2	TR8c_1	TR8c_2	TRc0_1	TRc0_2	TR60_1	TR60_2,N	N	-85	-85	-85	-84	-84	-89	-82	-89	-83	-86,"[-85, -85, -85, -84, -84, -89, -82, -89, -83, -86]",-85,-85,-85,-84,-84,-89,-82,-89,-83,-86,330,60,1078339,-3.794511,0.143214,162.025729,1078339,1142762292,224024769,155720,0.156189,0.032893,-0.003941,0.987171,1078339,0.037234,-0.014524,-0.009684,0.0434823036193847,114.2762292,22.4024769,155.72,-0.0008504999999985,-0.0006522999999987,38.48,-72.40529999985768,-87.28067528703485,119.75455793676583,38.63058539432376,0.0411229520827481,192.025729,IP15,199.71264889398057,84.93936997041399,-3.207900000024466,-1.1493935348620568,-38.48,38.63058539432376,0.9063581540676824
2026,IP15_MAC,A	E	TR4c_1	TR4c_2	TR6c_1	TR6c_2	TR8c_1	TR8c_2	TRc0_1	TRc0_2	TR60_1	TR60_2,N	N	-85	-84	-87	-84	-83	-89	-77	-90	-84	-88,"[-85, -84, -87, -84, -83, -89, -77, -90, -84, -88]",-85,-84,-87,-84,-83,-89,-77,-90,-84,-88,330,60,1078939,-3.863121,-1.619945,-176.694449,1078739,1142762297,224024779,155716,0.02846,-0.034095,0.013145,-0.998927,1078739,0.052137,-0.031544,-0.012343,0.0411000251770019,114.2762297,22.4024779,155.716,-0.0008499999999997,-0.0006512999999976,38.47600000000001,-72.29429999974357,-87.22936326905563,119.64877853441628,38.63753831490232,0.0621742740528588,213.30555100000004,IP15,199.88901762534945,84.75890409697196,-3.3189000001385693,-1.2007055528412849,-38.47600000000001,38.63753831490232,0.9068316254362462
2032,IP15_MAC,A	E	TR4c_1	TR4c_2	TR6c_1	TR6c_2	TR8c_1	TR8c_2	TRc0_1	TRc0_2	TR60_1	TR60_2,N	N	-90	-80	-85	-87	-87	-89	-81	-79	-85	-89,"[-90, -80, -85, -87, -87, -89, -81, -79, -85, -89]",-90,-80,-85,-87,-87,-89,-81,-79,-85,-89,180,90,1080539,-2.341676,-3.865422,-121.378287,1080339,1142762333,224024800,155703,0.488634,-0.034313,0.0194,-0.871598,1080339,0.030318,-0.012229,-0.008098,0.0436868667602539,114.2762333,22.40248,155.703,-0.0008464000000003,-0.000649199999998,38.46300000000001,-72.06119999978,-86.85991994763464,119.23449420246556,38.65856231791442,0.0336794769704043,58.621713,IP15,203.8476534862492,84.23445163571843,-3.55200000010214,-1.570148874262273,-38.46300000000001,38.65856231791442,0.9949412935663208
2034,IP15_MAC,A	E	TR4c_1	TR4c_2	TR6c_1	TR6c_2	TR8c_1	TR8c_2	TRc0_1	TRc0_2	TR60_1	TR60_2,N	N	-85	-81	-86	-91	-89	-89	-85	-80	-83	-91,"[-85, -81, -86, -91, -89, -89, -85, -80, -83, -91]",-85,-81,-86,-91,-89,-89,-85,-80,-83,-91,181,90,1080539,-2.341676,-3.865422,-121.378287,1080339,1142762333,224024800,155703,0.488634,-0.034313,0.0194,-0.871598,1080339,0.030318,-0.012229,-0.008098,0.0429160594940185,114.2762333,22.40248,155.703,-0.0008464000000003,-0.000649199999998,38.46300000000001,-72.06119999978,-86.85991994763464,119.23449420246556,38.65856231791442,0.0336794769704043,57.621713,IP15,203.8476534862492,84.23445163571843,-3.55200000010214,-1.570148874262273,-38.46300000000001,38.65856231791442,0.9949412935663208
2035,IP15_MAC,A	E	TR4c_1	TR4c_2	TR6c_1	TR6c_2	TR8c_1	TR8c_2	TRc0_1	TRc0_2	TR60_1	TR60_2,N	N	-85	-82	-86	-89	-88	-89	-84	-80	-83	-92,"[-85, -82, -86, -89, -88, -89, -84, -80, -83, -92]",-85,-82,-86,-89,-88,-89,-84,-80,-83,-92,180,90,1080739,-1.896027,-3.707788,-114.743062,1080539,1142762339,224024799,155704,0.538445,-0.031367,0.018322,-0.841878,1080539,0.010276,-0.009803,-0.011076,0.0528786182403564,114.2762339,22.4024799,155.704,-0.0008458000000075,-0.0006492999999991,38.46400000000001,-72.07229999990972,-86.79834634356185,119.1966805378988,38.66108879811987,0.0180103514957371,65.25693799999999,IP15,204.7412613604902,84.21216381308878,-3.5408999999724244,-1.631722478335064,-38.46400000000001,38.66108879811987,0.994902140517847
2036,IP15_MAC,A	E	TR4c_1	TR4c_2	TR6c_1	TR6c_2	TR8c_1	TR8c_2	TRc0_1	TRc0_2	TR60_1	TR60_2,N	N	-84	-82	-87	-90	-127	-127	-85	-82	-84	-90,"[-84, -82, -87, -90, -127, -127, -85, -82, -84, -90]",-84,-82,-87,-90,-127,-127,-85,-82,-84,-90,181,89,1080939,-1.644204,-3.551051,-108.234184,1080739,1142762345,224024798,155700,0.585485,-0.029777,0.016692,-0.809964,1080739,-0.001737,-0.003327,-0.008573,0.0434372425079345,114.2762345,22.4024798,155.7,-0.0008452000000005,-0.0006494000000003,38.46,-72.08340000003943,-86.73677273794209,119.1572738046616,38.65874208593479,0.009358548338284,70.76581599999997,IP15,205.6277074390285,84.18774144847978,-3.5297999998427088,-1.69329608395482,-38.46,38.65874208593479,0.993460825312873
2037,IP15_MAC,A	E	TR4c_1	TR4c_2	TR6c_1	TR6c_2	TR8c_1	TR8c_2	TRc0_1	TRc0_2	TR60_1	TR60_2,N	N	-84	-82	-83	-87	-127	-127	-86	-83	-85	-88,"[-84, -82, -83, -87, -127, -127, -86, -83, -85, -88]",-84,-82,-83,-87,-127,-127,-86,-83,-85,-88,181,89,1081139,-1.189296,-3.700538,-101.914434,1080939,1142762350,224024797,155693,0.629329,-0.028392,0.018539,-0.776399,1080939,-0.009307,0.001624,-0.013689,0.0471003055572509,114.276235,22.4024797,155.693,-0.0008447000000018,-0.0006494999999979,38.45300000000002,-72.0944999997748,-86.68546141098159,119.12438608132386,38.653047922628005,0.0166326890790395,77.08556599999997,IP15,206.3726840055904,84.16823164044209,-3.5187000001073443,-1.7446074109153216,-38.45300000000002,38.653047922628005,0.9935501400790996
2038,IP15_MAC,A	E	TR4c_1	TR4c_2	TR6c_1	TR6c_2	TR8c_1	TR8c_2	TRc0_1	TRc0_2	TR60_1	TR60_2,N	N	-85	-83	-85	-88	-127	-127	-87	-84	-87	-87,"[-85, -83, -85, -88, -127, -127, -87, -84, -87, -87]",-85,-83,-85,-88,-127,-127,-87,-84,-87,-87,181,89,1081139,-1.189296,-3.700538,-101.914434,1080939,1142762350,224024797,155693,0.629329,-0.028392,0.018539,-0.776399,1080939,-0.009307,0.001624,-0.013689,0.055692434310913,114.276235,22.4024797,155.693,-0.0008447000000018,-0.0006494999999979,38.45300000000002,-72.0944999997748,-86.68546141098159,119.12438608132386,38.653047922628005,0.0166326890790395,77.08556599999997,IP15,206.3726840055904,84.16823164044209,-3.5187000001073443,-1.7446074109153216,-38.45300000000002,38.653047922628005,0.9935501400790996
2039,IP15_MAC,A	E	TR4c_1	TR4c_2	TR6c_1	TR6c_2	TR8c_1	TR8c_2	TRc0_1	TRc0_2	TR60_1	TR60_2,N	N	-85	-83	-85	-88	-89	-88	-89	-84	-88	-88,"[-85, -83, -85, -88, -89, -88, -89, -84, -88, -88]",-85,-83,-85,-88,-89,-88,-89,-84,-88,-88,181,89,1081339,-0.525999,-4.075887,-95.45249,1081139,1142762354,224024795,155686,0.672166,-0.027315,0.023224,-0.739532,1081139,-0.012512,0.002153,-0.012544,0.0584993362426757,114.2762354,22.4024795,155.686,-0.0008442999999971,-0.0006497000000003,38.44600000000001,-72.11670000003423,-86.64441242358144,119.10569902033492,38.64594412123712,0.0178476185806398,83.54750999999999,IP15,207.05332108412884,84.16920985596006,-3.496499999847913,-1.7856563983154672,-38.44600000000001,38.64594412123712,0.9936960041808458
2041,IP15_MAC,A	E	TR4c_1	TR4c_2	TR6c_1	TR6c_2	TR8c_1	TR8c_2	TRc0_1	TRc0_2	TR60_1	TR60_2,N	N	-85	-84	-85	-89	-88	-88	-88	-83	-90	-87,"[-85, -84, -85, -89, -88, -88, -88, -83, -90, -87]",-85,-84,-85,-89,-88,-88,-88,-83,-90,-87,90,62,1081339,-0.525999,-4.075887,-95.45249,1081139,1142762354,224024795,155686,0.672166,-0.027315,0.023224,-0.739532,1081139,-0.012512,0.002153,-0.012544,0.0438318252563476,114.2762354,22.4024795,155.686,-0.0008442999999971,-0.0006497000000003,38.44600000000001,-72.11670000003423,-86.64441242358144,119.10569902033492,38.64594412123712,0.0178476185806398,174.54751,IP15,207.05332108412884,84.16920985596006,-3.496499999847913,-1.7856563983154672,-38.44600000000001,38.64594412123712,0.918601603516582
2043,IP15_MAC,A	E	TR4c_1	TR4c_2	TR6c_1	TR6c_2	TR8c_1	TR8c_2	TRc0_1	TRc0_2	TR60_1	TR60_2,N	N	-83	-86	-86	-88	-127	-127	-87	-80	-89	-85,"[-83, -86, -86, -88, -127, -127, -87, -80, -89, -85]",-83,-86,-86,-88,-127,-127,-87,-80,-89,-85,91,60,1081539,-0.619262,-3.380807,-89.134332,1081339,1142762357,224024793,155684,0.712036,-0.024805,0.016849,-0.701502,1081339,-0.030347,0.013022,-0.017139,0.0450341701507568,114.2762357,22.4024793,155.684,-0.0008440000000007,-0.000649899999999,38.444,-72.13889999989931,-86.61362571484057,119.09610484254289,38.64338704165375,0.0372056207312819,179.865668,IP15,207.60159250945665,84.17715252546267,-3.474299999982833,-1.816443107056344,-38.444,38.64338704165375,0.9064551317668996
2045,IP15_MAC,A	E	TR4c_1	TR4c_2	TR6c_1	TR6c_2	TR8c_1	TR8c_2	TRc0_1	TRc0_2	TR60_1	TR60_2,N	N	-80	-82	-89	-86	-86	-90	-92	-80	-89	-87,"[-80, -82, -89, -86, -86, -90, -92, -80, -89, -87]",-80,-82,-89,-86,-86,-90,-92,-80,-89,-87,91,62,1081939,0.231235,-2.953809,-76.571535,1081739,1142762365,224024786,155683,0.784731,-0.01898,0.01755,-0.619298,1081739,-0.034938,0.005861,0.001543,0.0455131530761718,114.2762365,22.4024786,155.683,-0.0008432000000055,-0.0006506000000001,38.443,-72.21660000001862,-86.5315279277057,119.08319314691724,38.63943061285957,0.0354597802305654,192.428465,IP15,209.20315314671208,84.22022391938471,-3.396599999863525,-1.898540894191214,-38.443,38.63943061285957,0.923725334580067
2046,IP15_MAC,A	E	TR4c_1	TR4c_2	TR6c_1	TR6c_2	TR8c_1	TR8c_2	TRc0_1	TRc0_2	TR60_1	TR60_2,N	N	-80	-82	-89	-86	-88	-90	-87	-81	-89	-88,"[-80, -82, -89, -86, -88, -90, -87, -81, -89, -88]",-80,-82,-89,-86,-88,-90,-87,-81,-89,-88,181,89,1081939,0.231235,-2.953809,-76.571535,1081939,1142762368,224024782,155661,0.784731,-0.01898,0.01755,-0.619298,1081939,-0.012718,-0.00039,0.007432,0.0463569164276123,114.2762368,22.4024782,155.661,-0.0008428999999949,-0.0006509999999977,38.42100000000001,-72.26099999974878,-86.5007413416125,119.0806601199886,38.61518859680832,0.0147354758321541,102.42846500000002,IP15,209.9221778639958,84.25152590277965,-3.352200000133365,-1.9293274802844136,-38.42100000000001,38.61518859680832,0.99429417824545
2047,IP15_MAC,A	E	TR4c_1	TR4c_2	TR6c_1	TR6c_2	TR8c_1	TR8c_2	TRc0_1	TRc0_2	TR60_1	TR60_2,N	N	-81	-81	-87	-86	-87	-90	-87	-80	-88	-86,"[-81, -81, -87, -86, -87, -90, -87, -80, -88, -86]",-81,-81,-87,-86,-87,-90,-87,-80,-88,-86,181,89,1082139,0.357392,-2.765705,-70.32404,1081939,1142762368,224024782,155661,0.817354,-0.017933,0.016445,-0.575622,1081939,-0.012718,-0.00039,0.007432,0.0423955917358398,114.2762368,22.4024782,155.661,-0.0008428999999949,-0.0006509999999977,38.42100000000001,-72.26099999974878,-86.5007413416125,119.0806601199886,38.61518859680832,0.0147354758321541,108.67596,IP15,209.9221778639958,84.25152590277965,-3.352200000133365,-1.9293274802844136,-38.42100000000001,38.61518859680832,0.9944787307026248
2049,IP15_MAC,A	E	TR4c_1	TR4c_2	TR6c_1	TR6c_2	TR8c_1	TR8c_2	TRc0_1	TRc0_2	TR60_1	TR60_2,N	N	-82	-80	-88	-90	-85	-92	-91	-80	-83	-87,"[-82, -80, -88, -90, -85, -92, -91, -80, -83, -87]",-82,-80,-88,-90,-85,-92,-91,-80,-83,-87,182,90,1082339,1.296309,-2.95098,-64.111997,1082139,1142762369,224024779,155658,0.847371,-0.01582,0.023247,-0.530256,1082139,0.007301,-0.01787,0.011667,0.0537025928497314,114.2762369,22.4024779,155.658,-0.0008428000000009,-0.0006512999999976,38.41799999999999,-72.29429999974357,-86.49047925089187,119.09244954027052,38.609841088961645,0.0225557174569996,113.888003,IP15,210.3023292551865,84.28601065401054,-3.3189000001385693,-1.939589571005044,-38.41799999999999,38.609841088961645,0.995031290376989
2052,IP15_MAC,A	E	TR4c_1	TR4c_2	TR6c_1	TR6c_2	TR8c_1	TR8c_2	TRc0_1	TRc0_2	TR60_1	TR60_2,N	N	-82	-81	-88	-86	-85	-87	-87	-85	-127	-127,"[-82, -81, -88, -86, -85, -87, -87, -85, -127, -127]",-82,-81,-88,-86,-85,-87,-87,-85,-127,-127,180,89,1082939,3.340208,-2.220689,-45.972236,1082739,1142762373,224024770,155680,0.920268,-0.006453,0.034387,-0.389722,1082739,0.013502,-0.028811,0.009943,0.0415713787078857,114.2762373,22.402477,155.68,-0.0008423999999962,-0.0006521999999975,38.44000000000001,-72.39419999972796,-86.44943069805855,119.1304237448144,38.62536068930096,0.0333352812197527,134.027764,IP15,211.6038233028496,84.38455721669258,-3.219000000154182,-1.9806381238383608,-38.44000000000001,38.62536068930096,0.9954168971532672
2053,IP15_MAC,A	E	TR4c_1	TR4c_2	TR6c_1	TR6c_2	TR8c_1	TR8c_2	TRc0_1	TRc0_2	TR60_1	TR60_2,N	N	-79	-79	-85	-87	-83	-86	-87	-88	-91	-88,"[-79, -79, -85, -87, -83, -86, -87, -88, -91, -88]",-79,-79,-85,-87,-83,-86,-87,-88,-91,-88,210,60,1083139,3.307147,-2.004963,-40.508495,1082939,1142762373,224024765,155663,0.937815,-0.006419,0.033119,-0.345491,1082939,-0.003926,-0.007579,0.013275,0.0486667156219482,114.2762373,22.4024765,155.663,-0.0008423999999962,-0.0006526999999998,38.423000000000016,-72.44969999998219,-86.44943100904355,119.15867606210972,38.603854566546495,0.0157822793664286,109.491505,IP15,212.05029809629792,84.45174093003634,-3.1634999998999547,-1.9806378128533595,-38.423000000000016,38.603854566546495,0.851456614669661
2055,IP15_MAC,A	E	TR4c_1	TR4c_2	TR6c_1	TR6c_2	TR8c_1	TR8c_2	TRc0_1	TRc0_2	TR60_1	TR60_2,N	N	-80	-79	-85	-86	-84	-88	-89	-84	-127	-127,"[-80, -79, -85, -86, -84, -88, -89, -84, -127, -127]",-80,-79,-85,-86,-84,-88,-89,-84,-127,-127,181,89,1083339,3.240507,-1.830908,-35.23864,1083139,1142762374,224024762,155653,0.95273,-0.006664,0.031777,-0.30208,1083139,-0.017986,0.013647,0.014223,0.04018235206604,114.2762374,22.4024762,155.653,-0.0008423000000021,-0.0006529999999997,38.413,-72.48299999997698,-86.43916891808662,119.16825827898208,38.59171418149754,0.0266839002771334,143.76136,IP15,212.4575685058016,84.4838274372201,-3.130199999905159,-1.990899903810288,-38.413,38.59171418149754,0.9958270144536264
2056,IP15_MAC,A	E	TR4c_1	TR4c_2	TR6c_1	TR6c_2	TR8c_1	TR8c_2	TRc0_1	TRc0_2	TR60_1	TR60_2,N	N	-84	-78	-88	-87	-84	-91	-127	-127	-90	-88,"[-84, -78, -88, -87, -84, -91, -127, -127, -90, -88]",-84,-78,-88,-87,-84,-91,-127,-127,-90,-88,180,89,1083539,2.81054,-1.658862,-30.057194,1083339,1142762375,224024757,155631,0.965502,-0.007618,0.027433,-0.258835,1083339,-0.044174,0.0313,0.011996,0.0453603267669677,114.2762375,22.4024757,155.631,-0.0008422000000081,-0.0006534999999985,38.391000000000005,-72.53849999983686,-86.42890695144987,119.18749439454086,38.56588271934159,0.0554521080933809,149.942806,IP15,213.0580040393452,84.54149525702084,-3.074700000045283,-2.001161870447035,-38.391000000000005,38.56588271934159,0.996064457396185
2057,IP15_MAC,A	E	TR4c_1	TR4c_2	TR6c_1	TR6c_2	TR8c_1	TR8c_2	TRc0_1	TRc0_2	TR60_1	TR60_2,N	N	-84	-78	-88	-87	-84	-91	-87	-82	-90	-88,"[-84, -78, -88, -87, -84, -91, -87, -82, -90, -88]",-84,-78,-88,-87,-84,-91,-87,-82,-90,-88,180,90,1083539,2.81054,-1.658862,-30.057194,1083339,1142762375,224024757,155631,0.965502,-0.007618,0.027433,-0.258835,1083339,-0.044174,0.0313,0.011996,0.0587179660797119,114.2762375,22.4024757,155.631,-0.0008422000000081,-0.0006534999999985,38.391000000000005,-72.53849999983686,-86.42890695144987,119.18749439454086,38.56588271934159,0.0554521080933809,149.942806,IP15,213.0580040393452,84.54149525702084,-3.074700000045283,-2.001161870447035,-38.391000000000005,38.56588271934159,0.9954653515747516
2058,IP15_MAC,A	E	TR4c_1	TR4c_2	TR6c_1	TR6c_2	TR8c_1	TR8c_2	TRc0_1	TRc0_2	TR60_1	TR60_2,N	N	-83	-79	-85	-91	-85	-92	-87	-87	-91	-87,"[-83, -79, -85, -91, -85, -92, -87, -87, -91, -87]",-83,-79,-85,-91,-85,-92,-87,-87,-91,-87,180,89,1083739,2.573439,-1.429417,-25.079049,1083539,1142762376,224024753,155626,0.975889,-0.007298,0.024624,-0.216752,1083539,-0.065115,0.046212,0.009414,0.0395872592926025,114.2762376,22.4024753,155.626,-0.0008420999999998,-0.0006538999999996,38.38600000000001,-72.58289999996137,-86.41864492110606,119.20547201535928,38.55792447990677,0.0803998480409011,154.920951,IP15,213.57503570420224,84.58733474169522,-3.030299999920772,-2.011423900790845,-38.38600000000001,38.55792447990677,0.9962459009371316
2059,IP15_MAC,A	E	TR4c_1	TR4c_2	TR6c_1	TR6c_2	TR8c_1	TR8c_2	TRc0_1	TRc0_2	TR60_1	TR60_2,N	N	-79	-83	-87	-89	-85	-90	-87	-86	-88	-89,"[-79, -83, -87, -89, -85, -90, -87, -86, -88, -89]",-79,-83,-87,-89,-85,-90,-87,-86,-88,-89,210,61,1083739,2.573439,-1.429417,-25.079049,1083539,1142762376,224024753,155626,0.975889,-0.007298,0.024624,-0.216752,1083539,-0.065115,0.046212,0.009414,0.0525825023651123,114.2762376,22.4024753,155.626,-0.0008420999999998,-0.0006538999999996,38.38600000000001,-72.58289999996137,-86.41864492110606,119.20547201535928,38.55792447990677,0.0803998480409011,124.920951,IP15,213.57503570420224,84.58733474169522,-3.030299999920772,-2.011423900790845,-38.38600000000001,38.55792447990677,0.8717940576770158
2061,IP15_MAC,A	E	TR4c_1	TR4c_2	TR6c_1	TR6c_2	TR8c_1	TR8c_2	TRc0_1	TRc0_2	TR60_1	TR60_2,N	N	-78	-82	-87	-89	-85	-90	-86	-79	-86	-91,"[-78, -82, -87, -89, -85, -90, -86, -79, -86, -91]",-78,-82,-87,-89,-85,-90,-86,-79,-86,-91,209,62,1083939,2.085737,-1.463069,-20.629538,1083739,1142762377,224024749,155624,0.98364,-0.0093,0.020189,-0.17877,1083739,-0.081838,0.054893,0.000346,0.0464289188385009,114.2762377,22.4024749,155.624,-0.0008420000000057,-0.0006542999999972,38.384,-72.62729999969153,-86.40838289216154,119.22443036258797,38.55300596334388,0.0985434899371845,130.370462,IP15,214.10104795312657,84.63316427464986,-2.985900000190611,-2.0216859297353693,-38.384,38.55300596334388,0.8838721924813248
2063,IP15_MAC,A	E	TR4c_1	TR4c_2	TR6c_1	TR6c_2	TR8c_1	TR8c_2	TRc0_1	TRc0_2	TR60_1	TR60_2,N	N	-82	-77	-89	-88	-87	-88	-86	-80	-87	-92,"[-82, -77, -89, -88, -87, -88, -86, -80, -87, -92]",-82,-77,-89,-88,-87,-88,-86,-80,-87,-92,180,89,1084139,1.676256,-1.277208,-16.254841,1083939,1142762378,224024744,155619,0.989813,-0.008964,0.016054,-0.141179,1083939,-0.089911,0.058912,-0.003208,0.05499267578125,114.2762378,22.4024744,155.619,-0.0008418999999975,-0.0006547999999995,38.379000000000005,-72.68279999994576,-86.39812092385966,119.2492027478842,38.54430823636566,0.1075402386504698,163.745159,IP15,214.73755184555029,84.69164343276076,-2.930399999936384,-2.031947898037245,-38.379000000000005,38.54430823636566,0.996575845860662
2068,IP15_MAC,A	E	TR4c_1	TR4c_2	TR6c_1	TR6c_2	TR8c_1	TR8c_2	TRc0_1	TRc0_2	TR60_1	TR60_2,N	N	-81	-87	-127	-127	-127	-127	-81	-85	-127	-127,"[-81, -87, -127, -127, -127, -127, -81, -85, -127, -127]",-81,-87,-127,-127,-127,-127,-81,-85,-127,-127,211,60,1085539,1.945211,-0.232656,12.610383,1085539,1142762380,224024716,155598,0.993803,-0.003882,0.016647,0.109835,1085539,-0.046715,-0.050409,-0.025178,0.0554673671722412,114.276238,22.4024716,155.598,-0.0008416999999951,-0.0006576000000002,38.35800000000002,-72.99360000002864,-86.37759810710828,119.41729882942964,38.50209220541527,0.0731935119392422,161.610383,IP15,218.07889065306844,85.04148939403515,-2.619599999853506,-2.052470714788626,-38.35800000000002,38.50209220541527,0.8866573074822954
2069,IP15_MAC,A	E	TR4c_1	TR4c_2	TR6c_1	TR6c_2	TR8c_1	TR8c_2	TRc0_1	TRc0_2	TR60_1	TR60_2,N	N	-81	-84	-127	-127	-127	-127	-81	-87	-127	-127,"[-81, -84, -127, -127, -127, -127, -81, -87, -127, -127]",-81,-84,-127,-127,-127,-127,-81,-87,-127,-127,212,60,1085739,1.943642,0.106143,16.485768,1085739,1142762377,224024714,155599,0.98953,-0.001515,0.016917,0.143323,1085739,-0.044576,-0.068124,-0.022,0.053403615951538,114.2762377,22.4024714,155.599,-0.0008420000000057,-0.000657799999999,38.359,-73.01579999989372,-86.40838506802255,119.45345930816798,38.49995549296933,0.0843320766493983,164.485768,IP15,217.89537129793797,85.09565390120729,-2.5973999999884256,-2.021683753874356,-38.359,38.49995549296933,0.8883353489231521
2071,IP15_MAC,A	E	TR4c_1	TR4c_2	TR6c_1	TR6c_2	TR8c_1	TR8c_2	TRc0_1	TRc0_2	TR60_1	TR60_2,N	N	-82	-84	-127	-127	-87	-84	-80	-88	-127	-127,"[-82, -84, -127, -127, -87, -84, -80, -88, -127, -127]",-82,-84,-127,-127,-87,-84,-80,-88,-127,-127,329,60,1085739,1.943642,0.106143,16.485768,1085739,1142762377,224024714,155599,0.98953,-0.001515,0.016917,0.143323,1085739,-0.044576,-0.068124,-0.022,0.0417788028717041,114.2762377,22.4024714,155.599,-0.0008420000000057,-0.000657799999999,38.359,-73.01579999989372,-86.40838506802255,119.45345930816798,38.49995549296933,0.0843320766493983,47.48576800000001,IP15,217.89537129793797,85.09565390120729,-2.5973999999884256,-2.021683753874356,-38.359,38.49995549296933,0.8207058967599776
2072,IP15_MAC,A	E	TR4c_1	TR4c_2	TR6c_1	TR6c_2	TR8c_1	TR8c_2	TRc0_1	TRc0_2	TR60_1	TR60_2,N	N	-80	-78	-83	-87	-127	-127	-87	-88	-127	-127,"[-80, -78, -83, -87, -127, -127, -87, -88, -127, -127]",-80,-78,-83,-87,-127,-127,-87,-88,-127,-127,180,89,1085939,1.888277,0.67895,20.259225,1085939,1142762375,224024713,155586,0.984281,0.002934,0.017261,0.17574,1085939,-0.039136,-0.0795,-0.022619,0.045006513595581,114.2762375,22.4024713,155.586,-0.0008422000000081,-0.0006579000000002,38.34600000000002,-73.02690000002343,-86.42890968746777,119.470918090462,38.485182883423846,0.0914521495482747,200.259225,IP15,217.73104414497956,85.12567210045643,-2.58629999985871,-2.0011591344291446,-38.34600000000002,38.485182883423846,0.9976462379958856
2074,IP15_MAC,A	E	TR4c_1	TR4c_2	TR6c_1	TR6c_2	TR8c_1	TR8c_2	TRc0_1	TRc0_2	TR60_1	TR60_2,N	N	-79	-78	-83	-88	-87	-85	-86	-86	-82	-88,"[-79, -78, -83, -88, -87, -85, -86, -86, -82, -88]",-79,-78,-83,-88,-87,-85,-86,-86,-82,-88,180,89,1086339,1.833045,1.146327,27.027005,1086339,1142762369,224024710,155570,0.972183,0.005988,0.017888,0.23346,1086339,-0.0418,-0.094731,-0.03489,0.0478646755218505,114.2762369,22.402471,155.57,-0.0008428000000009,-0.0006582000000001,38.33,-73.06020000001823,-86.49048354452225,119.53068839343284,38.46386226118632,0.1092635092837494,207.027005,IP15,217.2249497427481,85.21847647731812,-2.552999999863914,-1.939585277374661,-38.33,38.46386226118632,0.9977998055731352
2075,IP15_MAC,A	E	TR4c_1	TR4c_2	TR6c_1	TR6c_2	TR8c_1	TR8c_2	TRc0_1	TRc0_2	TR60_1	TR60_2,N	N	-78	-77	-83	-87	-85	-85	-85	-88	-85	-87,"[-78, -77, -83, -87, -85, -85, -85, -88, -85, -87]",-78,-77,-83,-87,-85,-85,-85,-88,-85,-87,179,89,1086539,1.53224,1.333918,29.692285,1086539,1142762367,224024709,155551,0.96651,0.007825,0.015905,0.256015,1086539,-0.037773,-0.097766,-0.029111,0.0448815822601318,114.2762367,22.4024709,155.551,-0.0008430000000032,-0.0006582999999977,38.31099999999999,-73.07129999975359,-86.5110081640856,119.54623431217092,38.44316285659925,0.1087770224174205,210.692285,IP15,217.05174438728892,85.24766242575492,-2.5419000001285497,-1.9190606578113147,-38.31099999999999,38.44316285659925,0.9978473567082318
2076,IP15_MAC,A	E	TR4c_1	TR4c_2	TR6c_1	TR6c_2	TR8c_1	TR8c_2	TRc0_1	TRc0_2	TR60_1	TR60_2,N	N	-83	-78	-84	-88	-87	-85	-81	-86	-84	-87,"[-83, -78, -84, -88, -87, -85, -81, -86, -84, -87]",-83,-78,-84,-88,-87,-85,-81,-86,-84,-87,179,89,1086539,1.53224,1.333918,29.692285,1086539,1142762367,224024709,155551,0.96651,0.007825,0.015905,0.256015,1086539,-0.037773,-0.097766,-0.029111,0.0503489971160888,114.2762367,22.4024709,155.551,-0.0008430000000032,-0.0006582999999977,38.31099999999999,-73.07129999975359,-86.5110081640856,119.54623431217092,38.44316285659925,0.1087770224174205,210.692285,IP15,217.05174438728892,85.24766242575492,-2.5419000001285497,-1.9190606578113147,-38.31099999999999,38.44316285659925,0.9978473567082318
2077,IP15_MAC,A	E	TR4c_1	TR4c_2	TR6c_1	TR6c_2	TR8c_1	TR8c_2	TRc0_1	TRc0_2	TR60_1	TR60_2,N	N	-81	-80	-86	-86	-89	-82	-78	-90	-84	-86,"[-81, -80, -86, -86, -89, -82, -78, -90, -84, -86]",-81,-80,-86,-86,-89,-82,-78,-90,-84,-86,177,89,1086739,1.51841,1.617584,31.266445,1086739,1142762363,224024707,155559,0.962882,0.010022,0.016561,0.269228,1086739,-0.025515,-0.105084,-0.027736,0.0467686653137207,114.2762363,22.4024707,155.559,-0.0008434000000079,-0.0006585000000001,38.319,-73.09350000001302,-86.55205740330088,119.59207391794908,38.44764720991023,0.1116375742167483,214.266445,IP15,216.69831776787996,85.3116059803619,-2.5196999998691183,-1.8780114185960315,-38.319,38.44764720991023,0.9979273848951492
2078,IP15_MAC,A	E	TR4c_1	TR4c_2	TR6c_1	TR6c_2	TR8c_1	TR8c_2	TRc0_1	TRc0_2	TR60_1	TR60_2,N	N	-75	-78	-127	-127	-89	-86	-79	-90	-81	-88,"[-75, -78, -127, -127, -89, -86, -79, -90, -81, -88]",-75,-78,-127,-127,-89,-86,-79,-90,-81,-88,177,89,1086939,1.612451,1.752437,31.440683,1086939,1142762362,224024707,155534,0.962452,0.010906,0.017684,0.270657,1086939,-0.027647,-0.092381,-0.026839,0.0497438907623291,114.2762362,22.4024707,155.534,-0.0008435000000019,-0.0006585000000001,38.294,-73.09350000001302,-86.56231968125488,119.59149370608124,38.42223068669633,0.1000946436678806,214.440683,IP15,216.54800715166704,85.3176574186624,-2.5196999998691183,-1.867749140642033,-38.294,38.42223068669633,0.997934494958106
2079,IP15_MAC,A	E	TR4c_1	TR4c_2	TR6c_1	TR6c_2	TR8c_1	TR8c_2	TRc0_1	TRc0_2	TR60_1	TR60_2,N	N	-77	-80	-85	-90	-87	-84	-84	-90	-127	-127,"[-77, -80, -85, -90, -87, -84, -84, -90, -127, -127]",-77,-80,-85,-90,-87,-84,-84,-90,-127,-127,210,61,1087139,1.604753,1.263247,31.443056,1087139,1142762361,224024707,155537,0.962485,0.006816,0.016464,0.270751,1087139,-0.031593,-0.086665,-0.011501,0.043440818786621,114.2762361,22.4024707,155.537,-0.000843599999996,-0.0006585000000001,38.29700000000001,-73.09350000001302,-86.57258195920889,119.59988251806874,38.42472322001032,0.0929581243087445,181.443056,IP15,216.39710965755447,85.32708847671256,-2.5196999998691183,-1.8574868626880203,-38.29700000000001,38.42472322001032,0.9040839789131386
2080,IP15_MAC,A	E	TR4c_1	TR4c_2	TR6c_1	TR6c_2	TR8c_1	TR8c_2	TRc0_1	TRc0_2	TR60_1	TR60_2,N	N	-81	-81	-86	-90	-85	-85	-127	-127	-86	-88,"[-81, -81, -86, -90, -85, -85, -127, -127, -86, -88]",-81,-81,-86,-90,-85,-85,-127,-127,-86,-88,180,88,1087339,1.295888,1.347078,31.330927,1087339,1142762360,224024706,155537,0.962768,0.008264,0.01406,0.269837,1087339,-0.030252,-0.085679,0.00228,0.0477271080017089,114.276236,22.4024706,155.537,-0.0008437000000043,-0.0006585999999977,38.29700000000001,-73.10459999974839,-86.5828443009142,119.6140948106015,38.42350220101744,0.0908915449588134,211.330927,IP15,216.3663240067115,85.3494167573513,-2.508600000133754,-1.8472245209827065,-38.29700000000001,38.42350220101744,0.998919211615814
2081,IP15_MAC,A	E	TR4c_1	TR4c_2	TR6c_1	TR6c_2	TR8c_1	TR8c_2	TRc0_1	TRc0_2	TR60_1	TR60_2,N	N	-81	-81	-86	-90	-85	-85	-80	-89	-86	-88,"[-81, -81, -86, -90, -85, -85, -80, -89, -86, -88]",-81,-81,-86,-90,-85,-85,-80,-89,-86,-88,178,89,1087339,1.295888,1.347078,31.330927,1087339,1142762360,224024706,155537,0.962768,0.008264,0.01406,0.269837,1087339,-0.030252,-0.085679,0.00228,0.0501396656036376,114.276236,22.4024706,155.537,-0.0008437000000043,-0.0006585999999977,38.29700000000001,-73.10459999974839,-86.5828443009142,119.6140948106015,38.42350220101744,0.0908915449588134,213.330927,IP15,216.3663240067115,85.3494167573513,-2.508600000133754,-1.8472245209827065,-38.29700000000001,38.42350220101744,0.9979689199964376
2082,IP15_MAC,A	E	TR4c_1	TR4c_2	TR6c_1	TR6c_2	TR8c_1	TR8c_2	TRc0_1	TRc0_2	TR60_1	TR60_2,N	N	-81	-81	-86	-91	-83	-86	-81	-88	-127	-127,"[-81, -81, -86, -91, -83, -86, -81, -88, -127, -127]",-81,-81,-86,-91,-83,-86,-81,-88,-127,-127,179,89,1087539,1.089918,1.314384,31.316296,1087539,1142762359,224024706,155538,0.962817,0.008477,0.012252,0.269743,1087539,-0.018375,-0.076037,0.009605,0.0444803237915039,114.2762359,22.4024706,155.538,-0.0008437999999983,-0.0006585999999977,38.298000000000016,-73.10459999974839,-86.59310657887559,119.62184354081708,38.42400692591753,0.0788132096732521,212.316296,IP15,216.21404627810665,85.3585650440556,-2.508600000133754,-1.8369622430213184,-38.298000000000016,38.42400692591753,0.9979777922402032
2083,IP15_MAC,A	E	TR4c_1	TR4c_2	TR6c_1	TR6c_2	TR8c_1	TR8c_2	TRc0_1	TRc0_2	TR60_1	TR60_2,N	N	-76	-82	-127	-127	-83	-86	-82	-89	-127	-127,"[-76, -82, -127, -127, -83, -86, -82, -89, -127, -127]",-76,-82,-127,-127,-83,-86,-82,-89,-127,-127,211,60,1087739,1.44936,1.341258,31.348673,1087739,1142762358,224024706,155524,0.962715,0.007851,0.015337,0.269967,1087739,-0.006716,-0.070186,0.00928,0.0532162189483642,114.2762358,22.4024706,155.524,-0.0008439000000066,-0.0006585999999977,38.284000000000006,-73.10459999974839,-86.60336885829534,119.62479130485109,38.40956342784559,0.0711146795816447,180.348673,IP15,216.0611734939124,85.36587324258507,-2.508600000133754,-1.8266999636015695,-38.284000000000006,38.40956342784559,0.8959943412913169
2084,IP15_MAC,A	E	TR4c_1	TR4c_2	TR6c_1	TR6c_2	TR8c_1	TR8c_2	TRc0_1	TRc0_2	TR60_1	TR60_2,N	N	-76	-82	-127	-127	-85	-85	-82	-87	-127	-127,"[-76, -82, -127, -127, -85, -85, -82, -87, -127, -127]",-76,-82,-127,-127,-85,-85,-82,-87,-127,-127,211,60,1087739,1.44936,1.341258,31.348673,1087739,1142762358,224024706,155524,0.962715,0.007851,0.015337,0.269967,1087739,-0.006716,-0.070186,0.00928,0.0442430973052978,114.2762358,22.4024706,155.524,-0.0008439000000066,-0.0006585999999977,38.284000000000006,-73.10459999974839,-86.60336885829534,119.62479130485109,38.40956342784559,0.0711146795816447,180.348673,IP15,216.0611734939124,85.36587324258507,-2.508600000133754,-1.8266999636015695,-38.284000000000006,38.40956342784559,0.8959943412913169
2085,IP15_MAC,A	E	TR4c_1	TR4c_2	TR6c_1	TR6c_2	TR8c_1	TR8c_2	TRc0_1	TRc0_2	TR60_1	TR60_2,N	N	-75	-84	-127	-127	-88	-86	-85	-88	-127	-127,"[-75, -84, -127, -127, -88, -86, -85, -88, -127, -127]",-75,-84,-127,-127,-88,-86,-85,-88,-127,-127,211,60,1087739,1.44936,1.341258,31.348673,1087739,1142762358,224024706,155524,0.962639,0.010904,0.015903,0.270101,1087739,-0.006716,-0.070186,0.00928,0.0424685478210449,114.2762358,22.4024706,155.524,-0.0008439000000066,-0.0006585999999977,38.284000000000006,-73.10459999974839,-86.60336885829534,119.62479130485109,38.40956342784559,0.0711146795816447,180.348673,IP15,216.0611734939124,85.36587324258507,-2.508600000133754,-1.8266999636015695,-38.284000000000006,38.40956342784559,0.8959943412913169
2086,IP15_MAC,A	E	TR4c_1	TR4c_2	TR6c_1	TR6c_2	TR8c_1	TR8c_2	TRc0_1	TRc0_2	TR60_1	TR60_2,N	N	-77	-83	-127	-127	-87	-87	-83	-90	-127	-127,"[-77, -83, -127, -127, -87, -87, -83, -90, -127, -127]",-77,-83,-127,-127,-87,-87,-83,-90,-127,-127,211,60,1088139,1.438546,1.669532,31.337181,1088139,1142762357,224024705,155522,0.962717,0.010636,0.016019,0.269827,1088139,-0.006665,-0.056593,0.005401,0.0467050075531005,114.2762357,22.4024705,155.522,-0.0008440000000007,-0.0006586999999989,38.282,-73.1156999998781,-86.61363119857184,119.63836433132305,38.40635983648348,0.0572395027494124,180.337181,IP15,216.0284835304224,85.3879566053619,-2.497500000004038,-1.816437623325072,-38.282,38.40635983648348,0.8958739592520301
2088,IP15_MAC,A	E	TR4c_1	TR4c_2	TR6c_1	TR6c_2	TR8c_1	TR8c_2	TRc0_1	TRc0_2	TR60_1	TR60_2,N	N	-80	-82	-127	-127	-85	-88	-83	-88	-127	-127,"[-80, -82, -127, -127, -85, -88, -83, -88, -127, -127]",-80,-82,-127,-127,-85,-88,-83,-88,-127,-127,177,89,1088139,1.438546,1.669532,31.337181,1088139,1142762357,224024705,155522,0.962717,0.010636,0.016019,0.269827,1088139,-0.006665,-0.056593,0.005401,0.0409770011901855,114.2762357,22.4024705,155.522,-0.0008440000000007,-0.0006586999999989,38.282,-73.1156999998781,-86.61363119857184,119.63836433132305,38.40635983648348,0.0572395027494124,214.337181,IP15,216.0284835304224,85.3879566053619,-2.497500000004038,-1.816437623325072,-38.282,38.40635983648348,0.9980128966546816
2089,IP15_MAC,A	E	TR4c_1	TR4c_2	TR6c_1	TR6c_2	TR8c_1	TR8c_2	TRc0_1	TRc0_2	TR60_1	TR60_2,N	N	-81	-88	-127	-127	-89	-84	-85	-92	-127	-127,"[-81, -88, -127, -127, -89, -84, -85, -92, -127, -127]",-81,-88,-127,-127,-89,-84,-85,-92,-127,-127,211,60,1088539,1.673794,1.769339,31.335845,1088339,1142762357,224024705,155521,0.962692,0.01092,0.018229,0.269764,1088339,0.000307,-0.057597,0.007126,0.0452220439910888,114.2762357,22.4024705,155.521,-0.0008440000000007,-0.0006586999999989,38.28099999999999,-73.1156999998781,-86.61363119857184,119.63804435410331,38.405363074568776,0.0580369583455232,180.335845,IP15,216.0284835304224,85.38783664648072,-2.497500000004038,-1.816437623325072,-38.28099999999999,38.405363074568776,0.8958741139579824
2090,IP15_MAC,A	E	TR4c_1	TR4c_2	TR6c_1	TR6c_2	TR8c_1	TR8c_2	TRc0_1	TRc0_2	TR60_1	TR60_2,N	N	-78	-85	-89	-87	-87	-82	-127	-127	-87	-88,"[-78, -85, -89, -87, -87, -82, -127, -127, -87, -88]",-78,-85,-89,-87,-87,-82,-127,-127,-87,-88,209,60,1088539,1.673794,1.769339,31.335845,1088539,1142762356,224024705,155524,0.962692,0.01092,0.018229,0.269764,1088539,0.008012,-0.066189,0.005705,0.0498044490814209,114.2762356,22.4024705,155.524,-0.0008440999999947,-0.0006586999999989,38.284000000000006,-73.1156999998781,-86.62389347654062,119.64643397739538,38.4078693971456,0.0669157895417815,182.335845,IP15,215.8742030586446,85.39715528318928,-2.497500000004038,-1.8061753453562943,-38.284000000000006,38.4078693971456,0.8966765548804952
2092,IP15_MAC,A	E	TR4c_1	TR4c_2	TR6c_1	TR6c_2	TR8c_1	TR8c_2	TRc0_1	TRc0_2	TR60_1	TR60_2,N	N	-75	-82	-127	-127	-88	-84	-85	-89	-89	-85,"[-75, -82, -127, -127, -88, -84, -85, -89, -89, -85]",-75,-82,-127,-127,-88,-84,-85,-89,-89,-85,210,60,1088939,1.896225,2.081356,31.418111,1088939,1142762355,224024704,155517,0.962445,0.013002,0.020841,0.270362,1088939,0.006938,-0.048487,-0.00481,0.0492975711822509,114.2762355,22.4024704,155.517,-0.000844200000003,-0.0006588,38.277,-73.12680000000782,-86.63415581829761,119.65840781821484,38.399690330468445,0.0492164719682343,181.418111,IP15,215.84037384600825,85.41863768460736,-2.4863999998743225,-1.7959130035992956,-38.277,38.399690330468445,0.896202445948515
2093,IP15_MAC,A	E	TR4c_1	TR4c_2	TR6c_1	TR6c_2	TR8c_1	TR8c_2	TRc0_1	TRc0_2	TR60_1	TR60_2,N	N	-74	-79	-127	-127	-89	-83	-86	-89	-89	-87,"[-74, -79, -127, -127, -89, -83, -86, -89, -89, -87]",-74,-79,-127,-127,-89,-83,-86,-89,-89,-87,210,60,1088939,1.896225,2.081356,31.418111,1088939,1142762355,224024704,155517,0.962445,0.013002,0.020841,0.270362,1088939,0.006938,-0.048487,-0.00481,0.0483374595642089,114.2762355,22.4024704,155.517,-0.000844200000003,-0.0006588,38.277,-73.12680000000782,-86.63415581829761,119.65840781821484,38.399690330468445,0.0492164719682343,181.418111,IP15,215.84037384600825,85.41863768460736,-2.4863999998743225,-1.7959130035992956,-38.277,38.399690330468445,0.896202445948515
2094,IP15_MAC,A	E	TR4c_1	TR4c_2	TR6c_1	TR6c_2	TR8c_1	TR8c_2	TRc0_1	TRc0_2	TR60_1	TR60_2,N	N	-77	-82	-127	-127	-84	-84	-88	-91	-87	-85,"[-77, -82, -127, -127, -84, -84, -88, -91, -87, -85]",-77,-82,-127,-127,-84,-84,-88,-91,-87,-85,210,60,1089139,1.722794,1.823102,31.451308,1089139,1142762355,224024704,155516,0.96241,0.011237,0.018779,0.270717,1089139,-0.001203,-0.05765,-0.003879,0.05009126663208,114.2762355,22.4024704,155.516,-0.000844200000003,-0.0006588,38.276,-73.12680000000782,-86.63415581829761,119.65808793637902,38.39869352563797,0.0577928745607968,181.451308,IP15,215.84037384600825,85.41851850133386,-2.4863999998743225,-1.7959130035992956,-38.276,38.39869352563797,0.8962162325841747
2099,IP15_MAC,A	E	TR4c_1	TR4c_2	TR6c_1	TR6c_2	TR8c_1	TR8c_2	TRc0_1	TRc0_2	TR60_1	TR60_2,N	N	-77	-83	-127	-127	-127	-127	-86	-88	-83	-87,"[-77, -83, -127, -127, -127, -127, -86, -88, -83, -87]",-77,-83,-127,-127,-127,-127,-86,-88,-83,-87,210,60,1089539,1.246866,2.032066,31.166772,1089539,1142762355,224024702,155519,0.963089,0.014156,0.015241,0.268377,1089539,0.020578,-0.043556,0.012574,0.0406663417816162,114.2762355,22.4024702,155.519,-0.000844200000003,-0.0006589999999988,38.27900000000001,-73.1489999998729,-86.63415594295739,119.6726159901674,38.40025293808346,0.0497863906705436,181.166772,IP15,216.08462516572243,85.44560108878812,-2.4642000000092423,-1.795912878939518,-38.27900000000001,38.40025293808346,0.8958460705175968
2100,IP15_MAC,A	E	TR4c_1	TR4c_2	TR6c_1	TR6c_2	TR8c_1	TR8c_2	TRc0_1	TRc0_2	TR60_1	TR60_2,N	N	-77	-85	-127	-127	-127	-127	-88	-88	-83	-85,"[-77, -85, -127, -127, -127, -127, -88, -88, -83, -85]",-77,-85,-127,-127,-127,-127,-88,-88,-83,-85,210,60,1089739,1.69172,2.208615,31.188453,1089739,1142762354,224024702,155511,0.962988,0.014593,0.019395,0.26845,1089739,0.030732,-0.048862,0.019299,0.0524690151214599,114.2762354,22.4024702,155.511,-0.0008442999999971,-0.0006589999999988,38.271,-73.1489999998729,-86.64441822094831,119.67748681697826,38.391799524230606,0.0608638009739779,181.188453,IP15,215.9284784417112,85.4536282053502,-2.4642000000092423,-1.7856506009485995,-38.271,38.391799524230606,0.8958686916802053
2101,IP15_MAC,A	E	TR4c_1	TR4c_2	TR6c_1	TR6c_2	TR8c_1	TR8c_2	TRc0_1	TRc0_2	TR60_1	TR60_2,N	N	-78	-87	-127	-127	-127	-127	-87	-86	-85	-84,"[-78, -87, -127, -127, -127, -127, -87, -86, -85, -84]",-78,-87,-127,-127,-127,-127,-87,-86,-85,-84,210,60,1089739,1.69172,2.208615,31.188453,1089739,1142762354,224024702,155511,0.962988,0.014593,0.019395,0.26845,1089739,0.030732,-0.048862,0.019299,0.0410737991333007,114.2762354,22.4024702,155.511,-0.0008442999999971,-0.0006589999999988,38.271,-73.1489999998729,-86.64441822094831,119.67748681697826,38.391799524230606,0.0608638009739779,181.188453,IP15,215.9284784417112,85.4536282053502,-2.4642000000092423,-1.7856506009485995,-38.271,38.391799524230606,0.8958686916802053
2102,IP15_MAC,A	E	TR4c_1	TR4c_2	TR6c_1	TR6c_2	TR8c_1	TR8c_2	TRc0_1	TRc0_2	TR60_1	TR60_2,N	N	-77	-85	-127	-127	-127	-127	-89	-85	-85	-84,"[-77, -85, -127, -127, -127, -127, -89, -85, -85, -84]",-77,-85,-127,-127,-127,-127,-89,-85,-85,-84,210,60,1089939,-0.08847,2.783063,31.194546,1089939,1142762355,224024701,155522,0.962892,0.023596,0.005785,0.268793,1089939,0.034935,-0.030855,0.011381,0.0538504123687744,114.2762355,22.4024701,155.522,-0.000844200000003,-0.0006591,38.282,-73.16010000000261,-86.63415600528727,119.68036072288064,38.4025328130095,0.0479792914808045,181.194546,IP15,216.2078324155557,85.4592875565572,-2.453099999879526,-1.7959128166096434,-38.282,38.4025328130095,0.8957270613923517
2103,IP15_MAC,A	E	TR4c_1	TR4c_2	TR6c_1	TR6c_2	TR8c_1	TR8c_2	TRc0_1	TRc0_2	TR60_1	TR60_2,N	N	-78	-83	-127	-127	-127	-127	-85	-86	-83	-87,"[-78, -83, -127, -127, -127, -127, -85, -86, -83, -87]",-78,-83,-127,-127,-127,-127,-85,-86,-83,-87,210,60,1090139,-1.271149,2.076136,31.126672,1090139,1142762355,224024700,155538,0.963069,0.020425,-0.005824,0.268417,1090139,0.094701,0.028632,0.012858,0.0475404262542724,114.2762355,22.40247,155.538,-0.000844200000003,-0.0006591999999976,38.298000000000016,-73.17119999973798,-86.63415606761714,119.69226504227372,38.41777545123728,0.0997667228538654,181.126672,IP15,216.33176773102028,85.47448165852313,-2.442000000144162,-1.7959127542797688,-38.298000000000016,38.41777545123728,0.8955609961536719
2105,IP15_MAC,A	E	TR4c_1	TR4c_2	TR6c_1	TR6c_2	TR8c_1	TR8c_2	TRc0_1	TRc0_2	TR60_1	TR60_2,N	N	-76	-82	-127	-127	-127	-127	-89	-89	-127	-127,"[-76, -82, -127, -127, -127, -127, -89, -89, -127, -127]",-76,-82,-127,-127,-127,-127,-89,-89,-127,-127,210,60,1090539,-1.358308,2.266914,30.990386,1090539,1142762360,224024702,155534,0.963339,0.022225,-0.006136,0.267293,1090539,0.244888,0.136455,-0.003172,0.0506293773651123,114.276236,22.4024702,155.534,-0.0008437000000043,-0.0006589999999988,38.294,-73.1489999998729,-86.58284455008608,119.6402758579475,38.41763859414595,0.2803572027842338,180.990386,IP15,216.85611957363489,85.40203280815167,-2.4642000000092423,-1.8472242718108305,-38.294,38.41763859414595,0.8957202552566113
2106,IP15_MAC,A	E	TR4c_1	TR4c_2	TR6c_1	TR6c_2	TR8c_1	TR8c_2	TRc0_1	TRc0_2	TR60_1	TR60_2,N	N	-77	-84	-127	-127	-127	-127	-86	-88	-127	-127,"[-77, -84, -127, -127, -127, -127, -86, -88, -127, -127]",-77,-84,-127,-127,-127,-127,-86,-88,-127,-127,210,60,1090539,-1.358308,2.266914,30.990386,1090539,1142762360,224024702,155534,0.963339,0.022225,-0.006136,0.267293,1090539,0.244888,0.136455,-0.003172,0.0557291507720947,114.276236,22.4024702,155.534,-0.0008437000000043,-0.0006589999999988,38.294,-73.1489999998729,-86.58284455008608,119.6402758579475,38.41763859414595,0.2803572027842338,180.990386,IP15,216.85611957363489,85.40203280815167,-2.4642000000092423,-1.8472242718108305,-38.294,38.41763859414595,0.8957202552566113
2107,IP15_MAC,A	E	TR4c_1	TR4c_2	TR6c_1	TR6c_2	TR8c_1	TR8c_2	TRc0_1	TRc0_2	TR60_1	TR60_2,N	N	-77	-84	-127	-127	-127	-127	-127	-127	-127	-127,"[-77, -84, -127, -127, -127, -127, -127, -127, -127, -127]",-77,-84,-127,-127,-127,-127,-127,-127,-127,-127,210,60,1090739,-0.832628,1.691425,31.017443,1090739,1142762364,224024705,155532,0.963436,0.016163,-0.003054,0.267433,1090739,0.308438,0.194267,0.001945,0.0516519546508789,114.2762364,22.4024705,155.532,-0.0008432999999996,-0.0006586999999989,38.292000000000016,-73.1156999998781,-86.5417952484154,119.58956967599988,38.41979108920727,0.3645235934174906,181.017443,IP15,217.0916683085644,85.325546235114,-2.497500000004038,-1.8882735734815128,-38.292000000000016,38.41979108920727,0.896078863201538
2108,IP15_MAC,A	E	TR4c_1	TR4c_2	TR6c_1	TR6c_2	TR8c_1	TR8c_2	TRc0_1	TRc0_2	TR60_1	TR60_2,N	N	-76	-82	-127	-127	-127	-127	-127	-127	-127	-127,"[-76, -82, -127, -127, -127, -127, -127, -127, -127, -127]",-76,-82,-127,-127,-127,-127,-127,-127,-127,-127,210,60,1090739,-0.832628,1.691425,31.017443,1090739,1142762364,224024705,155532,0.963436,0.016163,-0.003054,0.267433,1090739,0.308438,0.194267,0.001945,0.0506336688995361,114.2762364,22.4024705,155.532,-0.0008432999999996,-0.0006586999999989,38.292000000000016,-73.1156999998781,-86.5417952484154,119.58956967599988,38.41979108920727,0.3645235934174906,181.017443,IP15,217.0916683085644,85.325546235114,-2.497500000004038,-1.8882735734815128,-38.292000000000016,38.41979108920727,0.896078863201538
2109,IP15_MAC,A	E	TR4c_1	TR4c_2	TR6c_1	TR6c_2	TR8c_1	TR8c_2	TRc0_1	TRc0_2	TR60_1	TR60_2,N	N	-79	-81	-127	-127	-127	-127	-86	-93	-83	-86,"[-79, -81, -127, -127, -127, -127, -86, -93, -83, -86]",-79,-81,-127,-127,-127,-127,-86,-93,-83,-86,211,60,1090939,-0.685469,2.022078,30.964362,1090939,1142762368,224024709,155522,0.963523,0.0186,-0.001054,0.266975,1090939,0.352973,0.245847,0.000403,0.0513720512390136,114.2762368,22.4024709,155.522,-0.0008428999999949,-0.0006582999999977,38.282,-73.07129999975359,-86.500745884688,119.52951705023057,38.41477667000934,0.4301521225647968,179.964362,IP15,217.1987961667574,85.23487244384698,-2.5419000001285497,-1.929322937208909,-38.282,38.41477667000934,0.8961013762430975
2110,IP15_MAC,A	E	TR4c_1	TR4c_2	TR6c_1	TR6c_2	TR8c_1	TR8c_2	TRc0_1	TRc0_2	TR60_1	TR60_2,N	N	-79	-80	-127	-127	-127	-127	-86	-91	-82	-86,"[-79, -80, -127, -127, -127, -127, -86, -91, -82, -86]",-79,-80,-127,-127,-127,-127,-86,-91,-82,-86,211,60,1090939,-0.685469,2.022078,30.964362,1090939,1142762368,224024709,155522,0.963523,0.0186,-0.001054,0.266975,1090939,0.352973,0.245847,0.000403,0.0512549877166748,114.2762368,22.4024709,155.522,-0.0008428999999949,-0.0006582999999977,38.282,-73.07129999975359,-86.500745884688,119.52951705023057,38.41477667000934,0.4301521225647968,179.964362,IP15,217.1987961667574,85.23487244384698,-2.5419000001285497,-1.929322937208909,-38.282,38.41477667000934,0.8961013762430975
2111,IP15_MAC,A	E	TR4c_1	TR4c_2	TR6c_1	TR6c_2	TR8c_1	TR8c_2	TRc0_1	TRc0_2	TR60_1	TR60_2,N	N	-75	-84	-85	-87	-87	-84	-127	-127	-127	-127,"[-75, -84, -85, -87, -87, -84, -127, -127, -127, -127]",-75,-84,-85,-87,-87,-84,-127,-127,-127,-127,210,61,1091339,-0.646587,1.209222,31.171243,1091339,1142762381,224024719,155525,0.96315,0.011679,-0.0026,0.268697,1091339,0.436232,0.344218,0.005469,0.0528109073638916,114.2762381,22.4024719,155.525,-0.0008416000000011,-0.0006573000000003,38.28500000000001,-72.96030000003384,-86.36733564280696,119.36608926798353,38.43219967133438,0.555710625513855,181.171243,IP15,217.86645791868773,84.98371568988233,-2.6528999998483016,-2.062733179089946,-38.28500000000001,38.43219967133438,0.905260167379248
2119,IP15_MAC,A	E	TR4c_1	TR4c_2	TR6c_1	TR6c_2	TR8c_1	TR8c_2	TRc0_1	TRc0_2	TR60_1	TR60_2,N	N	-76	-88	-127	-127	-127	-127	-87	-86	-84	-84,"[-76, -88, -127, -127, -127, -127, -87, -86, -84, -84]",-76,-88,-127,-127,-127,-127,-87,-86,-84,-84,210,60,1093339,3.948333,1.528437,31.243494,1093339,1142762468,224024807,155522,0.962533,0.003562,0.03676,0.26864,1093339,0.211566,0.154761,0.018419,0.0545127391815185,114.2762468,22.4024807,155.522,-0.000832900000006,-0.0006484999999969,38.282,-71.9834999996607,-85.47451200440469,118.1229359548444,38.56710466437728,0.2627744261491213,181.243494,IP15,219.1549022057451,83.0289342714232,-3.629700000221448,-2.955556817492223,-38.282,38.56710466437728,0.9075007629820752
2120,IP15_MAC,A	E	TR4c_1	TR4c_2	TR6c_1	TR6c_2	TR8c_1	TR8c_2	TRc0_1	TRc0_2	TR60_1	TR60_2,N	N	-76	-87	-127	-127	-127	-127	-85	-85	-84	-84,"[-76, -87, -127, -127, -127, -127, -85, -85, -84, -84]",-76,-87,-127,-127,-127,-127,-85,-85,-84,-84,210,60,1093539,4.082921,1.722443,31.353188,1093339,1142762468,224024807,155522,0.962233,0.004838,0.03835,0.26947,1093339,0.211566,0.154761,0.018419,0.0510079860687255,114.2762468,22.4024807,155.522,-0.000832900000006,-0.0006484999999969,38.282,-71.9834999996607,-85.47451200440469,118.1229359548444,38.56710466437728,0.2627744261491213,181.353188,IP15,219.1549022057451,83.0289342714232,-3.629700000221448,-2.955556817492223,-38.282,38.56710466437728,0.9075720616600692
2122,IP15_MAC,A	E	TR4c_1	TR4c_2	TR6c_1	TR6c_2	TR8c_1	TR8c_2	TRc0_1	TRc0_2	TR60_1	TR60_2,N	N	-78	-81	-83	-93	-85	-86	-85	-87	-127	-127,"[-78, -81, -83, -93, -85, -86, -85, -87, -127, -127]",-78,-81,-83,-93,-85,-86,-85,-87,-127,-127,210,61,1093939,1.557868,1.213955,31.503419,1093739,1142762473,224024811,155531,0.962349,0.006504,0.015958,0.271271,1093739,0.055433,0.064368,0.006657,0.0529444217681884,114.2762473,22.4024811,155.531,-0.0008324000000072,-0.0006480999999993,38.29100000000001,-71.93909999993053,-85.4232003695749,118.06167011854672,38.5842059617561,0.0852078198406695,181.503419,IP15,219.29675424927945,82.9320307698698,-3.674099999951608,-3.00686845232201,-38.29100000000001,38.5842059617561,0.9151137055742568
2124,IP15_MAC,A	E	TR4c_1	TR4c_2	TR6c_1	TR6c_2	TR8c_1	TR8c_2	TRc0_1	TRc0_2	TR60_1	TR60_2,N	N	-79	-79	-127	-127	-127	-127	-84	-85	-127	-127,"[-79, -79, -127, -127, -127, -127, -84, -85, -127, -127]",-79,-79,-127,-127,-127,-127,-84,-85,-127,-127,210,60,1094139,1.532195,1.067455,31.501141,1094139,1142762476,224024811,155543,0.962364,0.005335,0.015395,0.271275,1094139,0.014365,0.02238,0.009331,0.0501277446746826,114.2762476,22.4024811,155.543,-0.0008320999999966,-0.0006480999999993,38.30300000000001,-71.93909999993053,-85.39241353509978,118.0432895473076,38.598525482860765,0.0281830655891086,181.501141,IP15,219.5831034399033,82.90541126876475,-3.674099999951608,-3.0376552867971327,-38.30300000000001,38.598525482860765,0.908003055612041
2125,IP15_MAC,A	E	TR4c_1	TR4c_2	TR6c_1	TR6c_2	TR8c_1	TR8c_2	TRc0_1	TRc0_2	TR60_1	TR60_2,N	N	-127	-127	-84	-91	-84	-84	-84	-84	-127	-127,"[-127, -127, -84, -91, -84, -84, -84, -84, -127, -127]",-127,-127,-84,-91,-84,-84,-84,-84,-127,-127,121,30,1094139,1.532195,1.067455,31.501141,1094139,1142762476,224024811,155543,0.962364,0.005335,0.015395,0.271275,1094139,0.014365,0.02238,0.009331,0.0517351627349853,114.2762476,22.4024811,155.543,-0.0008320999999966,-0.0006480999999993,38.30300000000001,-71.93909999993053,-85.39241353509978,118.0432895473076,38.598525482860765,0.0281830655891086,270.501141,IP15,219.5831034399033,82.90541126876475,-3.674099999951608,-3.0376552867971327,-38.30300000000001,38.598525482860765,0.5636032915123983
2126,IP15_MAC,A	E	TR4c_1	TR4c_2	TR6c_1	TR6c_2	TR8c_1	TR8c_2	TRc0_1	TRc0_2	TR60_1	TR60_2,N	N	-76	-80	-83	-90	-83	-85	-85	-84	-127	-127,"[-76, -80, -83, -90, -83, -85, -85, -84, -127, -127]",-76,-80,-83,-90,-83,-85,-85,-84,-127,-127,209,61,1094339,1.320503,1.294044,31.456144,1094339,1142762477,224024810,155550,0.962475,0.007745,0.014151,0.270892,1094339,0.001056,0.004855,0.002329,0.0516462326049804,114.2762477,22.402481,155.55,-0.0008320000000026,-0.0006481999999969,38.31000000000002,-71.9501999996659,-85.38215131934278,118.04490308315336,38.605225942920754,0.0054872945975225,182.456144,IP15,219.7632430839162,82.9096284420374,-3.6630000002162433,-3.047917502554128,-38.31000000000002,38.605225942920754,0.915529722405122
2127,IP15_MAC,A	E	TR4c_1	TR4c_2	TR6c_1	TR6c_2	TR8c_1	TR8c_2	TRc0_1	TRc0_2	TR60_1	TR60_2,N	N	-76	-81	-127	-127	-127	-127	-85	-88	-127	-127,"[-76, -81, -127, -127, -127, -127, -85, -88, -127, -127]",-76,-81,-127,-127,-127,-127,-85,-88,-127,-127,210,60,1094539,1.271299,0.977589,31.387718,1094539,1142762478,224024809,155543,0.962658,0.005212,0.012986,0.27036,1094539,-0.005688,0.002861,0.005121,0.0533981323242187,114.2762478,22.4024809,155.543,-0.0008319000000085,-0.0006482999999981,38.30300000000001,-71.96129999979561,-85.37188910357102,118.04197539762292,38.59803940357869,0.0081708815925822,181.387718,IP15,219.94353163090852,82.9112110149397,-3.651900000086528,-3.0581797183258885,-38.30300000000001,38.59803940357869,0.9076579368806372
2128,IP15_MAC,A	E	TR4c_1	TR4c_2	TR6c_1	TR6c_2	TR8c_1	TR8c_2	TRc0_1	TRc0_2	TR60_1	TR60_2,N	N	-76	-80	-82	-91	-82	-88	-127	-127	-127	-127,"[-76, -80, -82, -91, -82, -88, -127, -127, -127, -127]",-76,-80,-82,-91,-82,-88,-127,-127,-127,-127,210,61,1094739,0.982078,1.012011,31.413961,1094739,1142762480,224024809,155543,0.962612,0.006181,0.01064,0.270605,1094739,-0.01356,-0.006832,0.004643,0.0513474941253662,114.276248,22.4024809,155.543,-0.0008317000000062,-0.0006482999999981,38.30300000000001,-71.96129999979561,-85.35136454771086,118.02713220618732,38.59967101697273,0.015877886288798,181.413961,IP15,220.1322880261499,82.89176231127809,-3.651900000086528,-3.078704274186052,-38.30300000000001,38.59967101697273,0.91470537344087
2130,IP15_MAC,A	E	TR4c_1	TR4c_2	TR6c_1	TR6c_2	TR8c_1	TR8c_2	TRc0_1	TRc0_2	TR60_1	TR60_2,N	N	-76	-81	-83	-92	-81	-87	-85	-87	-127	-127,"[-76, -81, -83, -92, -81, -87, -85, -87, -127, -127]",-76,-81,-83,-92,-81,-87,-85,-87,-127,-127,209,61,1094939,-1.381153,1.136035,31.37628,1094739,1142762480,224024809,155543,0.962604,0.012801,-0.008922,0.270464,1094739,-0.01356,-0.006832,0.004643,0.0466840267181396,114.276248,22.4024809,155.543,-0.0008317000000062,-0.0006482999999981,38.30300000000001,-71.96129999979561,-85.35136454771086,118.02713220618732,38.59967101697273,0.015877886288798,182.37628,IP15,220.1322880261499,82.89176231127809,-3.651900000086528,-3.078704274186052,-38.30300000000001,38.59967101697273,0.9153289939194976
2131,IP15_MAC,A	E	TR4c_1	TR4c_2	TR6c_1	TR6c_2	TR8c_1	TR8c_2	TRc0_1	TRc0_2	TR60_1	TR60_2,N	N	-79	-79	-82	-89	-81	-86	-127	-127	-83	-91,"[-79, -79, -82, -89, -81, -86, -127, -127, -83, -91]",-79,-79,-82,-89,-81,-86,-127,-127,-83,-91,180,88,1094939,-1.381153,1.136035,31.37628,1094939,1142762480,224024808,155558,0.962604,0.012801,-0.008922,0.270464,1094939,0.016408,0.019015,0.00693,0.0503597259521484,114.276248,22.4024808,155.558,-0.0008317000000062,-0.0006483999999993,38.318,-71.97239999992533,-85.35136460911787,118.03876874310336,38.61350758827109,0.0260541280606356,211.37628,IP15,220.2182618397285,82.90700455051251,-3.640799999956812,-3.0787042127790443,-38.318,38.61350758827109,0.9960007127460856
2132,IP15_MAC,A	E	TR4c_1	TR4c_2	TR6c_1	TR6c_2	TR8c_1	TR8c_2	TRc0_1	TRc0_2	TR60_1	TR60_2,N	N	-79	-79	-82	-89	-81	-86	-83	-88	-83	-91,"[-79, -79, -82, -89, -81, -86, -83, -88, -83, -91]",-79,-79,-82,-89,-81,-86,-83,-88,-83,-91,179,88,1095139,-2.543881,1.130281,31.414835,1094939,1142762480,224024808,155558,0.962319,0.0155,-0.018697,0.270837,1094939,0.016408,0.019015,0.00693,0.0443165302276611,114.276248,22.4024808,155.558,-0.0008317000000062,-0.0006483999999993,38.318,-71.97239999992533,-85.35136460911787,118.03876874310336,38.61350758827109,0.0260541280606356,212.414835,IP15,220.2182618397285,82.90700455051251,-3.640799999956812,-3.0787042127790443,-38.318,38.61350758827109,0.9960120193130388
2133,IP15_MAC,A	E	TR4c_1	TR4c_2	TR6c_1	TR6c_2	TR8c_1	TR8c_2	TRc0_1	TRc0_2	TR60_1	TR60_2,N	N	-83	-79	-81	-89	-85	-86	-127	-127	-85	-87,"[-83, -79, -81, -89, -85, -86, -127, -127, -85, -87]",-83,-79,-81,-89,-85,-86,-127,-127,-85,-87,180,89,1095139,-2.543881,1.130281,31.414835,1095139,1142762482,224024809,155578,0.962319,0.0155,-0.018697,0.270837,1095139,0.112179,0.083487,0.008189,0.0519306659698486,114.2762482,22.4024809,155.578,-0.0008315000000038,-0.0006482999999981,38.33800000000001,-71.96129999979561,-85.3308399918507,118.02365523646272,38.63604323622726,0.1400759327329288,211.414835,IP15,220.3200017377248,82.87867964818882,-3.651900000086528,-3.099228830046215,-38.33800000000001,38.63604323622726,0.9942722532565466
2134,IP15_MAC,A	E	TR4c_1	TR4c_2	TR6c_1	TR6c_2	TR8c_1	TR8c_2	TRc0_1	TRc0_2	TR60_1	TR60_2,N	N	-83	-79	-81	-89	-85	-86	-84	-85	-85	-87,"[-83, -79, -81, -89, -85, -86, -84, -85, -85, -87]",-83,-79,-81,-89,-85,-86,-84,-85,-85,-87,180,89,1095139,-2.543881,1.130281,31.414835,1095139,1142762482,224024809,155578,0.962319,0.0155,-0.018697,0.270837,1095139,0.112179,0.083487,0.008189,0.0490155220031738,114.2762482,22.4024809,155.578,-0.0008315000000038,-0.0006482999999981,38.33800000000001,-71.96129999979561,-85.3308399918507,118.02365523646272,38.63604323622726,0.1400759327329288,211.414835,IP15,220.3200017377248,82.87867964818882,-3.651900000086528,-3.099228830046215,-38.33800000000001,38.63604323622726,0.9942722532565466
2135,IP15_MAC,A	E	TR4c_1	TR4c_2	TR6c_1	TR6c_2	TR8c_1	TR8c_2	TRc0_1	TRc0_2	TR60_1	TR60_2,N	N	-84	-81	-127	-127	-127	-127	-88	-85	-127	-127,"[-84, -81, -127, -127, -127, -127, -88, -85, -127, -127]",-84,-81,-127,-127,-127,-127,-88,-85,-127,-127,181,89,1095339,-2.12659,1.081463,31.514963,1095339,1142762484,224024811,155571,0.962169,0.014119,-0.015295,0.271656,1095339,0.210426,0.143825,-0.001989,0.0489985942840576,114.2762484,22.4024811,155.571,-0.0008313000000015,-0.0006480999999993,38.331,-71.93909999993053,-85.3103153132356,117.99300643955,38.63285433105415,0.2548895608337069,210.514963,IP15,220.3352678405298,82.8329386765683,-3.674099999951608,-3.1197535086613044,-38.331,38.63285433105415,0.9941809827648604
2136,IP15_MAC,A	E	TR4c_1	TR4c_2	TR6c_1	TR6c_2	TR8c_1	TR8c_2	TRc0_1	TRc0_2	TR60_1	TR60_2,N	N	-84	-81	-127	-127	-84	-88	-87	-87	-127	-127,"[-84, -81, -127, -127, -84, -88, -87, -87, -127, -127]",-84,-81,-127,-127,-84,-88,-87,-87,-127,-127,180,90,1095539,-0.694179,1.196309,31.518983,1095339,1142762484,224024811,155571,0.962328,0.011691,-0.002994,0.271621,1095339,0.210426,0.143825,-0.001989,0.0420091152191162,114.2762484,22.4024811,155.571,-0.0008313000000015,-0.0006480999999993,38.331,-71.93909999993053,-85.3103153132356,117.99300643955,38.63285433105415,0.2548895608337069,211.518983,IP15,220.3352678405298,82.8329386765683,-3.674099999951608,-3.1197535086613044,-38.331,38.63285433105415,0.9921865899820012
2137,IP15_MAC,A	E	TR4c_1	TR4c_2	TR6c_1	TR6c_2	TR8c_1	TR8c_2	TRc0_1	TRc0_2	TR60_1	TR60_2,N	N	-82	-81	-89	-88	-127	-127	-127	-127	-82	-93,"[-82, -81, -89, -88, -127, -127, -127, -127, -82, -93]",-82,-81,-89,-88,-127,-127,-127,-127,-82,-93,179,89,1095739,3.454607,1.267414,31.63253,1095739,1142762492,224024820,155559,0.961741,0.002422,0.03201,0.272073,1095739,0.279828,0.19653,-0.000968,0.0428974628448486,114.2762492,22.402482,155.559,-0.0008305000000063,-0.0006471999999995,38.319,-71.83919999994615,-85.22821653950585,117.86884792911636,38.637296683874894,0.341948369652496,212.63253,IP15,220.31119123857152,82.6404896936999,-3.773999999935995,-3.2018522823910587,-38.319,38.637296683874894,0.993826397493408
2138,IP15_MAC,A	E	TR4c_1	TR4c_2	TR6c_1	TR6c_2	TR8c_1	TR8c_2	TRc0_1	TRc0_2	TR60_1	TR60_2,N	N	-84	-88	-127	-127	-80	-86	-84	-85	-127	-127,"[-84, -88, -127, -127, -80, -86, -84, -85, -127, -127]",-84,-88,-127,-127,-80,-86,-84,-85,-127,-127,120,30,1095739,3.454607,1.267414,31.63253,1095739,1142762492,224024820,155559,0.961741,0.002422,0.03201,0.272073,1095739,0.279828,0.19653,-0.000968,0.0415012836456298,114.2762492,22.402482,155.559,-0.0008305000000063,-0.0006471999999995,38.319,-71.83919999994615,-85.22821653950585,117.86884792911636,38.637296683874894,0.341948369652496,271.63253,IP15,220.31119123857152,82.6404896936999,-3.773999999935995,-3.2018522823910587,-38.319,38.637296683874894,0.5652089652896388
2139,IP15_MAC,A	E	TR4c_1	TR4c_2	TR6c_1	TR6c_2	TR8c_1	TR8c_2	TRc0_1	TRc0_2	TR60_1	TR60_2,N	N	-127	-127	-87	-91	-82	-84	-86	-88	-127	-127,"[-127, -127, -87, -91, -82, -84, -86, -88, -127, -127]",-127,-127,-87,-91,-82,-84,-86,-88,-127,-127,121,30,1095939,6.446501,1.450111,31.714833,1095739,1142762492,224024820,155559,0.960546,-0.003208,0.057531,0.272086,1095739,0.279828,0.19653,-0.000968,0.0505728721618652,114.2762492,22.402482,155.559,-0.0008305000000063,-0.0006471999999995,38.319,-71.83919999994615,-85.22821653950585,117.86884792911636,38.637296683874894,0.341948369652496,270.714833,IP15,220.31119123857152,82.6404896936999,-3.773999999935995,-3.2018522823910587,-38.319,38.637296683874894,0.5665870964475073
2140,IP15_MAC,A	E	TR4c_1	TR4c_2	TR6c_1	TR6c_2	TR8c_1	TR8c_2	TRc0_1	TRc0_2	TR60_1	TR60_2,N	N	-83	-90	-87	-91	-82	-84	-86	-88	-127	-127,"[-83, -90, -87, -91, -82, -84, -86, -88, -127, -127]",-83,-90,-87,-91,-82,-84,-86,-88,-127,-127,121,30,1095939,6.446501,1.450111,31.714833,1095939,1142762495,224024826,155527,0.960546,-0.003208,0.057531,0.272086,1095939,0.164461,0.133861,-0.005429,0.0432548522949218,114.2762495,22.4024826,155.527,-0.0008301999999957,-0.0006465999999996,38.28699999999999,-71.77259999995655,-85.19742933745256,117.79559603594689,38.61469325782372,0.2121218090696946,270.714833,IP15,220.0873755889688,82.5303080043517,-3.840599999925587,-3.2326394844443485,-38.28699999999999,38.61469325782372,0.567176189808119
2142,IP15_MAC,A	E	TR4c_1	TR4c_2	TR6c_1	TR6c_2	TR8c_1	TR8c_2	TRc0_1	TRc0_2	TR60_1	TR60_2,N	N	-81	-89	-127	-127	-127	-127	-80	-81	-85	-91,"[-81, -89, -127, -127, -127, -127, -80, -81, -85, -91]",-81,-89,-127,-127,-127,-127,-80,-81,-85,-91,210,60,1096339,1.420372,0.931373,31.376341,1096139,1142762499,224024830,155512,0.962674,0.004473,0.014129,0.270256,1096139,0.004571,0.045677,-0.013401,0.0607059001922607,114.2762499,22.402483,155.512,-0.0008298000000053,-0.0006461999999984,38.272000000000006,-71.72819999983204,-85.15637998262578,117.7339785744169,38.60772264219632,0.0478212209275338,181.376341,IP15,220.11910864619009,82.43853290960448,-3.8850000000500975,-3.2736888392711307,-38.272000000000006,38.60772264219632,0.909812270713925
2143,IP15_MAC,A	E	TR4c_1	TR4c_2	TR6c_1	TR6c_2	TR8c_1	TR8c_2	TRc0_1	TRc0_2	TR60_1	TR60_2,N	N	-80	-85	-127	-127	-127	-127	-127	-127	-127	-127,"[-80, -85, -127, -127, -127, -127, -127, -127, -127, -127]",-80,-85,-127,-127,-127,-127,-127,-127,-127,-127,210,60,1096339,1.420372,0.931373,31.376341,1096339,1142762500,224024832,155548,0.962674,0.004473,0.014129,0.270256,1096339,-0.022445,0.009012,0.017948,0.0458641052246093,114.27625,22.4024832,155.548,-0.000829699999997,-0.0006459999999997,38.30800000000001,-71.70599999996696,-85.1461175816029,117.72474098172997,38.6465187512144,0.0301185137913543,181.376341,IP15,220.0466187428908,82.41088161014169,-3.9071999999151785,-3.283951240294016,-38.30800000000001,38.6465187512144,0.909995981548594
2144,IP15_MAC,A	E	TR4c_1	TR4c_2	TR6c_1	TR6c_2	TR8c_1	TR8c_2	TRc0_1	TRc0_2	TR60_1	TR60_2,N	N	-127	-127	-127	-127	-86	-86	-81	-91	-84	-92,"[-127, -127, -127, -127, -86, -86, -81, -91, -84, -92]",-127,-127,-127,-127,-86,-86,-81,-91,-84,-92,329,60,1096539,1.427006,1.474814,31.264495,1096539,1142762501,224024833,155547,0.962905,0.009037,0.015457,0.269245,1096539,-0.006108,0.001167,0.019227,0.0495133399963378,114.2762501,22.4024833,155.547,-0.0008296000000029,-0.0006458999999985,38.307,-71.69489999983725,-85.13585524331985,117.71023227824408,38.64752472011155,0.0202075996100477,62.26449500000001,IP15,220.0546122631841,82.38849548867819,-3.918300000044894,-3.294213578577057,-38.307,38.64752472011155,0.7970808537271503
2146,IP15_MAC,A	E	TR4c_1	TR4c_2	TR6c_1	TR6c_2	TR8c_1	TR8c_2	TRc0_1	TRc0_2	TR60_1	TR60_2,N	N	-127	-127	-87	-87	-82	-85	-86	-85	-85	-88,"[-127, -127, -87, -87, -82, -85, -86, -85, -85, -88]",-127,-127,-87,-87,-82,-85,-86,-85,-85,-88,120,30,1096939,1.646847,1.359306,31.201967,1096939,1142762502,224024836,155546,0.963042,0.007559,0.017029,0.268706,1096939,-0.023845,-0.012325,0.003064,0.0507814884185791,114.2762502,22.4024836,155.546,-0.0008294999999947,-0.0006455999999985,38.306,-71.66159999984245,-85.12559278110407,117.68220382399277,38.65079999772951,0.0270162496657104,271.201967,IP15,219.90363159871524,82.34111759787329,-3.95160000003969,-3.304476040792835,-38.306,38.65079999772951,0.5677073745564164
2147,IP15_MAC,A	E	TR4c_1	TR4c_2	TR6c_1	TR6c_2	TR8c_1	TR8c_2	TRc0_1	TRc0_2	TR60_1	TR60_2,N	N	-75	-80	-87	-87	-82	-85	-86	-85	-85	-88,"[-75, -80, -87, -87, -82, -85, -86, -85, -85, -88]",-75,-80,-87,-87,-82,-85,-86,-85,-85,-88,210,60,1096939,1.646847,1.359306,31.201967,1096939,1142762502,224024836,155546,0.963042,0.007559,0.017029,0.268706,1096939,-0.023845,-0.012325,0.003064,0.0521051883697509,114.2762502,22.4024836,155.546,-0.0008294999999947,-0.0006455999999985,38.306,-71.66159999984245,-85.12559278110407,117.68220382399277,38.65079999772951,0.0270162496657104,181.201967,IP15,219.90363159871524,82.34111759787329,-3.95160000003969,-3.304476040792835,-38.306,38.65079999772951,0.9103043907096652
2148,IP15_MAC,A	E	TR4c_1	TR4c_2	TR6c_1	TR6c_2	TR8c_1	TR8c_2	TRc0_1	TRc0_2	TR60_1	TR60_2,N	N	-75	-80	-85	-88	-81	-85	-87	-86	-85	-88,"[-75, -80, -85, -88, -81, -85, -87, -86, -85, -88]",-75,-80,-85,-88,-81,-85,-87,-86,-85,-88,210,60,1097139,0.794514,1.400984,31.183982,1096939,1142762502,224024836,155546,0.963133,0.009911,0.009963,0.268658,1096939,-0.023845,-0.012325,0.003064,0.0470383167266845,114.2762502,22.4024836,155.546,-0.0008294999999947,-0.0006455999999985,38.306,-71.66159999984245,-85.12559278110407,117.68220382399277,38.65079999772951,0.0270162496657104,181.183982,IP15,219.90363159871524,82.34111759787329,-3.95160000003969,-3.304476040792835,-38.306,38.65079999772951,0.9102913092603804
2149,IP15_MAC,A	E	TR4c_1	TR4c_2	TR6c_1	TR6c_2	TR8c_1	TR8c_2	TRc0_1	TRc0_2	TR60_1	TR60_2,N	N	-76	-82	-127	-127	-127	-127	-88	-80	-127	-127,"[-76, -82, -127, -127, -127, -127, -88, -80, -127, -127]",-76,-82,-127,-127,-127,-127,-88,-80,-127,-127,209,60,1097339,-0.256348,1.729897,31.163804,1097339,1142762503,224024838,155542,0.963132,0.015141,0.0019,0.268598,1097339,0.031141,0.016613,8e-05,0.0532519817352294,114.2762503,22.4024838,155.542,-0.0008294000000006,-0.0006453999999997,38.30200000000001,-71.63939999997737,-85.11533038162816,117.65996048924406,38.64999070331892,0.0352953261778383,182.163804,IP15,219.8331166222832,82.3056285878498,-3.97379999990477,-3.314738440268755,-38.30200000000001,38.64999070331892,0.9112179371502002
2150,IP15_MAC,A	E	TR4c_1	TR4c_2	TR6c_1	TR6c_2	TR8c_1	TR8c_2	TRc0_1	TRc0_2	TR60_1	TR60_2,N	N	-77	-85	-127	-127	-86	-85	-87	-81	-127	-127,"[-77, -85, -127, -127, -86, -85, -87, -81, -127, -127]",-77,-85,-127,-127,-86,-85,-87,-81,-127,-127,210,60,1097339,-0.256348,1.729897,31.163804,1097339,1142762503,224024838,155542,0.963132,0.015141,0.0019,0.268598,1097339,0.031141,0.016613,8e-05,0.0520181655883789,114.2762503,22.4024838,155.542,-0.0008294000000006,-0.0006453999999997,38.30200000000001,-71.63939999997737,-85.11533038162816,117.65996048924406,38.64999070331892,0.0352953261778383,181.163804,IP15,219.8331166222832,82.3056285878498,-3.97379999990477,-3.314738440268755,-38.30200000000001,38.64999070331892,0.9104958895308796
2153,IP15_MAC,A	E	TR4c_1	TR4c_2	TR6c_1	TR6c_2	TR8c_1	TR8c_2	TRc0_1	TRc0_2	TR60_1	TR60_2,N	N	-127	-127	-127	-127	-84	-83	-127	-127	-127	-127,"[-127, -127, -127, -127, -84, -83, -127, -127, -127, -127]",-127,-127,-127,-127,-84,-83,-127,-127,-127,-127,181,30,1097939,-2.889489,1.458274,31.22318,1097939,1142762509,224024847,155562,0.962643,0.019035,-0.020856,0.269297,1097939,0.320155,0.202314,-0.001908,0.0574586391448974,114.2762509,22.4024847,155.562,-0.0008288000000078,-0.0006444999999999,38.32200000000002,-71.53949999999298,-85.05375616605471,117.56112104860044,38.68552963110494,0.3787265756254768,210.22318,IP15,219.65219017149172,82.13906975720947,-4.073699999889158,-3.3763126558421988,-38.32200000000002,38.68552963110494,0.6121467070944517
2158,IP15_MAC,A	E	TR4c_1	TR4c_2	TR6c_1	TR6c_2	TR8c_1	TR8c_2	TRc0_1	TRc0_2	TR60_1	TR60_2,N	N	-78	-89	-84	-90	-85	-82	-89	-81	-82	-86,"[-78, -89, -84, -90, -85, -82, -89, -81, -82, -86]",-78,-89,-84,-90,-85,-82,-89,-81,-82,-86,208,60,1098539,5.347731,1.474633,31.467343,1098539,1142762527,224024873,155550,0.961573,-0.000275,0.048381,0.270251,1098539,0.576617,0.374765,0.007244,0.0502159595489501,114.2762527,22.4024873,155.55,-0.000827000000001,-0.0006418999999979,38.31000000000002,-71.25089999977519,-84.86903358226189,117.24802647364714,38.72165716067504,0.6877415542556667,183.467343,IP15,219.22546928612243,81.63792598589929,-4.362300000106956,-3.561035239635018,-38.31000000000002,38.72165716067504,0.915825357348506
2159,IP15_MAC,A	E	TR4c_1	TR4c_2	TR6c_1	TR6c_2	TR8c_1	TR8c_2	TRc0_1	TRc0_2	TR60_1	TR60_2,N	N	-76	-90	-127	-127	-86	-82	-87	-81	-82	-86,"[-76, -90, -127, -127, -86, -82, -87, -81, -82, -86]",-76,-90,-127,-127,-86,-82,-87,-81,-82,-86,210,60,1098739,8.37866,1.279647,31.494922,1098739,1142762536,224024884,155491,0.960063,-0.009104,0.073324,0.269851,1098739,0.386993,0.260336,-0.013338,0.0487282276153564,114.2762536,22.4024884,155.491,-0.0008260999999976,-0.0006407999999993,38.25100000000002,-71.12879999992572,-84.77667241494407,117.08769950844612,38.68586498536573,0.4666008113891359,181.494922,IP15,219.16936420071565,81.40103149558965,-4.484399999956423,-3.6533964069528366,-38.25100000000002,38.68586498536573,0.915461761658071
2160,IP15_MAC,A	E	TR4c_1	TR4c_2	TR6c_1	TR6c_2	TR8c_1	TR8c_2	TRc0_1	TRc0_2	TR60_1	TR60_2,N	N	-78	-85	-127	-127	-87	-84	-89	-82	-84	-86,"[-78, -85, -127, -127, -87, -84, -89, -82, -84, -86]",-78,-85,-127,-127,-87,-84,-89,-82,-84,-86,210,60,1098939,5.392393,1.145146,31.253044,1098739,1142762536,224024884,155491,0.962056,-0.003056,0.047985,0.268582,1098739,0.386993,0.260336,-0.013338,0.0464980602264404,114.2762536,22.4024884,155.491,-0.0008260999999976,-0.0006407999999993,38.25100000000002,-71.12879999992572,-84.77667241494407,117.08769950844612,38.68586498536573,0.4666008113891359,181.253044,IP15,219.16936420071565,81.40103149558965,-4.484399999956423,-3.6533964069528366,-38.25100000000002,38.68586498536573,0.9152683489299076
2161,IP15_MAC,A	E	TR4c_1	TR4c_2	TR6c_1	TR6c_2	TR8c_1	TR8c_2	TRc0_1	TRc0_2	TR60_1	TR60_2,N	N	-81	-85	-127	-127	-89	-82	-88	-85	-85	-87,"[-81, -85, -127, -127, -89, -82, -88, -85, -85, -87]",-81,-85,-127,-127,-89,-82,-88,-85,-85,-87,210,60,1098939,5.392393,1.145146,31.253044,1098939,1142762541,224024891,155500,0.962056,-0.003056,0.047985,0.268582,1098939,0.240433,0.159527,0.001864,0.0495789051055908,114.2762541,22.4024891,155.5,-0.0008255999999988,-0.0006400999999982,38.260000000000005,-71.05109999980641,-84.72536060209514,117.00629530216546,38.70872278188158,0.2885487232929649,181.253044,IP15,219.0787405494127,81.26741739324933,-4.562100000075731,-3.704708219801773,-38.260000000000005,38.70872278188158,0.915947135574506
2162,IP15_MAC,A	E	TR4c_1	TR4c_2	TR6c_1	TR6c_2	TR8c_1	TR8c_2	TRc0_1	TRc0_2	TR60_1	TR60_2,N	N	-82	-85	-127	-127	-88	-83	-88	-85	-85	-87,"[-82, -85, -127, -127, -88, -83, -88, -85, -85, -87]",-82,-85,-127,-127,-88,-83,-88,-85,-85,-87,210,60,1099139,4.53763,1.281304,31.029796,1098939,1142762541,224024891,155500,0.962869,0.000178,0.041128,0.266817,1098939,0.240433,0.159527,0.001864,0.0468089580535888,114.2762541,22.4024891,155.5,-0.0008255999999988,-0.0006400999999982,38.260000000000005,-71.05109999980641,-84.72536060209514,117.00629530216546,38.70872278188158,0.2885487232929649,181.029796,IP15,219.0787405494127,81.26741739324933,-4.562100000075731,-3.704708219801773,-38.260000000000005,38.70872278188158,0.9157652889593344
2163,IP15_MAC,A	E	TR4c_1	TR4c_2	TR6c_1	TR6c_2	TR8c_1	TR8c_2	TRc0_1	TRc0_2	TR60_1	TR60_2,N	N	-77	-85	-127	-127	-84	-82	-85	-90	-84	-87,"[-77, -85, -127, -127, -84, -82, -85, -90, -84, -87]",-77,-85,-127,-127,-84,-82,-85,-90,-84,-87,210,60,1099139,4.53763,1.281304,31.029796,1099139,1142762545,224024895,155515,0.962869,0.000178,0.041128,0.266817,1099139,0.184733,0.110565,0.02383,0.0484907627105712,114.2762545,22.4024895,155.515,-0.0008252000000084,-0.0006396999999971,38.27499999999999,-71.0066999996819,-84.68431125054649,116.95451954424104,38.732753155890855,0.2166074084928768,181.029796,IP15,219.1161506820905,81.18255486431035,-4.606500000200242,-3.745757571350424,-38.27499999999999,38.732753155890855,0.9161151089150272
2164,IP15_MAC,A	E	TR4c_1	TR4c_2	TR6c_1	TR6c_2	TR8c_1	TR8c_2	TRc0_1	TRc0_2	TR60_1	TR60_2,N	N	-78	-88	-127	-127	-85	-85	-127	-127	-83	-87,"[-78, -88, -127, -127, -85, -85, -127, -127, -83, -87]",-78,-88,-127,-127,-85,-85,-127,-127,-83,-87,210,60,1099539,2.260157,2.015095,31.045401,1099339,1142762547,224024898,155510,0.963286,0.011662,0.023703,0.267173,1099339,0.103567,0.051242,0.014239,0.0451622009277343,114.2762547,22.4024898,155.51,-0.000825000000006,-0.0006393999999971,38.27,-70.9733999996871,-84.66378651321922,116.91780512082642,38.73377759101826,0.1164242894502689,181.045401,IP15,219.06740434305755,81.1247239119762,-4.639800000195038,-3.766282308677688,-38.27,38.73377759101826,0.916426580887942
2165,IP15_MAC,A	E	TR4c_1	TR4c_2	TR6c_1	TR6c_2	TR8c_1	TR8c_2	TRc0_1	TRc0_2	TR60_1	TR60_2,N	N	-78	-87	-127	-127	-85	-85	-127	-127	-83	-87,"[-78, -87, -127, -127, -85, -85, -127, -127, -83, -87]",-78,-87,-127,-127,-85,-85,-127,-127,-83,-87,210,60,1099539,2.260157,2.015095,31.045401,1099539,1142762549,224024899,155534,0.963286,0.011662,0.023703,0.267173,1099539,0.057986,0.025908,0.018871,0.0482571125030517,114.2762549,22.4024899,155.534,-0.0008248000000037,-0.0006392999999995,38.294,-70.96229999995174,-84.64326189777573,116.90406426629744,38.7608205987686,0.0662549266168184,181.045401,IP15,219.1528079986464,81.09870912163275,-4.650899999930402,-3.78680692412118,-38.294,38.7608205987686,0.9164714196479776
2166,IP15_MAC,A	E	TR4c_1	TR4c_2	TR6c_1	TR6c_2	TR8c_1	TR8c_2	TRc0_1	TRc0_2	TR60_1	TR60_2,N	N	-78	-88	-127	-127	-85	-83	-127	-127	-83	-87,"[-78, -88, -127, -127, -85, -83, -127, -127, -83, -87]",-78,-88,-127,-127,-85,-83,-127,-127,-83,-87,210,60,1099739,1.780626,1.902754,31.051576,1099539,1142762549,224024899,155534,0.963335,0.011837,0.019411,0.267335,1099539,0.057986,0.025908,0.018871,0.047260046005249,114.2762549,22.4024899,155.534,-0.0008248000000037,-0.0006392999999995,38.294,-70.96229999995174,-84.64326189777573,116.90406426629744,38.7608205987686,0.0662549266168184,181.051576,IP15,219.1528079986464,81.09870912163275,-4.650899999930402,-3.78680692412118,-38.294,38.7608205987686,0.916476565039796
2167,IP15_MAC,A	E	TR4c_1	TR4c_2	TR6c_1	TR6c_2	TR8c_1	TR8c_2	TRc0_1	TRc0_2	TR60_1	TR60_2,N	N	-80	-88	-127	-127	-86	-84	-127	-127	-84	-88,"[-80, -88, -127, -127, -86, -84, -127, -127, -84, -88]",-80,-88,-127,-127,-86,-84,-127,-127,-84,-88,210,60,1099739,1.780626,1.902754,31.051576,1099739,1142762549,224024900,155533,0.963335,0.011837,0.019411,0.267335,1099739,0.03671,0.035461,0.02026,0.0491933822631835,114.2762549,22.40249,155.533,-0.0008248000000037,-0.0006391999999983,38.29299999999999,-70.95119999982202,-84.64326183687815,116.89699912658604,38.76116613496486,0.0549142442450044,181.051576,IP15,219.0859516000744,81.08590398533524,-4.662000000060118,-3.7868069850187567,-38.29299999999999,38.76116613496486,0.9165892129577392
2168,IP15_MAC,A	E	TR4c_1	TR4c_2	TR6c_1	TR6c_2	TR8c_1	TR8c_2	TRc0_1	TRc0_2	TR60_1	TR60_2,N	N	-79	-87	-127	-127	-85	-84	-85	-88	-82	-85,"[-79, -87, -127, -127, -85, -84, -85, -88, -82, -85]",-79,-87,-127,-127,-85,-84,-85,-88,-82,-85,210,60,1099939,2.078289,1.189392,31.018519,1099739,1142762549,224024900,155533,0.963433,0.005151,0.020247,0.267135,1099739,0.03671,0.035461,0.02026,0.0461316108703613,114.2762549,22.40249,155.533,-0.0008248000000037,-0.0006391999999983,38.29299999999999,-70.95119999982202,-84.64326183687815,116.89699912658604,38.76116613496486,0.0549142442450044,181.018519,IP15,219.0859516000744,81.08590398533524,-4.662000000060118,-3.7868069850187567,-38.29299999999999,38.76116613496486,0.9165616613201422
2170,IP15_MAC,A	E	TR4c_1	TR4c_2	TR6c_1	TR6c_2	TR8c_1	TR8c_2	TRc0_1	TRc0_2	TR60_1	TR60_2,N	N	-83	-86	-88	-86	-86	-83	-84	-88	-83	-84,"[-83, -86, -88, -86, -86, -83, -84, -88, -83, -84]",-83,-86,-88,-86,-86,-83,-84,-88,-83,-84,0,29,1099939,2.078289,1.189392,31.018519,1099939,1142762551,224024899,155546,0.963433,0.005151,0.020247,0.267135,1099939,0.020522,0.027778,0.013669,0.0392622947692871,114.2762551,22.4024899,155.546,-0.0008246000000013,-0.0006392999999995,38.306,-70.96229999995174,-84.62273734324455,116.89313637997272,38.77468606962137,0.0371431195378094,31.018519,IP15,219.3045288114255,81.08250367647861,-4.650899999930402,-3.807331478652358,-38.306,38.77468606962137,0.3447881920140793
2171,IP15_MAC,A	E	TR4c_1	TR4c_2	TR6c_1	TR6c_2	TR8c_1	TR8c_2	TRc0_1	TRc0_2	TR60_1	TR60_2,N	N	-87	-86	-86	-84	-86	-83	-84	-87	-82	-85,"[-87, -86, -86, -84, -86, -83, -84, -87, -82, -85]",-87,-86,-86,-84,-86,-83,-84,-87,-82,-85,359,29,1100139,2.074162,1.158094,31.050459,1099939,1142762551,224024899,155546,0.96336,0.004891,0.020141,0.26741,1099939,0.020522,0.027778,0.013669,0.0393941402435302,114.2762551,22.4024899,155.546,-0.0008246000000013,-0.0006392999999995,38.306,-70.96229999995174,-84.62273734324455,116.89313637997272,38.77468606962137,0.0371431195378094,32.05045899999999,IP15,219.3045288114255,81.08250367647861,-4.650899999930402,-3.807331478652358,-38.306,38.77468606962137,0.3444580663075676
2173,IP15_MAC,A	E	TR4c_1	TR4c_2	TR6c_1	TR6c_2	TR8c_1	TR8c_2	TRc0_1	TRc0_2	TR60_1	TR60_2,N	N	-84	-88	-127	-127	-86	-83	-85	-85	-83	-84,"[-84, -88, -127, -127, -86, -83, -85, -85, -83, -84]",-84,-88,-127,-127,-86,-83,-85,-85,-83,-84,181,30,1100339,1.910413,0.992366,30.993532,1100139,1142762551,224024899,155542,0.963519,0.00389,0.018376,0.266979,1100139,0.00923,0.016815,0.003023,0.0454864501953125,114.2762551,22.4024899,155.542,-0.0008246000000013,-0.0006392999999995,38.30200000000001,-70.96229999995174,-84.62273734324455,116.8918256369833,38.77073442427535,0.0194184359308364,209.993532,IP15,219.3045288114255,81.08158736291726,-4.650899999930402,-3.807331478652358,-38.30200000000001,38.77073442427535,0.6264442294429696
2174,IP15_MAC,A	E	TR4c_1	TR4c_2	TR6c_1	TR6c_2	TR8c_1	TR8c_2	TRc0_1	TRc0_2	TR60_1	TR60_2,N	N	-84	-91	-127	-127	-84	-84	-84	-84	-84	-86,"[-84, -91, -127, -127, -84, -84, -84, -84, -84, -86]",-84,-91,-127,-127,-84,-84,-84,-84,-84,-86,179,31,1100339,1.910413,0.992366,30.993532,1100339,1142762553,224024899,155554,0.963519,0.00389,0.018376,0.266979,1100339,0.00694,0.004655,0.006066,0.0386486053466796,114.2762553,22.4024899,155.554,-0.000824399999999,-0.0006392999999995,38.31400000000001,-70.96229999995174,-84.60221278871339,116.88090103190466,38.78460968760847,0.0103261309792196,211.993532,IP15,219.4555946841301,81.06533094144359,-4.650899999930402,-3.8278560331835214,-38.31400000000001,38.78460968760847,0.6407862904421
2176,IP15_MAC,A	E	TR4c_1	TR4c_2	TR6c_1	TR6c_2	TR8c_1	TR8c_2	TRc0_1	TRc0_2	TR60_1	TR60_2,N	N	-86	-90	-85	-91	-88	-83	-84	-84	-84	-85,"[-86, -90, -85, -91, -88, -83, -84, -84, -84, -85]",-86,-90,-85,-91,-88,-83,-84,-84,-84,-85,180,30,1100539,2.11343,1.001667,31.083591,1100539,1142762553,224024899,155545,0.963283,0.003479,0.020107,0.267711,1100539,-0.001974,-0.004626,-0.001111,0.0445489883422851,114.2762553,22.4024899,155.545,-0.000824399999999,-0.0006392999999995,38.30499999999999,-70.96229999995174,-84.60221278871339,116.877951107255,38.77571891815975,0.0051508128484735,211.083591,IP15,219.4555946841301,81.06326556336653,-4.650899999930402,-3.8278560331835214,-38.30499999999999,38.77571891815975,0.6270282651620378
2178,IP15_MAC,A	E	TR4c_1	TR4c_2	TR6c_1	TR6c_2	TR8c_1	TR8c_2	TRc0_1	TRc0_2	TR60_1	TR60_2,N	N	-83	-91	-83	-88	-87	-83	-84	-85	-83	-84,"[-83, -91, -83, -88, -87, -83, -84, -85, -83, -84]",-83,-91,-83,-88,-87,-83,-84,-85,-83,-84,238,30,1100739,1.674565,1.037839,31.02511,1100539,1142762553,224024899,155545,0.96347,0.004818,0.016501,0.267263,1100539,-0.001974,-0.004626,-0.001111,0.0466294288635253,114.2762553,22.4024899,155.545,-0.000824399999999,-0.0006392999999995,38.30499999999999,-70.96229999995174,-84.60221278871339,116.877951107255,38.77571891815975,0.0051508128484735,153.02511,IP15,219.4555946841301,81.06326556336653,-4.650899999930402,-3.8278560331835214,-38.30499999999999,38.77571891815975,0.5477242535203866
2179,IP15_MAC,A	E	TR4c_1	TR4c_2	TR6c_1	TR6c_2	TR8c_1	TR8c_2	TRc0_1	TRc0_2	TR60_1	TR60_2,N	N	-82	-91	-84	-88	-86	-84	-85	-85	-83	-84,"[-82, -91, -84, -88, -86, -84, -85, -85, -83, -84]",-82,-91,-84,-88,-86,-84,-85,-85,-83,-84,209,60,1100939,1.292898,1.512967,31.158046,1100739,1142762554,224024898,155543,0.963161,0.009687,0.014411,0.268364,1100739,-0.010422,-0.026173,0.004921,0.0453624725341796,114.2762554,22.4024898,155.543,-0.0008243000000049,-0.0006393999999971,38.30300000000001,-70.9733999996871,-84.59195057303764,116.87660766067276,38.77342781769543,0.0285982561356457,182.158046,IP15,219.59810753618893,81.06577043426194,-4.639800000195038,-3.838118248859274,-38.30300000000001,38.77342781769543,0.9171716806923744
2180,IP15_MAC,A	E	TR4c_1	TR4c_2	TR6c_1	TR6c_2	TR8c_1	TR8c_2	TRc0_1	TRc0_2	TR60_1	TR60_2,N	N	-127	-127	-84	-89	-83	-85	-84	-85	-83	-85,"[-127, -127, -84, -89, -83, -85, -84, -85, -83, -85]",-127,-127,-84,-89,-83,-85,-84,-85,-83,-85,120,30,1101139,1.72142,1.126991,31.30064,1100939,1142762554,224024898,155543,0.962816,0.005417,0.017115,0.269561,1100939,-0.006389,-0.024721,0.00094,0.0546917915344238,114.2762554,22.4024898,155.543,-0.0008243000000049,-0.0006393999999971,38.30300000000001,-70.9733999996871,-84.59195057303764,116.87660766067276,38.77342781769543,0.025550553066421,271.30064,IP15,219.59810753618893,81.06577043426194,-4.639800000195038,-3.838118248859274,-38.30300000000001,38.77342781769543,0.5772856828159104
2181,IP15_MAC,A	E	TR4c_1	TR4c_2	TR6c_1	TR6c_2	TR8c_1	TR8c_2	TRc0_1	TRc0_2	TR60_1	TR60_2,N	N	-82	-89	-84	-89	-83	-85	-84	-85	-83	-85,"[-82, -89, -84, -89, -83, -85, -84, -85, -83, -85]",-82,-89,-84,-89,-83,-85,-84,-85,-83,-85,208,60,1101139,1.72142,1.126991,31.30064,1101139,1142762554,224024898,155535,0.962816,0.005417,0.017115,0.269561,1101139,-0.006498,-0.025629,-0.00334,0.0516536235809326,114.2762554,22.4024898,155.535,-0.0008243000000049,-0.0006393999999971,38.295,-70.9733999996871,-84.59195057303764,116.87398613150332,38.76552489950364,0.0266500515008883,183.30064,IP15,219.59810753618893,81.0639341494579,-4.639800000195038,-3.838118248859274,-38.295,38.76552489950364,0.9181091908478008
2183,IP15_MAC,A	E	TR4c_1	TR4c_2	TR6c_1	TR6c_2	TR8c_1	TR8c_2	TRc0_1	TRc0_2	TR60_1	TR60_2,N	N	-82	-88	-85	-88	-84	-85	-85	-83	-81	-85,"[-82, -88, -85, -88, -84, -85, -85, -83, -81, -85]",-82,-88,-85,-88,-84,-85,-85,-83,-81,-85,208,61,1101339,1.775663,1.139444,31.2776,1101139,1142762554,224024898,155535,0.962864,0.005397,0.017599,0.269359,1101139,-0.006498,-0.025629,-0.00334,0.0493285655975341,114.2762554,22.4024898,155.535,-0.0008243000000049,-0.0006393999999971,38.295,-70.9733999996871,-84.59195057303764,116.87398613150332,38.76552489950364,0.0266500515008883,183.2776,IP15,219.59810753618893,81.0639341494579,-4.639800000195038,-3.838118248859274,-38.295,38.76552489950364,0.9246795530103228
2184,IP15_MAC,A	E	TR4c_1	TR4c_2	TR6c_1	TR6c_2	TR8c_1	TR8c_2	TRc0_1	TRc0_2	TR60_1	TR60_2,N	N	-81	-88	-86	-90	-85	-86	-85	-82	-80	-84,"[-81, -88, -86, -90, -85, -86, -85, -82, -80, -84]",-81,-88,-86,-90,-85,-86,-85,-82,-80,-84,90,58,1101339,1.775663,1.139444,31.2776,1101339,1142762554,224024898,155544,0.962864,0.005397,0.017599,0.269359,1101339,-0.007516,-0.045627,-0.008332,0.0413973331451416,114.2762554,22.4024898,155.544,-0.0008243000000049,-0.0006393999999971,38.304000000000016,-70.9733999996871,-84.59195057303764,116.87693538618656,38.77441568526904,0.0469865471065921,301.2776,IP15,219.59810753618893,81.065999917231,-4.639800000195038,-3.838118248859274,-38.304000000000016,38.77441568526904,0.8496683713531042
2185,IP15_MAC,A	E	TR4c_1	TR4c_2	TR6c_1	TR6c_2	TR8c_1	TR8c_2	TRc0_1	TRc0_2	TR60_1	TR60_2,N	N	-82	-86	-84	-87	-85	-86	-86	-82	-82	-85,"[-82, -86, -84, -87, -85, -86, -86, -82, -82, -85]",-82,-86,-84,-87,-85,-86,-86,-82,-82,-85,90,60,1101539,1.670761,1.749641,31.262835,1101339,1142762554,224024898,155544,0.962866,0.010773,0.018151,0.269154,1101339,-0.007516,-0.045627,-0.008332,0.0559427738189697,114.2762554,22.4024898,155.544,-0.0008243000000049,-0.0006393999999971,38.304000000000016,-70.9733999996871,-84.59195057303764,116.87693538618656,38.77441568526904,0.0469865471065921,301.262835,IP15,219.59810753618893,81.065999917231,-4.639800000195038,-3.838118248859274,-38.304000000000016,38.77441568526904,0.8667749984388169
2186,IP15_MAC,A	E	TR4c_1	TR4c_2	TR6c_1	TR6c_2	TR8c_1	TR8c_2	TRc0_1	TRc0_2	TR60_1	TR60_2,N	N	-83	-87	-127	-127	-87	-85	-87	-83	-80	-85,"[-83, -87, -127, -127, -87, -85, -87, -83, -80, -85]",-83,-87,-127,-127,-87,-85,-87,-83,-80,-85,0,30,1101739,1.962969,1.296836,31.347382,1101739,1142762554,224024897,155527,0.962671,0.006267,0.019547,0.269895,1101739,-0.013221,-0.047093,-0.00398,0.0508472919464111,114.2762554,22.4024897,155.527,-0.0008243000000049,-0.0006394999999983,38.28699999999999,-70.98449999981682,-84.59195063389829,116.87810625293294,38.75629476505268,0.0490753083535906,31.347382,IP15,219.66552363593985,81.07458187364347,-4.628700000065322,-3.838118187998617,-38.28699999999999,38.75629476505268,0.3609963776675954
2192,IP15_MAC,A	E	TR4c_1	TR4c_2	TR6c_1	TR6c_2	TR8c_1	TR8c_2	TRc0_1	TRc0_2	TR60_1	TR60_2,N	N	-83	-88	-127	-127	-127	-127	-90	-85	-80	-85,"[-83, -88, -127, -127, -127, -127, -90, -85, -80, -85]",-83,-88,-127,-127,-127,-127,-90,-85,-80,-85,1,29,1102339,1.689892,1.742859,31.298505,1102339,1142762552,224024897,155527,0.962781,0.010666,0.018299,0.269452,1102339,-0.014042,-0.062581,-0.008877,0.0507624149322509,114.2762552,22.4024897,155.527,-0.0008245000000073,-0.0006394999999983,38.28699999999999,-70.98449999981682,-84.612475188459,116.89296200687868,38.75426755649847,0.0647484397804302,30.298505,IP15,219.51464730772145,81.09368585381446,-4.628700000065322,-3.817593633437909,-38.28699999999999,38.75426755649847,0.3453041588235281
2194,IP15_MAC,A	E	TR4c_1	TR4c_2	TR6c_1	TR6c_2	TR8c_1	TR8c_2	TRc0_1	TRc0_2	TR60_1	TR60_2,N	N	-81	-88	-127	-127	-127	-127	-127	-127	-80	-85,"[-81, -88, -127, -127, -127, -127, -127, -127, -80, -85]",-81,-88,-127,-127,-127,-127,-127,-127,-80,-85,210,60,1102539,1.286948,1.77693,31.23375,1102339,1142762552,224024897,155527,0.962959,0.011909,0.014987,0.268967,1102339,-0.014042,-0.062581,-0.008877,0.0547950267791748,114.2762552,22.4024897,155.527,-0.0008245000000073,-0.0006394999999983,38.28699999999999,-70.98449999981682,-84.612475188459,116.89296200687868,38.75426755649847,0.0647484397804302,181.23375,IP15,219.51464730772145,81.09368585381446,-4.628700000065322,-3.817593633437909,-38.28699999999999,38.75426755649847,0.9163488124557708
2196,IP15_MAC,A	E	TR4c_1	TR4c_2	TR6c_1	TR6c_2	TR8c_1	TR8c_2	TRc0_1	TRc0_2	TR60_1	TR60_2,N	N	-82	-86	-127	-127	-127	-127	-83	-83	-80	-87,"[-82, -86, -127, -127, -127, -127, -83, -83, -80, -87]",-82,-86,-127,-127,-127,-127,-83,-83,-80,-87,359,30,1102739,1.374509,1.707395,31.366034,1102739,1142762551,224024896,155524,0.96265,0.011101,0.015573,0.270074,1102739,-0.006287,-0.061268,0.005383,0.0563344955444335,114.2762551,22.4024896,155.524,-0.0008246000000013,-0.0006395999999995,38.284000000000006,-70.99559999994653,-84.62273752589297,116.90614860531753,38.74896975865212,0.0618245168359608,32.36603400000001,IP15,219.50646821156985,81.11504688797343,-4.617599999935607,-3.8073312960039374,-38.284000000000006,38.74896975865212,0.3612791741319001
2197,IP15_MAC,A	E	TR4c_1	TR4c_2	TR6c_1	TR6c_2	TR8c_1	TR8c_2	TRc0_1	TRc0_2	TR60_1	TR60_2,N	N	-81	-86	-127	-127	-127	-127	-83	-82	-80	-86,"[-81, -86, -127, -127, -127, -127, -83, -82, -80, -86]",-81,-86,-127,-127,-127,-127,-83,-82,-80,-86,210,60,1102939,1.262074,2.052836,31.388773,1102939,1142762550,224024895,155529,0.962564,0.014265,0.015445,0.270237,1102939,-0.006183,-0.059376,0.007947,0.0567798614501953,114.276255,22.4024895,155.529,-0.0008246999999954,-0.0006396999999971,38.289,-71.0066999996819,-84.63299986334171,116.9219553023008,38.751581850653125,0.060223696947298,181.388773,IP15,219.498247755766,81.13823611868959,-4.606500000200242,-3.797068958555201,-38.289,38.751581850653125,0.91629378356186
2199,IP15_MAC,A	E	TR4c_1	TR4c_2	TR6c_1	TR6c_2	TR8c_1	TR8c_2	TRc0_1	TRc0_2	TR60_1	TR60_2,N	N	-80	-86	-127	-127	-127	-127	-84	-82	-81	-85,"[-80, -86, -127, -127, -127, -127, -84, -82, -81, -85]",-80,-86,-127,-127,-127,-127,-84,-82,-81,-85,210,60,1103139,1.220201,2.078931,31.430123,1103139,1142762550,224024895,155540,0.962465,0.014578,0.01516,0.270588,1103139,-0.005538,-0.047099,0.003032,0.0549213886260986,114.276255,22.4024895,155.54,-0.0008246999999954,-0.0006396999999971,38.3,-71.0066999996819,-84.63299986334171,116.9255579876069,38.76245057949598,0.0475202932335228,181.430123,IP15,219.498247755766,81.14074089373966,-4.606500000200242,-3.797068958555201,-38.3,38.76245057949598,0.916316903624321
2202,IP15_MAC,A	E	TR4c_1	TR4c_2	TR6c_1	TR6c_2	TR8c_1	TR8c_2	TRc0_1	TRc0_2	TR60_1	TR60_2,N	N	-81	-88	-127	-127	-127	-127	-85	-83	-83	-87,"[-81, -88, -127, -127, -127, -127, -85, -83, -83, -87]",-81,-88,-127,-127,-127,-127,-85,-83,-83,-87,210,60,1103539,1.457978,1.821562,31.457999,1103339,1142762549,224024894,155538,0.962416,0.01185,0.016552,0.270817,1103339,-0.002613,-0.039435,0.00551,0.0485849380493164,114.2762549,22.4024894,155.538,-0.0008248000000037,-0.0006397999999983,38.298000000000016,-71.01779999981161,-84.64326220226357,116.93907198645962,38.75815281376485,0.0399037228087806,181.457999,IP15,219.48998562015453,81.16233060490757,-4.595400000070526,-3.7868066196333383,-38.298000000000016,38.75815281376485,0.9162504004519404
2203,IP15_MAC,A	E	TR4c_1	TR4c_2	TR6c_1	TR6c_2	TR8c_1	TR8c_2	TRc0_1	TRc0_2	TR60_1	TR60_2,N	N	-77	-86	-127	-127	-86	-85	-83	-83	-84	-86,"[-77, -86, -127, -127, -86, -85, -83, -83, -84, -86]",-77,-86,-127,-127,-86,-85,-83,-83,-84,-86,210,60,1103539,1.457978,1.821562,31.457999,1103539,1142762549,224024894,155546,0.962416,0.01185,0.016552,0.270817,1103539,0.002042,-0.04341,0.005983,0.0512671470642089,114.2762549,22.4024894,155.546,-0.0008248000000037,-0.0006397999999983,38.306,-71.01779999981161,-84.64326220226357,116.94169226180362,38.76605785394159,0.0438679171263008,181.457999,IP15,219.48998562015453,81.16414717688859,-4.595400000070526,-3.7868066196333383,-38.306,38.76605785394159,0.9162422801267204
2204,IP15_MAC,A	E	TR4c_1	TR4c_2	TR6c_1	TR6c_2	TR8c_1	TR8c_2	TRc0_1	TRc0_2	TR60_1	TR60_2,N	N	-77	-88	-127	-127	-87	-84	-84	-82	-84	-87,"[-77, -88, -127, -127, -87, -84, -84, -82, -84, -87]",-77,-88,-127,-127,-87,-84,-84,-82,-84,-87,210,60,1103739,1.349159,2.036586,31.33854,1103539,1142762549,224024894,155546,0.96268,0.01393,0.016132,0.269802,1103539,0.002042,-0.04341,0.005983,0.0515909194946289,114.2762549,22.4024894,155.546,-0.0008248000000037,-0.0006397999999983,38.306,-71.01779999981161,-84.64326220226357,116.94169226180362,38.76605785394159,0.0438679171263008,181.33854,IP15,219.48998562015453,81.16414717688859,-4.595400000070526,-3.7868066196333383,-38.306,38.76605785394159,0.916143493181966
2205,IP15_MAC,A	E	TR4c_1	TR4c_2	TR6c_1	TR6c_2	TR8c_1	TR8c_2	TRc0_1	TRc0_2	TR60_1	TR60_2,N	N	-80	-83	-127	-127	-86	-82	-85	-81	-83	-88,"[-80, -83, -127, -127, -86, -82, -85, -81, -83, -88]",-80,-83,-127,-127,-86,-82,-85,-81,-83,-88,210,60,1103739,1.349159,2.036586,31.33854,1103539,1142762549,224024894,155546,0.96268,0.01393,0.016132,0.269802,1103539,0.002042,-0.04341,0.005983,0.0388989448547363,114.2762549,22.4024894,155.546,-0.0008248000000037,-0.0006397999999983,38.306,-71.01779999981161,-84.64326220226357,116.94169226180362,38.76605785394159,0.0438679171263008,181.33854,IP15,219.48998562015453,81.16414717688859,-4.595400000070526,-3.7868066196333383,-38.306,38.76605785394159,0.916143493181966
2206,IP15_MAC,A	E	TR4c_1	TR4c_2	TR6c_1	TR6c_2	TR8c_1	TR8c_2	TRc0_1	TRc0_2	TR60_1	TR60_2,N	N	-81	-82	-127	-127	-86	-84	-84	-81	-84	-86,"[-81, -82, -127, -127, -86, -84, -84, -81, -84, -86]",-81,-82,-127,-127,-86,-84,-84,-81,-84,-86,211,61,1103939,1.426087,1.783044,31.327679,1103939,1142762550,224024893,155557,0.962729,0.01162,0.01618,0.269733,1103939,0.00039,-0.029289,0.000329,0.0502128601074218,114.276255,22.4024893,155.557,-0.0008246999999954,-0.0006398999999994,38.31699999999999,-71.02889999994133,-84.63299998512208,116.94461001124996,38.77661701645289,0.0292934440105631,180.327679,IP15,219.63416053117504,81.16959487565052,-4.584299999940811,-3.797068836774826,-38.31699999999999,38.77661701645289,0.9218392526720142
2209,IP15_MAC,A	E	TR4c_1	TR4c_2	TR6c_1	TR6c_2	TR8c_1	TR8c_2	TRc0_1	TRc0_2	TR60_1	TR60_2,N	N	-82	-80	-127	-127	-127	-127	-83	-79	-127	-127,"[-82, -80, -127, -127, -127, -127, -83, -79, -127, -127]",-82,-80,-127,-127,-127,-127,-83,-79,-127,-127,90,60,1104339,1.458414,1.903993,31.397899,1104139,1142762550,224024892,155554,0.962549,0.01255,0.016744,0.270301,1104139,0.003957,-0.026708,-0.007298,0.0514125823974609,114.276255,22.4024892,155.554,-0.0008246999999954,-0.000639999999997,38.31400000000001,-71.0399999996767,-84.63300004601227,116.95036935701565,38.77234175969615,0.0279684807774752,301.397899,IP15,219.70241020892863,81.18139099449193,-4.573200000205446,-3.79706877588464,-38.31400000000001,38.77234175969615,0.866859172067435
2210,IP15_MAC,A	E	TR4c_1	TR4c_2	TR6c_1	TR6c_2	TR8c_1	TR8c_2	TRc0_1	TRc0_2	TR60_1	TR60_2,N	N	-127	-127	-127	-127	-127	-127	-83	-79	-84	-85,"[-127, -127, -127, -127, -127, -127, -83, -79, -84, -85]",-127,-127,-127,-127,-127,-127,-83,-79,-84,-85,91,61,1104339,1.458414,1.903993,31.397899,1104139,1142762550,224024892,155554,0.962549,0.01255,0.016744,0.270301,1104139,0.003957,-0.026708,-0.007298,0.0434465408325195,114.276255,22.4024892,155.554,-0.0008246999999954,-0.000639999999997,38.31400000000001,-71.0399999996767,-84.63300004601227,116.95036935701565,38.77234175969615,0.0279684807774752,300.397899,IP15,219.70241020892863,81.18139099449193,-4.573200000205446,-3.79706877588464,-38.31400000000001,38.77234175969615,0.8762974295736002
2211,IP15_MAC,A	E	TR4c_1	TR4c_2	TR6c_1	TR6c_2	TR8c_1	TR8c_2	TRc0_1	TRc0_2	TR60_1	TR60_2,N	N	-127	-127	-127	-127	-89	-84	-83	-78	-87	-84,"[-127, -127, -127, -127, -89, -84, -83, -78, -87, -84]",-127,-127,-127,-127,-89,-84,-83,-78,-87,-84,90,61,1104539,1.360528,1.927508,31.42518,1104339,1142762550,224024891,155567,0.962488,0.012975,0.015981,0.270543,1104339,0.004217,-0.028927,-0.005194,0.0500838756561279,114.276255,22.4024891,155.567,-0.0008246999999954,-0.0006400999999982,38.32700000000001,-71.05109999980641,-84.63300010690246,116.9613716030957,38.78388088158638,0.02969060548389,301.42518,IP15,219.77085628522795,81.19679626092976,-4.562100000075731,-3.797068714994453,-38.32700000000001,38.78388088158638,0.8750856835117578
2212,IP15_MAC,A	E	TR4c_1	TR4c_2	TR6c_1	TR6c_2	TR8c_1	TR8c_2	TRc0_1	TRc0_2	TR60_1	TR60_2,N	N	-79	-84	-127	-127	-89	-84	-83	-78	-87	-84,"[-79, -84, -127, -127, -89, -84, -83, -78, -87, -84]",-79,-84,-127,-127,-89,-84,-83,-78,-87,-84,210,61,1104539,1.360528,1.927508,31.42518,1104339,1142762550,224024891,155567,0.962488,0.012975,0.015981,0.270543,1104339,0.004217,-0.028927,-0.005194,0.0506229400634765,114.276255,22.4024891,155.567,-0.0008246999999954,-0.0006400999999982,38.32700000000001,-71.05109999980641,-84.63300010690246,116.9613716030957,38.78388088158638,0.02969060548389,181.42518,IP15,219.77085628522795,81.19679626092976,-4.562100000075731,-3.797068714994453,-38.32700000000001,38.78388088158638,0.92250696292567
2213,IP15_MAC,A	E	TR4c_1	TR4c_2	TR6c_1	TR6c_2	TR8c_1	TR8c_2	TRc0_1	TRc0_2	TR60_1	TR60_2,N	N	-79	-86	-127	-127	-87	-81	-81	-80	-88	-84,"[-79, -86, -127, -127, -87, -81, -81, -80, -88, -84]",-79,-86,-127,-127,-87,-81,-81,-80,-88,-84,210,60,1104539,1.360528,1.927508,31.42518,1104539,1142762550,224024891,155563,0.962488,0.012975,0.015981,0.270543,1104539,0.001742,-0.022455,-0.000662,0.0449283123016357,114.276255,22.4024891,155.563,-0.0008246999999954,-0.0006400999999982,38.32299999999999,-71.05109999980641,-84.63300010690246,116.96006090660796,38.77992800711574,0.0225321954766951,181.42518,IP15,219.77085628522795,81.19589181275694,-4.562100000075731,-3.797068714994453,-38.32299999999999,38.77992800711574,0.9158411884072416
2215,IP15_MAC,A	E	TR4c_1	TR4c_2	TR6c_1	TR6c_2	TR8c_1	TR8c_2	TRc0_1	TRc0_2	TR60_1	TR60_2,N	N	-80	-85	-84	-89	-85	-81	-83	-82	-85	-84,"[-80, -85, -84, -89, -85, -81, -83, -82, -85, -84]",-80,-85,-84,-89,-85,-81,-83,-82,-85,-84,208,60,1104939,1.05664,1.770341,31.415577,1104739,1142762551,224024889,155574,0.962543,0.012374,0.013056,0.270531,1104739,0.001624,-0.01787,-0.006573,0.0453834533691406,114.2762551,22.4024889,155.574,-0.0008246000000013,-0.000640299999997,38.33400000000002,-71.07329999967149,-84.62273795207258,116.96972816651515,38.78919973864157,0.0191096469093492,183.415577,IP15,219.98446201983523,81.21364288588939,-4.53990000021065,-3.807330869824327,-38.33400000000002,38.78919973864157,0.9172025205478262
2218,IP15_MAC,A	E	TR4c_1	TR4c_2	TR6c_1	TR6c_2	TR8c_1	TR8c_2	TRc0_1	TRc0_2	TR60_1	TR60_2,N	N	-80	-86	-127	-127	-85	-82	-85	-81	-84	-81,"[-80, -86, -127, -127, -85, -82, -85, -81, -84, -81]",-80,-86,-127,-127,-85,-82,-85,-81,-84,-81,209,60,1105339,1.19592,1.614462,31.416471,1105139,1142762551,224024888,155585,0.96255,0.010736,0.013858,0.270536,1105139,0.01058,-0.008113,-0.012219,0.0479769706726074,114.2762551,22.4024888,155.585,-0.0008246000000013,-0.0006403999999982,38.34500000000001,-71.0843999998012,-84.6227380129554,116.9800783772221,38.798773464240455,0.0180848314894001,182.416471,IP15,220.05353369554544,81.22853031416514,-4.528800000080935,-3.807330808941515,-38.34500000000001,38.798773464240455,0.9162762458840452
2219,IP15_MAC,A	E	TR4c_1	TR4c_2	TR6c_1	TR6c_2	TR8c_1	TR8c_2	TRc0_1	TRc0_2	TR60_1	TR60_2,N	N	-127	-127	-127	-127	-83	-82	-85	-81	-85	-82,"[-127, -127, -127, -127, -83, -82, -85, -81, -85, -82]",-127,-127,-127,-127,-83,-82,-85,-81,-85,-82,92,60,1105339,1.19592,1.614462,31.416471,1105339,1142762552,224024887,155584,0.96255,0.010736,0.013858,0.270536,1105339,0.011047,0.004702,-0.005974,0.0553433895111084,114.2762552,22.4024887,155.584,-0.0008245000000073,-0.0006404999999993,38.34400000000001,-71.09549999993092,-84.61247579721318,116.97907298647124,38.797499478596215,0.0134102083876426,299.416471,IP15,220.19882007637693,81.23103972595351,-4.517699999951219,-3.817593024683731,-38.34400000000001,38.797499478596215,0.8701626483915565
2220,IP15_MAC,A	E	TR4c_1	TR4c_2	TR6c_1	TR6c_2	TR8c_1	TR8c_2	TRc0_1	TRc0_2	TR60_1	TR60_2,N	N	-80	-85	-127	-127	-83	-82	-85	-81	-85	-82,"[-80, -85, -127, -127, -83, -82, -85, -81, -85, -82]",-80,-85,-127,-127,-83,-82,-85,-81,-85,-82,208,60,1105539,1.190347,1.302031,31.402752,1105339,1142762552,224024887,155584,0.962609,0.008126,0.013073,0.270458,1105339,0.011047,0.004702,-0.005974,0.0559005737304687,114.2762552,22.4024887,155.584,-0.0008245000000073,-0.0006404999999993,38.34400000000001,-71.09549999993092,-84.61247579721318,116.97907298647124,38.797499478596215,0.0134102083876426,183.402752,IP15,220.19882007637693,81.23103972595351,-4.517699999951219,-3.817593024683731,-38.34400000000001,38.797499478596215,0.9169415936287316
2223,IP15_MAC,A	E	TR4c_1	TR4c_2	TR6c_1	TR6c_2	TR8c_1	TR8c_2	TRc0_1	TRc0_2	TR60_1	TR60_2,N	N	-79	-86	-127	-127	-85	-83	-85	-82	-85	-81,"[-79, -86, -127, -127, -85, -83, -85, -82, -85, -81]",-79,-86,-127,-127,-85,-83,-85,-82,-85,-81,210,60,1105739,1.266251,1.384585,31.386587,1105539,1142762553,224024887,155585,0.962636,0.008642,0.013904,0.270304,1105539,0.01713,-0.000901,-0.000259,0.0473737716674804,114.2762553,22.4024887,155.585,-0.000824399999999,-0.0006404999999993,38.34500000000001,-71.09549999993092,-84.60221351912982,116.97197817245213,38.79949889506928,0.0171556341182714,181.386587,IP15,220.2746660611943,81.22159029212182,-4.517699999951219,-3.827855302767091,-38.34500000000001,38.79949889506928,0.9152758975979998
2225,IP15_MAC,A	E	TR4c_1	TR4c_2	TR6c_1	TR6c_2	TR8c_1	TR8c_2	TRc0_1	TRc0_2	TR60_1	TR60_2,N	N	-127	-127	-84	-87	-83	-82	-86	-83	-85	-80,"[-127, -127, -84, -87, -83, -82, -86, -83, -85, -80]",-127,-127,-84,-87,-83,-82,-86,-83,-85,-80,63,30,1105939,1.373602,1.273736,31.31534,1105739,1142762554,224024886,155595,0.962804,0.007467,0.01454,0.269705,1105739,0.021844,-0.003367,0.000844,0.0446457862854003,114.2762554,22.4024886,155.595,-0.0008243000000049,-0.0006405999999969,38.355,-71.10659999966629,-84.59195130336546,116.97458191343748,38.80910479060299,0.0221180776967619,328.31534,IP15,220.41990392901172,81.22649266136548,-4.506600000215855,-3.838117518531448,-38.355,38.80910479060299,0.4535595904666982
2226,IP15_MAC,A	E	TR4c_1	TR4c_2	TR6c_1	TR6c_2	TR8c_1	TR8c_2	TRc0_1	TRc0_2	TR60_1	TR60_2,N	N	-79	-87	-84	-87	-83	-82	-86	-83	-85	-80,"[-79, -87, -84, -87, -83, -82, -86, -83, -85, -80]",-79,-87,-84,-87,-83,-82,-86,-83,-85,-80,208,60,1105939,1.373602,1.273736,31.31534,1105739,1142762554,224024886,155595,0.962804,0.007467,0.01454,0.269705,1105739,0.021844,-0.003367,0.000844,0.0448684692382812,114.2762554,22.4024886,155.595,-0.0008243000000049,-0.0006405999999969,38.355,-71.10659999966629,-84.59195130336546,116.97458191343748,38.80910479060299,0.0221180776967619,183.31534,IP15,220.41990392901172,81.22649266136548,-4.506600000215855,-3.838117518531448,-38.355,38.80910479060299,0.9167156792734792
2227,IP15_MAC,A	E	TR4c_1	TR4c_2	TR6c_1	TR6c_2	TR8c_1	TR8c_2	TRc0_1	TRc0_2	TR60_1	TR60_2,N	N	-79	-86	-85	-88	-83	-83	-85	-83	-84	-80,"[-79, -86, -85, -88, -83, -83, -85, -83, -84, -80]",-79,-86,-85,-88,-83,-83,-85,-83,-84,-80,208,60,1105939,1.373602,1.273736,31.31534,1105939,1142762554,224024886,155590,0.962804,0.007467,0.01454,0.269705,1105939,0.02508,-0.004421,-0.005759,0.0465083122253418,114.2762554,22.4024886,155.59,-0.0008243000000049,-0.0006405999999969,38.35000000000001,-71.10659999966629,-84.59195130336546,116.9729425500765,38.80416330302722,0.0261097246634276,183.31534,IP15,220.41990392901172,81.22536658876592,-4.506600000215855,-3.838117518531448,-38.35000000000001,38.80416330302722,0.916720828517883
2229,IP15_MAC,A	E	TR4c_1	TR4c_2	TR6c_1	TR6c_2	TR8c_1	TR8c_2	TRc0_1	TRc0_2	TR60_1	TR60_2,N	N	-80	-87	-83	-88	-82	-83	-84	-82	-85	-80,"[-80, -87, -83, -88, -82, -83, -84, -82, -85, -80]",-80,-87,-83,-88,-82,-83,-84,-82,-85,-80,120,30,1106339,1.292438,1.551927,31.238252,1106339,1142762556,224024886,155590,0.96297,0.010005,0.014506,0.269033,1106339,0.030804,-0.010058,0.008267,0.0490820407867431,114.2762556,22.4024886,155.59,-0.0008241000000026,-0.0006405999999969,38.35000000000001,-71.10659999966629,-84.57142674864234,116.95810055662464,38.806198760139296,0.0334423843199016,271.238252,IP15,220.5708068776955,81.20591809846722,-4.506600000215855,-3.858642073254572,-38.35000000000001,38.806198760139296,0.5780406916001103
2230,IP15_MAC,A	E	TR4c_1	TR4c_2	TR6c_1	TR6c_2	TR8c_1	TR8c_2	TRc0_1	TRc0_2	TR60_1	TR60_2,N	N	-81	-88	-85	-87	-82	-83	-84	-82	-86	-79,"[-81, -88, -85, -87, -82, -83, -84, -82, -86, -79]",-81,-88,-85,-87,-82,-83,-84,-82,-86,-79,63,30,1106339,1.292438,1.551927,31.238252,1106339,1142762556,224024886,155590,0.96297,0.010005,0.014506,0.269033,1106339,0.030804,-0.010058,0.008267,0.0427987575531005,114.2762556,22.4024886,155.59,-0.0008241000000026,-0.0006405999999969,38.35000000000001,-71.10659999966629,-84.57142674864234,116.95810055662464,38.806198760139296,0.0334423843199016,328.238252,IP15,220.5708068776955,81.20591809846722,-4.506600000215855,-3.858642073254572,-38.35000000000001,38.806198760139296,0.4539394148899681
2232,IP15_MAC,A	E	TR4c_1	TR4c_2	TR6c_1	TR6c_2	TR8c_1	TR8c_2	TRc0_1	TRc0_2	TR60_1	TR60_2,N	N	-79	-85	-127	-127	-83	-85	-82	-82	-86	-81,"[-79, -85, -127, -127, -83, -85, -82, -82, -86, -81]",-79,-85,-127,-127,-83,-85,-82,-82,-86,-81,210,60,1106539,1.111673,1.980517,31.175273,1106339,1142762556,224024886,155590,0.963082,0.014039,0.013985,0.268478,1106339,0.030804,-0.010058,0.008267,0.0419988632202148,114.2762556,22.4024886,155.59,-0.0008241000000026,-0.0006405999999969,38.35000000000001,-71.10659999966629,-84.57142674864234,116.95810055662464,38.806198760139296,0.0334423843199016,181.175273,IP15,220.5708068776955,81.20591809846722,-4.506600000215855,-3.858642073254572,-38.35000000000001,38.806198760139296,0.9149175527906496
2233,IP15_MAC,A	E	TR4c_1	TR4c_2	TR6c_1	TR6c_2	TR8c_1	TR8c_2	TRc0_1	TRc0_2	TR60_1	TR60_2,N	N	-84	-87	-82	-92	-83	-88	-82	-80	-82	-82,"[-84, -87, -82, -92, -83, -88, -82, -80, -82, -82]",-84,-87,-82,-92,-83,-88,-82,-80,-82,-82,89,59,1106739,1.450466,1.254525,31.217203,1106539,1142762557,224024886,155590,0.96303,0.007137,0.015134,0.268874,1106539,0.032077,0.002838,-0.003632,0.0505452156066894,114.2762557,22.4024886,155.59,-0.0008240000000085,-0.0006405999999969,38.35000000000001,-71.10659999966629,-84.56116447200995,116.95068020484044,38.8072205192606,0.0324064746154221,302.217203,IP15,220.64600411436277,81.19617217865718,-4.506600000215855,-3.868904349886961,-38.35000000000001,38.8072205192606,0.8586228544216701
2235,IP15_MAC,A	E	TR4c_1	TR4c_2	TR6c_1	TR6c_2	TR8c_1	TR8c_2	TRc0_1	TRc0_2	TR60_1	TR60_2,N	N	-86	-86	-80	-92	-82	-87	-84	-79	-82	-82,"[-86, -86, -80, -92, -82, -87, -84, -79, -82, -82]",-86,-86,-80,-92,-82,-87,-84,-79,-82,-82,90,59,1106939,1.596962,1.325026,31.300394,1106739,1142762558,224024886,155598,0.962818,0.007374,0.016536,0.269545,1106739,0.031073,0.014695,0.001735,0.0438916683197021,114.2762558,22.4024886,155.598,-0.0008239000000003,-0.0006405999999969,38.35800000000002,-71.10659999966629,-84.5509021939192,116.94588402042304,38.8161505212658,0.0344163417434218,301.300394,IP15,220.7210322894435,81.18822120155993,-4.506600000215855,-3.8791666279777104,-38.35800000000002,38.8161505212658,0.8599642334533726
2236,IP15_MAC,A	E	TR4c_1	TR4c_2	TR6c_1	TR6c_2	TR8c_1	TR8c_2	TRc0_1	TRc0_2	TR60_1	TR60_2,N	N	-85	-84	-80	-91	-84	-86	-85	-80	-83	-83,"[-85, -84, -80, -91, -84, -86, -85, -80, -83, -83]",-85,-84,-80,-91,-84,-86,-85,-80,-83,-83,90,60,1106939,1.596962,1.325026,31.300394,1106739,1142762558,224024886,155598,0.962818,0.007374,0.016536,0.269545,1106739,0.031073,0.014695,0.001735,0.0423531532287597,114.2762558,22.4024886,155.598,-0.0008239000000003,-0.0006405999999969,38.35800000000002,-71.10659999966629,-84.5509021939192,116.94588402042304,38.8161505212658,0.0344163417434218,301.300394,IP15,220.7210322894435,81.18822120155993,-4.506600000215855,-3.8791666279777104,-38.35800000000002,38.8161505212658,0.8683407162018738
2238,IP15_MAC,A	E	TR4c_1	TR4c_2	TR6c_1	TR6c_2	TR8c_1	TR8c_2	TRc0_1	TRc0_2	TR60_1	TR60_2,N	N	-82	-83	-80	-91	-81	-85	-87	-79	-80	-81,"[-82, -83, -80, -91, -81, -85, -87, -79, -80, -81]",-82,-83,-80,-91,-81,-85,-87,-79,-80,-81,91,59,1107139,1.379541,1.466195,31.321463,1106939,1142762559,224024885,155596,0.962775,0.009069,0.015043,0.269731,1106939,0.035917,-0.011468,0.002705,0.0411529541015625,114.2762559,22.4024885,155.596,-0.0008238000000062,-0.0006406999999981,38.35600000000001,-71.117699999796,-84.54063997811055,116.94455864711914,38.81391390959758,0.0378003034114807,300.321463,IP15,220.86579275873865,81.19024709314186,-4.495500000086139,-3.889428843786362,-38.35600000000001,38.81391390959758,0.8614894922864085
2239,IP15_MAC,A	E	TR4c_1	TR4c_2	TR6c_1	TR6c_2	TR8c_1	TR8c_2	TRc0_1	TRc0_2	TR60_1	TR60_2,N	N	-77	-82	-81	-90	-81	-85	-87	-80	-82	-80,"[-77, -82, -81, -90, -81, -85, -87, -80, -82, -80]",-77,-82,-81,-90,-81,-85,-87,-80,-82,-80,208,61,1107139,1.379541,1.466195,31.321463,1107139,1142762559,224024885,155598,0.962775,0.009069,0.015043,0.269731,1107139,0.027672,-0.014162,-0.001209,0.0461440086364746,114.2762559,22.4024885,155.598,-0.0008238000000062,-0.0006406999999981,38.35800000000002,-71.117699999796,-84.54063997811055,116.94521463133704,38.81589031545784,0.031108897585739,183.321463,IP15,220.86579275873865,81.19069923171942,-4.495500000086139,-3.889428843786362,-38.35800000000002,38.81589031545784,0.9231712261879074
2240,IP15_MAC,A	E	TR4c_1	TR4c_2	TR6c_1	TR6c_2	TR8c_1	TR8c_2	TRc0_1	TRc0_2	TR60_1	TR60_2,N	N	-79	-80	-87	-85	-85	-84	-91	-81	-81	-80,"[-79, -80, -87, -85, -85, -84, -91, -81, -81, -80]",-79,-80,-87,-85,-85,-84,-91,-81,-81,-80,89,60,1107339,1.306469,1.292625,31.25373,1107339,1142762560,224024885,155600,0.962953,0.007791,0.014016,0.269194,1107339,0.02597,-0.020157,0.001945,0.0429456233978271,114.276256,22.4024885,155.6,-0.0008236999999979,-0.0006406999999981,38.36,-71.117699999796,-84.53037770001241,116.93845221896748,38.8188963147702,0.0329321814339712,302.25373,IP15,220.9405102091948,81.181350395194,-4.495500000086139,-3.899691121884501,-38.36,38.8188963147702,0.8673649383333399
2241,IP15_MAC,A	E	TR4c_1	TR4c_2	TR6c_1	TR6c_2	TR8c_1	TR8c_2	TRc0_1	TRc0_2	TR60_1	TR60_2,N	N	-80	-81	-127	-127	-127	-127	-89	-82	-127	-127,"[-80, -81, -127, -127, -127, -127, -89, -82, -127, -127]",-80,-81,-127,-127,-127,-127,-89,-82,-127,-127,209,60,1107539,1.397888,1.426703,31.345176,1107339,1142762560,224024885,155600,0.962721,0.008691,0.015106,0.269933,1107339,0.02597,-0.020157,0.001945,0.0433435440063476,114.276256,22.4024885,155.6,-0.0008236999999979,-0.0006406999999981,38.36,-71.117699999796,-84.53037770001241,116.93845221896748,38.8188963147702,0.0329321814339712,182.345176,IP15,220.9405102091948,81.181350395194,-4.495500000086139,-3.899691121884501,-38.36,38.8188963147702,0.9156980793243312
2243,IP15_MAC,A	E	TR4c_1	TR4c_2	TR6c_1	TR6c_2	TR8c_1	TR8c_2	TRc0_1	TRc0_2	TR60_1	TR60_2,N	N	-74	-83	-83	-88	-77	-83	-84	-87	-85	-83,"[-74, -83, -83, -88, -77, -83, -84, -87, -85, -83]",-74,-83,-83,-88,-77,-83,-84,-87,-85,-83,209,60,1107739,1.231156,1.687733,31.335558,1107739,1142762560,224024885,155604,0.962732,0.011278,0.014319,0.269842,1107739,0.019573,-0.033634,0.000232,0.0439221858978271,114.276256,22.4024885,155.604,-0.0008236999999979,-0.0006406999999981,38.36400000000002,-71.117699999796,-84.53037770001241,116.93976442326084,38.82284903374404,0.0389153197211586,182.335558,IP15,220.9405102091948,81.18225541608429,-4.495500000086139,-3.899691121884501,-38.36400000000002,38.82284903374404,0.91568604963788
2245,IP15_MAC,A	E	TR4c_1	TR4c_2	TR6c_1	TR6c_2	TR8c_1	TR8c_2	TRc0_1	TRc0_2	TR60_1	TR60_2,N	N	-74	-84	-82	-87	-85	-82	-82	-83	-83	-83,"[-74, -84, -82, -87, -85, -82, -82, -83, -83, -83]",-74,-84,-82,-87,-85,-82,-82,-83,-83,-83,210,60,1108139,1.211211,1.272238,31.27748,1107939,1142762560,224024885,155610,0.962905,0.007841,0.013169,0.269407,1107939,0.016412,-0.022066,0.002779,0.0452325344085693,114.276256,22.4024885,155.61,-0.0008236999999979,-0.0006406999999981,38.37000000000002,-71.117699999796,-84.53037770001241,116.94173295863092,38.82877813036203,0.0276402775130786,181.27748,IP15,220.9405102091948,81.18361260193183,-4.495500000086139,-3.899691121884501,-38.37000000000002,38.82877813036203,0.9147868766698246
2246,IP15_MAC,A	E	TR4c_1	TR4c_2	TR6c_1	TR6c_2	TR8c_1	TR8c_2	TRc0_1	TRc0_2	TR60_1	TR60_2,N	N	-74	-85	-82	-86	-86	-81	-83	-83	-84	-84,"[-74, -85, -82, -86, -86, -81, -83, -83, -84, -84]",-74,-85,-82,-86,-86,-81,-83,-83,-84,-84,210,60,1108139,1.211211,1.272238,31.27748,1108139,1142762561,224024884,155614,0.962905,0.007841,0.013169,0.269407,1108139,0.023266,-0.026356,0.000257,0.0423016548156738,114.2762561,22.4024884,155.614,-0.0008236000000039,-0.0006407999999993,38.37400000000001,-71.12879999992572,-84.52011548418162,116.94237891752002,38.8324793756814,0.0351569557982485,181.27748,IP15,221.0852094259368,81.186910206865,-4.484399999956423,-3.9099533377152937,-38.37400000000001,38.8324793756814,0.9146489515403858
2248,IP15_MAC,A	E	TR4c_1	TR4c_2	TR6c_1	TR6c_2	TR8c_1	TR8c_2	TRc0_1	TRc0_2	TR60_1	TR60_2,N	N	-79	-85	-83	-88	-87	-83	-83	-82	-84	-83,"[-79, -85, -83, -88, -87, -83, -83, -82, -84, -83]",-79,-85,-83,-88,-87,-83,-83,-82,-84,-83,209,61,1108539,1.338051,1.266711,31.158824,1108339,1142762561,224024884,155608,0.963175,0.007511,0.014214,0.268395,1108339,0.020654,-0.023495,-0.008125,0.0464372634887695,114.2762561,22.4024884,155.608,-0.0008236000000039,-0.0006407999999993,38.36800000000001,-71.12879999992572,-84.52011548418162,116.94041018779107,38.82655022613677,0.0323205563999136,182.158824,IP15,221.0852094259368,81.18555365396442,-4.484399999956423,-3.9099533377152937,-38.36800000000001,38.82655022613677,0.9220842929342692
2250,IP15_MAC,A	E	TR4c_1	TR4c_2	TR6c_1	TR6c_2	TR8c_1	TR8c_2	TRc0_1	TRc0_2	TR60_1	TR60_2,N	N	-77	-87	-82	-88	-87	-82	-82	-84	-85	-84,"[-77, -87, -82, -88, -87, -82, -82, -84, -85, -84]",-77,-87,-82,-88,-87,-82,-82,-84,-85,-84,210,60,1108739,1.2488,1.302487,31.147694,1108539,1142762561,224024884,155608,0.963204,0.008022,0.013547,0.268308,1108539,0.016363,-0.01994,-0.004291,0.0421760082244873,114.2762561,22.4024884,155.608,-0.0008236000000039,-0.0006407999999993,38.36800000000001,-71.12879999992572,-84.52011548418162,116.94041018779107,38.82655022613677,0.0261488823852951,181.147694,IP15,221.0852094259368,81.18555365396442,-4.484399999956423,-3.9099533377152937,-38.36800000000001,38.82655022613677,0.9145435343335092
2251,IP15_MAC,A	E	TR4c_1	TR4c_2	TR6c_1	TR6c_2	TR8c_1	TR8c_2	TRc0_1	TRc0_2	TR60_1	TR60_2,N	N	-78	-86	-80	-87	-89	-83	-84	-82	-84	-83,"[-78, -86, -80, -87, -89, -83, -84, -82, -84, -83]",-78,-86,-80,-87,-89,-83,-84,-82,-84,-83,210,60,1108939,0.946033,1.34299,31.248904,1108739,1142762561,224024884,155608,0.96298,0.009062,0.011105,0.269191,1108739,0.014084,-0.018435,0.001823,0.0453238487243652,114.2762561,22.4024884,155.608,-0.0008236000000039,-0.0006407999999993,38.36800000000001,-71.12879999992572,-84.52011548418162,116.94041018779107,38.82655022613677,0.0232708317427633,181.248904,IP15,221.0852094259368,81.18555365396442,-4.484399999956423,-3.9099533377152937,-38.36800000000001,38.82655022613677,0.9146303249117852
2253,IP15_MAC,A	E	TR4c_1	TR4c_2	TR6c_1	TR6c_2	TR8c_1	TR8c_2	TRc0_1	TRc0_2	TR60_1	TR60_2,N	N	-77	-86	-83	-88	-86	-83	-89	-82	-83	-84,"[-77, -86, -83, -88, -86, -83, -89, -82, -83, -84]",-77,-86,-83,-88,-86,-83,-89,-82,-83,-84,209,60,1109139,1.12739,0.829895,31.373906,1109139,1142762563,224024884,155623,0.962706,0.004312,0.011429,0.270273,1109139,0.007191,0.010324,0.007488,0.046523094177246,114.2762563,22.4024884,155.623,-0.0008234000000015,-0.0006407999999993,38.383,-71.12879999992572,-84.49959092942895,116.93049963833327,38.843444605528845,0.0146412294907224,182.373906,IP15,221.23385182849916,81.16925391039156,-4.484399999956423,-3.9304778924679615,-38.383,38.843444605528845,0.915529778431427
2254,IP15_MAC,A	E	TR4c_1	TR4c_2	TR6c_1	TR6c_2	TR8c_1	TR8c_2	TRc0_1	TRc0_2	TR60_1	TR60_2,N	N	-77	-85	-82	-88	-85	-82	-89	-82	-82	-84,"[-77, -85, -82, -88, -85, -82, -89, -82, -82, -84]",-77,-85,-82,-88,-85,-82,-89,-82,-82,-84,209,60,1109339,1.318575,0.64143,31.39823,1109139,1142762563,224024884,155623,0.96264,0.002275,0.012591,0.270482,1109139,0.007191,0.010324,0.007488,0.039475679397583,114.2762563,22.4024884,155.623,-0.0008234000000015,-0.0006407999999993,38.383,-71.12879999992572,-84.49959092942895,116.93049963833327,38.843444605528845,0.0146412294907224,182.39823,IP15,221.23385182849916,81.16925391039156,-4.484399999956423,-3.9304778924679615,-38.383,38.843444605528845,0.9155502183645442
2257,IP15_MAC,A	E	TR4c_1	TR4c_2	TR6c_1	TR6c_2	TR8c_1	TR8c_2	TRc0_1	TRc0_2	TR60_1	TR60_2,N	N	-77	-85	-83	-88	-83	-83	-89	-81	-84	-86,"[-77, -85, -83, -88, -83, -83, -89, -81, -84, -86]",-77,-85,-83,-88,-83,-83,-89,-81,-84,-86,208,60,1109739,1.425534,1.269539,31.415867,1109539,1142762565,224024884,155648,0.962564,0.007296,0.014972,0.270544,1109539,0.019297,-0.006445,0.013653,0.0553059577941894,114.2762565,22.4024884,155.648,-0.0008231999999992,-0.0006407999999993,38.408,-71.12879999992572,-84.47906637467628,116.9238782668724,38.870229323964026,0.0245013600234762,183.415867,IP15,221.3818213128468,81.15517715987961,-4.484399999956423,-3.951002447220631,-38.408,38.870229323964026,0.91633691602379
2258,IP15_MAC,A	E	TR4c_1	TR4c_2	TR6c_1	TR6c_2	TR8c_1	TR8c_2	TRc0_1	TRc0_2	TR60_1	TR60_2,N	N	-78	-87	-82	-88	-83	-82	-92	-83	-89	-85,"[-78, -87, -82, -88, -83, -82, -92, -83, -89, -85]",-78,-87,-82,-88,-83,-82,-92,-83,-89,-85,208,60,1109739,1.425534,1.269539,31.415867,1109539,1142762565,224024884,155648,0.962564,0.007296,0.014972,0.270544,1109539,0.019297,-0.006445,0.013653,0.0575807094573974,114.2762565,22.4024884,155.648,-0.0008231999999992,-0.0006407999999993,38.408,-71.12879999992572,-84.47906637467628,116.9238782668724,38.870229323964026,0.0245013600234762,183.415867,IP15,221.3818213128468,81.15517715987961,-4.484399999956423,-3.951002447220631,-38.408,38.870229323964026,0.91633691602379
2268,IP15_MAC,A	E	TR4c_1	TR4c_2	TR6c_1	TR6c_2	TR8c_1	TR8c_2	TRc0_1	TRc0_2	TR60_1	TR60_2,N	N	-75	-85	-92	-83	-85	-82	-85	-79	-82	-86,"[-75, -85, -92, -83, -85, -82, -85, -79, -82, -86]",-75,-85,-92,-83,-85,-82,-85,-79,-82,-86,209,61,1110939,1.311901,1.239072,31.309533,1110739,1142762569,224024884,155703,0.962825,0.007322,0.013939,0.269668,1110739,0.011234,-0.010276,0.000662,0.0465791225433349,114.2762569,22.4024884,155.703,-0.0008227999999945,-0.0006407999999993,38.46300000000001,-71.12879999992572,-84.43801726517094,116.91230610206414,38.9287642751625,0.015239329906528,182.309533,IP15,221.6757519340256,81.12804414712811,-4.484399999956423,-3.992051556725969,-38.46300000000001,38.9287642751625,0.9219610473356924
2272,IP15_MAC,A	E	TR4c_1	TR4c_2	TR6c_1	TR6c_2	TR8c_1	TR8c_2	TRc0_1	TRc0_2	TR60_1	TR60_2,N	N	-77	-89	-82	-82	-85	-81	-84	-79	-82	-83,"[-77, -89, -82, -82, -85, -81, -84, -79, -82, -83]",-77,-89,-82,-82,-85,-81,-84,-79,-82,-83,210,60,1111339,1.770714,1.20272,31.298861,1111139,1142762569,224024884,155726,0.962811,0.005937,0.017708,0.269528,1111139,0.018412,-0.00584,0.000658,0.0553693771362304,114.2762569,22.4024884,155.726,-0.0008227999999945,-0.0006407999999993,38.486,-71.12879999992572,-84.43801726517094,116.91987489346172,38.9514892525455,0.0193271908977999,181.298861,IP15,221.6757519340256,81.13326193290867,-4.484399999956423,-3.992051556725969,-38.486,38.9514892525455,0.9143866664967631
2273,IP15_MAC,A	E	TR4c_1	TR4c_2	TR6c_1	TR6c_2	TR8c_1	TR8c_2	TRc0_1	TRc0_2	TR60_1	TR60_2,N	N	-79	-89	-88	-84	-88	-83	-83	-78	-81	-85,"[-79, -89, -88, -84, -88, -83, -83, -78, -81, -85]",-79,-89,-88,-84,-88,-83,-83,-78,-81,-85,90,60,1111339,1.770714,1.20272,31.298861,1111339,1142762570,224024884,155740,0.962811,0.005937,0.017708,0.269528,1111339,0.016833,-0.021138,0.002716,0.0471537113189697,114.276257,22.4024884,155.74,-0.0008227000000005,-0.0006407999999993,38.500000000000014,-71.12879999992572,-84.42775498852379,116.91707318365286,38.96637472719807,0.0271577169327614,301.298861,IP15,221.74881808519496,81.12651445353255,-4.484399999956423,-4.0023138333731225,-38.500000000000014,38.96637472719807,0.8696492163190023
2274,IP15_MAC,A	E	TR4c_1	TR4c_2	TR6c_1	TR6c_2	TR8c_1	TR8c_2	TRc0_1	TRc0_2	TR60_1	TR60_2,N	N	-127	-127	-86	-84	-86	-85	-83	-78	-80	-83,"[-127, -127, -86, -84, -86, -85, -83, -78, -80, -83]",-127,-127,-86,-84,-86,-85,-83,-78,-80,-83,88,60,1111539,1.524131,1.5374,31.330545,1111339,1142762570,224024884,155740,0.962738,0.009325,0.016426,0.269778,1111339,0.016833,-0.021138,0.002716,0.0535428524017334,114.276257,22.4024884,155.74,-0.0008227000000005,-0.0006407999999993,38.500000000000014,-71.12879999992572,-84.42775498852379,116.91707318365286,38.96637472719807,0.0271577169327614,303.33054500000003,IP15,221.74881808519496,81.12651445353255,-4.484399999956423,-4.0023138333731225,-38.500000000000014,38.96637472719807,0.8669514715122628
2275,IP15_MAC,A	E	TR4c_1	TR4c_2	TR6c_1	TR6c_2	TR8c_1	TR8c_2	TRc0_1	TRc0_2	TR60_1	TR60_2,N	N	-79	-90	-87	-83	-87	-83	-84	-78	-81	-84,"[-79, -90, -87, -83, -87, -83, -84, -78, -81, -84]",-79,-90,-87,-83,-87,-83,-84,-78,-81,-84,91,60,1111539,1.524131,1.5374,31.330545,1111339,1142762570,224024884,155740,0.962738,0.009325,0.016426,0.269778,1111339,0.016833,-0.021138,0.002716,0.0524137020111084,114.276257,22.4024884,155.74,-0.0008227000000005,-0.0006407999999993,38.500000000000014,-71.12879999992572,-84.42775498852379,116.91707318365286,38.96637472719807,0.0271577169327614,300.33054500000003,IP15,221.74881808519496,81.12651445353255,-4.484399999956423,-4.0023138333731225,-38.500000000000014,38.96637472719807,0.8709290006269873
2278,IP15_MAC,A	E	TR4c_1	TR4c_2	TR6c_1	TR6c_2	TR8c_1	TR8c_2	TRc0_1	TRc0_2	TR60_1	TR60_2,N	N	-77	-84	-127	-127	-127	-127	-84	-78	-127	-127,"[-77, -84, -127, -127, -127, -127, -84, -78, -127, -127]",-77,-84,-127,-127,-127,-127,-84,-78,-127,-127,209,60,1111939,1.731971,1.448901,31.272497,1111739,1142762571,224024884,155758,0.962862,0.008101,0.017959,0.269273,1111739,0.008625,-0.014077,0.006421,0.0575318336486816,114.2762571,22.4024884,155.758,-0.0008226000000064,-0.0006407999999993,38.518000000000015,-71.12879999992572,-84.41749271187662,116.91559172834552,38.985214304891485,0.0177138870663668,182.272497,IP15,221.8217182933695,81.12066546052634,-4.484399999956423,-4.012576110020291,-38.518000000000015,38.985214304891485,0.9151561020192872
2279,IP15_MAC,A	E	TR4c_1	TR4c_2	TR6c_1	TR6c_2	TR8c_1	TR8c_2	TRc0_1	TRc0_2	TR60_1	TR60_2,N	N	-77	-83	-127	-127	-81	-85	-85	-79	-82	-81,"[-77, -83, -127, -127, -81, -85, -85, -79, -82, -81]",-77,-83,-127,-127,-81,-85,-85,-79,-82,-81,210,60,1111939,1.731971,1.448901,31.272497,1111739,1142762571,224024884,155758,0.962862,0.008101,0.017959,0.269273,1111739,0.008625,-0.014077,0.006421,0.0528888702392578,114.2762571,22.4024884,155.758,-0.0008226000000064,-0.0006407999999993,38.518000000000015,-71.12879999992572,-84.41749271187662,116.91559172834552,38.985214304891485,0.0177138870663668,181.272497,IP15,221.8217182933695,81.12066546052634,-4.484399999956423,-4.012576110020291,-38.518000000000015,38.985214304891485,0.9142893964280908
2280,IP15_MAC,A	E	TR4c_1	TR4c_2	TR6c_1	TR6c_2	TR8c_1	TR8c_2	TRc0_1	TRc0_2	TR60_1	TR60_2,N	N	-76	-82	-127	-127	-81	-86	-86	-79	-82	-80,"[-76, -82, -127, -127, -81, -86, -86, -79, -82, -80]",-76,-82,-127,-127,-81,-86,-86,-79,-82,-80,210,60,1111939,1.731971,1.448901,31.272497,1111939,1142762571,224024884,155766,0.962862,0.008101,0.017959,0.269273,1111939,0.004157,-0.011383,0.002232,0.0518829822540283,114.2762571,22.4024884,155.766,-0.0008226000000064,-0.0006407999999993,38.526,-71.12879999992572,-84.41749271187662,116.91822758316675,38.99311844926377,0.0123221411288785,181.272497,IP15,221.8217182933695,81.12247990067644,-4.484399999956423,-4.012576110020291,-38.526,38.99311844926377,0.9142817419452226
2283,IP15_MAC,A	E	TR4c_1	TR4c_2	TR6c_1	TR6c_2	TR8c_1	TR8c_2	TRc0_1	TRc0_2	TR60_1	TR60_2,N	N	-74	-80	-127	-127	-83	-88	-87	-80	-81	-81,"[-74, -80, -127, -127, -83, -88, -87, -80, -81, -81]",-74,-80,-127,-127,-83,-88,-87,-80,-81,-81,210,61,1112539,1.85774,1.249305,31.226575,1112339,1142762572,224024884,155787,0.962969,0.006135,0.018544,0.268902,1112339,0.005597,-0.002334,0.002288,0.0442042350769043,114.2762572,22.4024884,155.787,-0.0008224999999981,-0.0006407999999993,38.54700000000001,-71.12879999992572,-84.40723043377112,116.91774009075428,39.01492382482104,0.0064814280062344,181.226575,IP15,221.8944528983209,81.11730310270205,-4.484399999956423,-4.022838388125791,-38.54700000000001,39.01492382482104,0.9209116165213618
2284,IP15_MAC,A	E	TR4c_1	TR4c_2	TR6c_1	TR6c_2	TR8c_1	TR8c_2	TRc0_1	TRc0_2	TR60_1	TR60_2,N	N	-127	-127	-127	-127	-127	-127	-89	-79	-127	-127,"[-127, -127, -127, -127, -127, -127, -89, -79, -127, -127]",-127,-127,-127,-127,-127,-127,-89,-79,-127,-127,91,60,1112739,2.044994,1.166723,31.187906,1112539,1142762573,224024885,155795,0.963042,0.005008,0.019922,0.268567,1112539,0.002787,-0.004408,0.001207,0.0461819171905517,114.2762573,22.4024885,155.795,-0.0008224000000041,-0.0006406999999981,38.55499999999999,-71.117699999796,-84.39696809640358,116.90621669580428,39.02516427528203,0.005353006818602,300.187906,IP15,221.89660544910123,81.09719088989463,-4.495500000086139,-4.033100725493327,-38.55499999999999,39.02516427528203,0.8712948379112269
2285,IP15_MAC,A	E	TR4c_1	TR4c_2	TR6c_1	TR6c_2	TR8c_1	TR8c_2	TRc0_1	TRc0_2	TR60_1	TR60_2,N	N	-75	-83	-127	-127	-81	-87	-89	-80	-82	-80,"[-75, -83, -127, -127, -81, -87, -89, -80, -82, -80]",-75,-83,-127,-127,-81,-87,-89,-80,-82,-80,210,60,1112739,2.044994,1.166723,31.187906,1112739,1142762573,224024885,155804,0.963042,0.005008,0.019922,0.268567,1112739,0.000378,-0.012589,-0.000766,0.0499393939971923,114.2762573,22.4024885,155.804,-0.0008224000000041,-0.0006406999999981,38.56400000000001,-71.117699999796,-84.39696809640358,116.90918515294833,39.03405587064646,0.0126179459897401,181.187906,IP15,221.89660544910123,81.09923534172958,-4.495500000086139,-4.033100725493327,-38.56400000000001,39.03405587064646,0.9142395192147708
2286,IP15_MAC,A	E	TR4c_1	TR4c_2	TR6c_1	TR6c_2	TR8c_1	TR8c_2	TRc0_1	TRc0_2	TR60_1	TR60_2,N	N	-76	-84	-127	-127	-127	-127	-86	-78	-127	-127,"[-76, -84, -127, -127, -127, -127, -86, -78, -127, -127]",-76,-84,-127,-127,-127,-127,-86,-78,-127,-127,209,60,1112939,1.714661,1.401043,31.177725,1112739,1142762573,224024885,155804,0.96309,0.007754,0.017695,0.268487,1112739,0.000378,-0.012589,-0.000766,0.0439872741699218,114.2762573,22.4024885,155.804,-0.0008224000000041,-0.0006406999999981,38.56400000000001,-71.117699999796,-84.39696809640358,116.90918515294833,39.03405587064646,0.0126179459897401,182.177725,IP15,221.89660544910123,81.09923534172958,-4.495500000086139,-4.033100725493327,-38.56400000000001,39.03405587064646,0.9151023898236458
2287,IP15_MAC,A	E	TR4c_1	TR4c_2	TR6c_1	TR6c_2	TR8c_1	TR8c_2	TRc0_1	TRc0_2	TR60_1	TR60_2,N	N	-76	-84	-127	-127	-127	-127	-86	-78	-82	-77,"[-76, -84, -127, -127, -127, -127, -86, -78, -82, -77]",-76,-84,-127,-127,-127,-127,-86,-78,-82,-77,208,60,1112939,1.714661,1.401043,31.177725,1112739,1142762573,224024885,155804,0.96309,0.007754,0.017695,0.268487,1112739,0.000378,-0.012589,-0.000766,0.0463213920593261,114.2762573,22.4024885,155.804,-0.0008224000000041,-0.0006406999999981,38.56400000000001,-71.117699999796,-84.39696809640358,116.90918515294833,39.03405587064646,0.0126179459897401,183.177725,IP15,221.89660544910123,81.09923534172958,-4.495500000086139,-4.033100725493327,-38.56400000000001,39.03405587064646,0.9159561010015376
2288,IP15_MAC,A	E	TR4c_1	TR4c_2	TR6c_1	TR6c_2	TR8c_1	TR8c_2	TRc0_1	TRc0_2	TR60_1	TR60_2,N	N	-76	-84	-84	-89	-79	-83	-85	-77	-81	-80,"[-76, -84, -84, -89, -79, -83, -85, -77, -81, -80]",-76,-84,-84,-89,-79,-83,-85,-77,-81,-80,92,59,1113139,1.805279,1.491413,31.198098,1112939,1142762574,224024885,155815,0.963026,0.008298,0.01867,0.268631,1112939,-0.004094,-0.020098,-0.002797,0.0495228767395019,114.2762574,22.4024885,155.815,-0.0008222999999958,-0.0006406999999981,38.575,-71.117699999796,-84.38670581830546,116.90540619289688,39.04598480803868,0.0207005712240024,299.198098,IP15,221.9689909101392,81.09179080077969,-4.495500000086139,-4.043363003591452,-38.575,39.04598480803868,0.8644578917669028
2289,IP15_MAC,A	E	TR4c_1	TR4c_2	TR6c_1	TR6c_2	TR8c_1	TR8c_2	TRc0_1	TRc0_2	TR60_1	TR60_2,N	N	-75	-82	-127	-127	-127	-127	-127	-127	-127	-127,"[-75, -82, -127, -127, -127, -127, -127, -127, -127, -127]",-75,-82,-127,-127,-127,-127,-127,-127,-127,-127,210,60,1113539,1.784317,1.238176,31.304496,1113339,1142762574,224024885,155829,0.962795,0.006202,0.017906,0.269568,1113339,-0.019483,-0.006635,-0.01087,0.0519042015075683,114.2762574,22.4024885,155.829,-0.0008222999999958,-0.0006406999999981,38.58900000000001,-71.117699999796,-84.38670581830546,116.91002648672274,39.05981599584908,0.0232758977055665,181.304496,IP15,221.9689909101392,81.09497087398789,-4.495500000086139,-4.043363003591452,-38.58900000000001,39.05981599584908,0.9142963426923956
2290,IP15_MAC,A	E	TR4c_1	TR4c_2	TR6c_1	TR6c_2	TR8c_1	TR8c_2	TRc0_1	TRc0_2	TR60_1	TR60_2,N	N	-75	-82	-88	-85	-79	-85	-84	-77	-80	-80,"[-75, -82, -88, -85, -79, -85, -84, -77, -80, -80]",-75,-82,-88,-85,-79,-85,-84,-77,-80,-80,90,60,1113739,1.972376,1.317218,31.357365,1113539,1142762574,224024885,155839,0.962645,0.006414,0.019674,0.269974,1113539,-0.018932,-0.016378,-0.019943,0.0477340221405029,114.2762574,22.4024885,155.839,-0.0008222999999958,-0.0006406999999981,38.599,-71.117699999796,-84.38670581830546,116.9133276112104,39.06969548933785,0.0320059800193651,301.357365,IP15,221.9689909101392,81.09724097633027,-4.495500000086139,-4.043363003591452,-38.599,39.06969548933785,0.8698412895450117
2291,IP15_MAC,A	E	TR4c_1	TR4c_2	TR6c_1	TR6c_2	TR8c_1	TR8c_2	TRc0_1	TRc0_2	TR60_1	TR60_2,N	N	-73	-81	-127	-127	-127	-127	-83	-78	-127	-127,"[-73, -81, -127, -127, -127, -127, -83, -78, -127, -127]",-73,-81,-127,-127,-127,-127,-83,-78,-127,-127,209,60,1113739,1.972376,1.317218,31.357365,1113539,1142762574,224024885,155839,0.962645,0.006414,0.019674,0.269974,1113539,-0.018932,-0.016378,-0.019943,0.047128677368164,114.2762574,22.4024885,155.839,-0.0008222999999958,-0.0006406999999981,38.599,-71.117699999796,-84.38670581830546,116.9133276112104,39.06969548933785,0.0320059800193651,182.357365,IP15,221.9689909101392,81.09724097633027,-4.495500000086139,-4.043363003591452,-38.599,39.06969548933785,0.9152034083834916
2292,IP15_MAC,A	E	TR4c_1	TR4c_2	TR6c_1	TR6c_2	TR8c_1	TR8c_2	TRc0_1	TRc0_2	TR60_1	TR60_2,N	N	-127	-127	-127	-127	-80	-82	-83	-80	-80	-84,"[-127, -127, -127, -127, -80, -82, -83, -80, -80, -84]",-127,-127,-127,-127,-80,-82,-83,-80,-80,-84,92,60,1114139,1.909423,1.44264,31.644903,1113939,1142762574,224024884,155852,0.961964,0.007568,0.01946,0.272377,1113939,-0.016725,-0.039364,-0.007602,0.048041820526123,114.2762574,22.4024884,155.852,-0.0008222999999958,-0.0006407999999993,38.61200000000001,-71.12879999992572,-84.38670587901845,116.92437240601892,39.081263685396,0.0434400797075696,299.644903,IP15,222.03942657813585,81.11213752117212,-4.484399999956423,-4.04336294287846,-38.61200000000001,39.081263685396,0.8722079153148321
2293,IP15_MAC,A	E	TR4c_1	TR4c_2	TR6c_1	TR6c_2	TR8c_1	TR8c_2	TRc0_1	TRc0_2	TR60_1	TR60_2,N	N	-71	-82	-127	-127	-80	-82	-83	-80	-80	-84,"[-71, -82, -127, -127, -80, -82, -83, -80, -80, -84]",-71,-82,-127,-127,-80,-82,-83,-80,-80,-84,210,60,1114139,1.909423,1.44264,31.644903,1113939,1142762574,224024884,155852,0.961964,0.007568,0.01946,0.272377,1113939,-0.016725,-0.039364,-0.007602,0.0502219200134277,114.2762574,22.4024884,155.852,-0.0008222999999958,-0.0006407999999993,38.61200000000001,-71.12879999992572,-84.38670587901845,116.92437240601892,39.081263685396,0.0434400797075696,181.644903,IP15,222.03942657813585,81.11213752117212,-4.484399999956423,-4.04336294287846,-38.61200000000001,39.081263685396,0.914460741402072
2294,IP15_MAC,A	E	TR4c_1	TR4c_2	TR6c_1	TR6c_2	TR8c_1	TR8c_2	TRc0_1	TRc0_2	TR60_1	TR60_2,N	N	-71	-82	-127	-127	-127	-127	-81	-81	-127	-127,"[-71, -82, -127, -127, -127, -127, -81, -81, -127, -127]",-71,-82,-127,-127,-127,-127,-81,-81,-127,-127,210,60,1114139,1.909423,1.44264,31.644903,1113939,1142762574,224024884,155852,0.961964,0.007568,0.01946,0.272377,1113939,-0.016725,-0.039364,-0.007602,0.0450403690338134,114.2762574,22.4024884,155.852,-0.0008222999999958,-0.0006407999999993,38.61200000000001,-71.12879999992572,-84.38670587901845,116.92437240601892,39.081263685396,0.0434400797075696,181.644903,IP15,222.03942657813585,81.11213752117212,-4.484399999956423,-4.04336294287846,-38.61200000000001,39.081263685396,0.914460741402072
2295,IP15_MAC,A	E	TR4c_1	TR4c_2	TR6c_1	TR6c_2	TR8c_1	TR8c_2	TRc0_1	TRc0_2	TR60_1	TR60_2,N	N	-71	-82	-127	-127	-127	-127	-83	-81	-127	-127,"[-71, -82, -127, -127, -127, -127, -83, -81, -127, -127]",-71,-82,-127,-127,-127,-127,-83,-81,-127,-127,210,60,1114339,1.602659,1.329931,32.175272,1114139,1142762574,224024884,155849,0.960731,0.007275,0.016651,0.276886,1114139,-0.033131,-0.043196,0.000235,0.0490877628326416,114.2762574,22.4024884,155.849,-0.0008222999999958,-0.0006407999999993,38.609,-71.12879999992572,-84.38670587901845,116.92338174865368,39.07829971029256,0.0544390742206367,182.175272,IP15,222.03942657813585,81.11145794242906,-4.484399999956423,-4.04336294287846,-38.609,39.07829971029256,0.91492453256645
2296,IP15_MAC,A	E	TR4c_1	TR4c_2	TR6c_1	TR6c_2	TR8c_1	TR8c_2	TRc0_1	TRc0_2	TR60_1	TR60_2,N	N	-127	-127	-90	-82	-79	-79	-83	-80	-81	-87,"[-127, -127, -90, -82, -79, -79, -83, -80, -81, -87]",-127,-127,-90,-82,-79,-79,-83,-80,-81,-87,120,30,1114539,0.533101,1.915616,32.350999,1114339,1142762573,224024883,155860,0.960296,0.014757,0.009123,0.278444,1114339,-0.037003,-0.049445,0.002173,0.0446233749389648,114.2762573,22.4024883,155.86,-0.0008224000000041,-0.0006408999999969,38.62000000000002,-71.13989999966108,-84.39696821784433,116.94117331515707,39.08683555078856,0.0617960513544352,272.350999,IP15,222.037631949792,81.13584102843572,-4.473300000221059,-4.033100604052578,-38.62000000000002,39.08683555078856,0.5792464828210071
2297,IP15_MAC,A	E	TR4c_1	TR4c_2	TR6c_1	TR6c_2	TR8c_1	TR8c_2	TRc0_1	TRc0_2	TR60_1	TR60_2,N	N	-75	-81	-92	-83	-78	-80	-83	-79	-81	-86,"[-75, -81, -92, -83, -78, -80, -83, -79, -81, -86]",-75,-81,-92,-83,-78,-80,-83,-79,-81,-86,148,70,1114539,0.533101,1.915616,32.350999,1114339,1142762573,224024883,155860,0.960296,0.014757,0.009123,0.278444,1114339,-0.037003,-0.049445,0.002173,0.0449979305267334,114.2762573,22.4024883,155.86,-0.0008224000000041,-0.0006408999999969,38.62000000000002,-71.13989999966108,-84.39696821784433,116.94117331515707,39.08683555078856,0.0617960513544352,244.350999,IP15,222.037631949792,81.13584102843572,-4.473300000221059,-4.033100604052578,-38.62000000000002,39.08683555078856,0.977225725440801
2299,IP15_MAC,A	E	TR4c_1	TR4c_2	TR6c_1	TR6c_2	TR8c_1	TR8c_2	TRc0_1	TRc0_2	TR60_1	TR60_2,N	N	-74	-76	-85	-84	-127	-127	-86	-81	-127	-127,"[-74, -76, -85, -84, -127, -127, -86, -81, -127, -127]",-74,-76,-85,-84,-127,-127,-86,-81,-127,-127,209,61,1114939,-5.842959,1.629998,32.030226,1114739,1142762571,224024881,155906,0.959649,0.027711,-0.045062,0.276181,1114739,0.020152,0.005756,-0.003965,0.0482382774353027,114.2762571,22.4024881,155.906,-0.0008226000000064,-0.0006410999999992,38.66600000000001,-71.16209999992051,-84.41749289408203,116.98468762586442,39.12764512191014,0.0213296944422558,183.030226,IP15,222.03401554799524,81.18996108824761,-4.451099999961627,-4.012575927814879,-38.66600000000001,39.12764512191014,0.922002848512074
2301,IP15_MAC,A	E	TR4c_1	TR4c_2	TR6c_1	TR6c_2	TR8c_1	TR8c_2	TRc0_1	TRc0_2	TR60_1	TR60_2,N	N	-79	-79	-83	-84	-81	-83	-81	-80	-81	-84,"[-79, -79, -83, -84, -81, -83, -81, -80, -81, -84]",-79,-79,-83,-84,-81,-83,-81,-80,-81,-84,180,89,1115139,-6.210902,1.960197,32.025229,1114939,1142762570,224024881,155928,0.959399,0.031356,-0.04735,0.276275,1114939,0.195219,0.117013,0.0126,0.0401413440704345,114.276257,22.4024881,155.928,-0.0008227000000005,-0.0006410999999992,38.688,-71.16209999992051,-84.42775517075134,116.9993660819195,39.14833521073157,0.2279501264092652,212.025229,IP15,221.96105646838737,81.20482344180263,-4.451099999961627,-4.00231365114557,-38.688,39.14833521073157,0.9907192387188116
2302,IP15_MAC,A	E	TR4c_1	TR4c_2	TR6c_1	TR6c_2	TR8c_1	TR8c_2	TRc0_1	TRc0_2	TR60_1	TR60_2,N	N	-81	-78	-81	-83	-84	-88	-81	-81	-80	-81,"[-81, -78, -81, -83, -84, -88, -81, -81, -80, -81]",-81,-78,-81,-83,-84,-88,-81,-81,-80,-81,180,90,1115139,-6.210902,1.960197,32.025229,1114939,1142762570,224024881,155928,0.959399,0.031356,-0.04735,0.276275,1114939,0.195219,0.117013,0.0126,0.0406358242034912,114.276257,22.4024881,155.928,-0.0008227000000005,-0.0006410999999992,38.688,-71.16209999992051,-84.42775517075134,116.9993660819195,39.14833521073157,0.2279501264092652,212.025229,IP15,221.96105646838737,81.20482344180263,-4.451099999961627,-4.00231365114557,-38.688,39.14833521073157,0.9882412570482596
2303,IP15_MAC,A	E	TR4c_1	TR4c_2	TR6c_1	TR6c_2	TR8c_1	TR8c_2	TRc0_1	TRc0_2	TR60_1	TR60_2,N	N	-78	-78	-87	-86	-127	-127	-80	-89	-127	-127,"[-78, -78, -87, -86, -127, -127, -80, -89, -127, -127]",-78,-78,-87,-86,-127,-127,-80,-89,-127,-127,178,89,1115139,-6.210902,1.960197,32.025229,1115139,1142762574,224024884,155961,0.959399,0.031356,-0.04735,0.276275,1115139,0.401222,0.247988,0.00378,0.04484224319458,114.2762574,22.4024884,155.961,-0.0008222999999958,-0.0006407999999993,38.72100000000002,-71.12879999992572,-84.38670587901845,116.96041278800875,39.18895849914173,0.4716899721512002,214.025229,IP15,222.03942657813585,81.13675916134741,-4.484399999956423,-4.04336294287846,-38.72100000000002,39.18895849914173,0.9905711774212436
2304,IP15_MAC,A	E	TR4c_1	TR4c_2	TR6c_1	TR6c_2	TR8c_1	TR8c_2	TRc0_1	TRc0_2	TR60_1	TR60_2,N	N	-77	-77	-127	-127	-127	-127	-82	-83	-127	-127,"[-77, -77, -127, -127, -127, -127, -82, -83, -127, -127]",-77,-77,-127,-127,-127,-127,-82,-83,-127,-127,210,60,1115339,-5.3493,1.824791,32.056661,1115139,1142762574,224024884,155961,0.959757,0.028168,-0.04045,0.276471,1115139,0.401222,0.247988,0.00378,0.0453259944915771,114.2762574,22.4024884,155.961,-0.0008222999999958,-0.0006407999999993,38.72100000000002,-71.12879999992572,-84.38670587901845,116.96041278800875,39.18895849914173,0.4716899721512002,182.056661,IP15,222.03942657813585,81.13675916134741,-4.484399999956423,-4.04336294287846,-38.72100000000002,39.18895849914173,0.914713744919071
2305,IP15_MAC,A	E	TR4c_1	TR4c_2	TR6c_1	TR6c_2	TR8c_1	TR8c_2	TRc0_1	TRc0_2	TR60_1	TR60_2,N	N	-127	-127	-82	-87	-83	-81	-82	-85	-78	-84,"[-127, -127, -82, -87, -83, -81, -82, -85, -78, -84]",-127,-127,-82,-87,-83,-81,-82,-85,-78,-84,0,30,1115539,-4.809882,1.508964,32.100087,1115339,1142762579,224024891,155955,0.959944,0.024241,-0.036683,0.276721,1115339,0.589162,0.380545,-0.004991,0.0466423034667968,114.2762579,22.4024891,155.955,-0.000821799999997,-0.0006400999999982,38.71500000000002,-71.05109999980641,-84.33539406813347,116.8741576603222,39.19732570915777,0.7013923790218995,32.100087,IP15,221.9092978672397,81.00241495206679,-4.562100000075731,-4.094674753763442,-38.71500000000002,39.19732570915777,0.3603873630203092
2306,IP15_MAC,A	E	TR4c_1	TR4c_2	TR6c_1	TR6c_2	TR8c_1	TR8c_2	TRc0_1	TRc0_2	TR60_1	TR60_2,N	N	-71	-77	-82	-87	-83	-81	-82	-85	-78	-84,"[-71, -77, -82, -87, -83, -81, -82, -85, -78, -84]",-71,-77,-82,-87,-83,-81,-82,-85,-78,-84,210,61,1115539,-4.809882,1.508964,32.100087,1115339,1142762579,224024891,155955,0.959944,0.024241,-0.036683,0.276721,1115339,0.589162,0.380545,-0.004991,0.0421595573425293,114.2762579,22.4024891,155.955,-0.000821799999997,-0.0006400999999982,38.71500000000002,-71.05109999980641,-84.33539406813347,116.8741576603222,39.19732570915777,0.7013923790218995,182.100087,IP15,221.9092978672397,81.00241495206679,-4.562100000075731,-4.094674753763442,-38.71500000000002,39.19732570915777,0.9221014839354404
2307,IP15_MAC,A	E	TR4c_1	TR4c_2	TR6c_1	TR6c_2	TR8c_1	TR8c_2	TRc0_1	TRc0_2	TR60_1	TR60_2,N	N	-70	-80	-83	-84	-85	-80	-82	-85	-77	-81,"[-70, -80, -83, -84, -85, -80, -82, -85, -77, -81]",-70,-80,-83,-84,-85,-80,-82,-85,-77,-81,210,60,1115739,-4.980038,1.505578,32.036866,1115539,1142762586,224024902,155960,0.960031,0.024601,-0.038131,0.276191,1115539,0.753714,0.487447,-0.007749,0.04270601272583,114.2762586,22.4024902,155.96,-0.000821099999996,-0.0006389999999996,38.72000000000001,-70.92899999995694,-84.26355746072181,116.7497689802008,39.22422652598903,0.8976354597530113,182.036866,IP15,221.65251569752888,80.80313909825941,-4.684199999925198,-4.166511361175097,-38.72000000000001,39.22422652598903,0.916453201895282
2312,IP15_MAC,A	E	TR4c_1	TR4c_2	TR6c_1	TR6c_2	TR8c_1	TR8c_2	TRc0_1	TRc0_2	TR60_1	TR60_2,N	N	-79	-85	-80	-85	-127	-127	-82	-79	-127	-127,"[-79, -85, -80, -85, -127, -127, -82, -79, -127, -127]",-79,-85,-80,-85,-127,-127,-82,-79,-127,-127,208,60,1116139,-4.335338,1.194606,32.081596,1115939,1142762610,224024931,155975,0.960222,0.02046,-0.033469,0.276468,1115939,1.088671,0.698359,0.001748,0.0507404804229736,114.276261,22.4024931,155.975,-0.0008186999999963,-0.0006360999999976,38.735,-70.60709999974435,-84.01726105682748,116.38154042143022,39.30565016104983,1.293411340071673,184.081596,IP15,221.3957296609364,80.22488336317089,-5.006100000137792,-4.412807765069431,-38.735,39.30565016104983,0.9209678684655012
2315,IP15_MAC,A	E	TR4c_1	TR4c_2	TR6c_1	TR6c_2	TR8c_1	TR8c_2	TRc0_1	TRc0_2	TR60_1	TR60_2,N	N	-69	-75	-83	-84	-127	-127	-79	-87	-127	-127,"[-69, -75, -83, -84, -127, -127, -79, -87, -127, -127]",-69,-75,-83,-84,-127,-127,-79,-87,-127,-127,210,60,1116539,-3.398744,1.322743,32.196147,1116339,1142762642,224024972,155973,0.960213,0.019306,-0.02529,0.277451,1116339,1.367547,0.869596,-0.004775,0.0482678413391113,114.2762642,22.4024972,155.973,-0.0008155000000016,-0.0006319999999995,38.73300000000002,-70.15199999994692,-83.68886572761595,115.86791894121292,39.40239841964589,1.6206186476312063,182.196147,IP15,220.96325457631292,79.4236598281881,-5.461199999935218,-4.741203094280962,-38.73300000000002,39.40239841964589,0.9228676599748477
2318,IP15_MAC,A	E	TR4c_1	TR4c_2	TR6c_1	TR6c_2	TR8c_1	TR8c_2	TRc0_1	TRc0_2	TR60_1	TR60_2,N	N	-78	-83	-127	-127	-127	-127	-86	-80	-127	-127,"[-78, -83, -127, -127, -127, -127, -86, -80, -127, -127]",-78,-83,-127,-127,-127,-127,-86,-80,-127,-127,209,60,1116739,-1.766446,1.318475,32.277354,1116539,1142762661,224024996,155982,0.960371,0.015334,-0.011608,0.278062,1116539,1.481439,0.935334,7.7e-05,0.047086477279663,114.2762661,22.4024996,155.982,-0.0008136000000007,-0.0006295999999998,38.742,-69.88559999998856,-83.49388103030215,115.56888777201524,39.47295169698703,1.7520020571352075,183.277354,IP15,220.75557917506669,78.95655338857952,-5.7275999998935845,-4.936187791594762,-38.742,39.47295169698703,0.925995406297306
2321,IP15_MAC,A	E	TR4c_1	TR4c_2	TR6c_1	TR6c_2	TR8c_1	TR8c_2	TRc0_1	TRc0_2	TR60_1	TR60_2,N	N	-81	-85	-127	-127	-127	-127	-85	-86	-127	-127,"[-81, -85, -127, -127, -127, -127, -85, -86, -127, -127]",-81,-85,-127,-127,-127,-127,-85,-86,-127,-127,210,60,1117139,12.307355,1.716293,32.638885,1116939,1142762702,224025051,155974,0.954531,-0.015824,0.107042,0.277782,1116939,1.555902,0.985934,0.010241,0.0477900505065918,114.2762702,22.4025051,155.974,-0.0008095000000025,-0.0006240999999995,38.734,-69.27509999995252,-83.07312440964328,114.89345601549068,39.613017065670256,1.8420102507969385,182.638885,IP15,220.20440140176345,77.9072883557181,-6.338099999929625,-5.356944412253625,-38.734,39.613017065670256,0.9298366929665752
2322,IP15_MAC,A	E	TR4c_1	TR4c_2	TR6c_1	TR6c_2	TR8c_1	TR8c_2	TRc0_1	TRc0_2	TR60_1	TR60_2,N	N	-76	-87	-79	-82	-127	-127	-85	-86	-127	-127,"[-76, -87, -79, -82, -127, -127, -85, -86, -127, -127]",-76,-87,-79,-82,-127,-127,-85,-86,-127,-127,210,60,1117139,12.307355,1.716293,32.638885,1116939,1142762702,224025051,155974,0.954531,-0.015824,0.107042,0.277782,1116939,1.555902,0.985934,0.010241,0.0512619018554687,114.2762702,22.4025051,155.974,-0.0008095000000025,-0.0006240999999995,38.734,-69.27509999995252,-83.07312440964328,114.89345601549068,39.613017065670256,1.8420102507969385,182.638885,IP15,220.20440140176345,77.9072883557181,-6.338099999929625,-5.356944412253625,-38.734,39.613017065670256,0.9298366929665752
2323,IP15_MAC,A	E	TR4c_1	TR4c_2	TR6c_1	TR6c_2	TR8c_1	TR8c_2	TRc0_1	TRc0_2	TR60_1	TR60_2,N	N	-77	-87	-77	-80	-127	-127	-84	-87	-127	-127,"[-77, -87, -77, -80, -127, -127, -84, -87, -127, -127]",-77,-87,-77,-80,-127,-127,-84,-87,-127,-127,240,30,1117339,15.727602,1.095935,32.686509,1117139,1142762722,224025078,155968,0.950901,-0.029402,0.133941,0.277457,1117139,1.420235,0.90519,0.014409,0.049328327178955,114.2762722,22.4025078,155.968,-0.0008075000000076,-0.0006213999999999,38.728,-68.97539999999935,-82.86787727994549,114.5624234818905,39.68445977442303,1.6842339536436142,152.686509,IP15,219.96156308911645,77.3951728216523,-6.637799999882788,-5.562191541951421,-38.728,39.68445977442303,0.5609570100862649
2326,IP15_MAC,A	E	TR4c_1	TR4c_2	TR6c_1	TR6c_2	TR8c_1	TR8c_2	TRc0_1	TRc0_2	TR60_1	TR60_2,N	N	-72	-87	-81	-85	-127	-127	-85	-82	-127	-127,"[-72, -87, -81, -85, -127, -127, -85, -82, -127, -127]",-72,-87,-81,-85,-127,-127,-85,-82,-127,-127,210,60,1117739,4.105253,1.238985,32.249338,1117539,1142762756,224025119,155942,0.960101,0.000434,0.037404,0.277142,1117539,0.569578,0.358899,0.001122,0.0522127151489257,114.2762756,22.4025119,155.942,-0.0008040999999963,-0.0006172999999982,38.70200000000001,-68.52029999980758,-82.51895746662689,114.02742940820252,39.78812978597337,0.6732227336988852,182.249338,IP15,219.80729373373515,76.5817878942293,-7.092900000074565,-5.911111355270023,-38.70200000000001,39.78812978597337,0.9343649286933924
2327,IP15_MAC,A	E	TR4c_1	TR4c_2	TR6c_1	TR6c_2	TR8c_1	TR8c_2	TRc0_1	TRc0_2	TR60_1	TR60_2,N	N	-68	-88	-77	-81	-127	-127	-79	-76	-127	-127,"[-68, -88, -77, -81, -127, -127, -79, -76, -127, -127]",-68,-88,-77,-81,-127,-127,-79,-76,-127,-127,210,60,1117939,3.903128,1.504602,32.3208,1117739,1142762764,224025130,155945,0.959977,0.003127,0.036356,0.277693,1117739,0.447737,0.280469,0.018122,0.0534360408782959,114.2762764,22.402513,155.945,-0.0008033000000011,-0.0006161999999996,38.705,-68.39819999995811,-82.43685861054283,113.89568229660377,39.8252660836859,0.5286394688386405,182.3208,IP15,219.7150483951271,76.37795803127183,-7.214999999924032,-5.993210211354082,-38.705,39.8252660836859,0.935220376519322
2328,IP15_MAC,A	E	TR4c_1	TR4c_2	TR6c_1	TR6c_2	TR8c_1	TR8c_2	TRc0_1	TRc0_2	TR60_1	TR60_2,N	N	-70	-86	-77	-84	-127	-127	-78	-75	-127	-127,"[-70, -86, -77, -84, -127, -127, -78, -75, -127, -127]",-70,-86,-77,-84,-127,-127,-78,-75,-127,-127,209,60,1118139,3.443161,1.262374,32.290315,1117939,1142762771,224025137,155971,0.960166,0.002224,0.031916,0.277592,1117939,0.366326,0.234491,0.014788,0.043536901473999,114.2762771,22.4025137,155.971,-0.0008026,-0.0006154999999985,38.73100000000001,-68.3204999998388,-82.365022267542,113.8058784701417,39.875539168732566,0.4352004736911484,183.290315,IP15,219.7489410558955,76.23919075933804,-7.2927000000433395,-6.065046554354908,-38.73100000000001,39.875539168732566,0.936825490016692
2329,IP15_MAC,A	E	TR4c_1	TR4c_2	TR6c_1	TR6c_2	TR8c_1	TR8c_2	TRc0_1	TRc0_2	TR60_1	TR60_2,N	N	-73	-88	-77	-85	-77	-79	-84	-74	-75	-85,"[-73, -88, -77, -85, -77, -79, -84, -74, -75, -85]",-73,-88,-77,-85,-77,-79,-84,-74,-75,-85,208,60,1118339,3.476602,0.786674,32.346808,1118139,1142762778,224025143,155975,0.960022,-0.001858,0.031042,0.278191,1118139,0.271504,0.189758,0.009573,0.0446748733520507,114.2762778,22.4025143,155.975,-0.000801899999999,-0.0006148999999986,38.735,-68.25389999984921,-82.29318598447158,113.71527403855757,39.90264217380561,0.3313822006520567,184.346808,IP15,219.82455506772965,76.10506707473844,-7.359300000032931,-6.136882837425333,-38.735,39.90264217380561,0.9384623450007687
2330,IP15_MAC,A	E	TR4c_1	TR4c_2	TR6c_1	TR6c_2	TR8c_1	TR8c_2	TRc0_1	TRc0_2	TR60_1	TR60_2,N	N	-73	-88	-78	-84	-77	-80	-86	-74	-75	-85,"[-73, -88, -78, -84, -77, -80, -86, -74, -75, -85]",-73,-88,-78,-84,-77,-80,-86,-74,-75,-85,208,60,1118339,3.476602,0.786674,32.346808,1118139,1142762778,224025143,155975,0.960022,-0.001858,0.031042,0.278191,1118139,0.271504,0.189758,0.009573,0.0501506328582763,114.2762778,22.4025143,155.975,-0.000801899999999,-0.0006148999999986,38.735,-68.25389999984921,-82.29318598447158,113.71527403855757,39.90264217380561,0.3313822006520567,184.346808,IP15,219.82455506772965,76.10506707473844,-7.359300000032931,-6.136882837425333,-38.735,39.90264217380561,0.9384623450007687
2331,IP15_MAC,A	E	TR4c_1	TR4c_2	TR6c_1	TR6c_2	TR8c_1	TR8c_2	TRc0_1	TRc0_2	TR60_1	TR60_2,N	N	-71	-83	-127	-127	-127	-127	-85	-74	-75	-83,"[-71, -83, -127, -127, -127, -127, -85, -74, -75, -83]",-71,-83,-127,-127,-127,-127,-85,-74,-75,-83,209,60,1118339,3.476602,0.786674,32.346808,1118139,1142762778,224025143,155975,0.960022,-0.001858,0.031042,0.278191,1118139,0.271504,0.189758,0.009573,0.0460553169250488,114.2762778,22.4025143,155.975,-0.000801899999999,-0.0006148999999986,38.735,-68.25389999984921,-82.29318598447158,113.71527403855757,39.90264217380561,0.3313822006520567,183.346808,IP15,219.82455506772965,76.10506707473844,-7.359300000032931,-6.136882837425333,-38.735,39.90264217380561,0.9372312352692432
2332,IP15_MAC,A	E	TR4c_1	TR4c_2	TR6c_1	TR6c_2	TR8c_1	TR8c_2	TRc0_1	TRc0_2	TR60_1	TR60_2,N	N	-71	-79	-127	-127	-127	-127	-82	-74	-127	-127,"[-71, -79, -127, -127, -127, -127, -82, -74, -127, -127]",-71,-79,-127,-127,-127,-127,-82,-74,-127,-127,209,60,1118539,3.574407,0.851042,32.338615,1118339,1142762784,224025147,155988,0.96002,-0.001555,0.032018,0.278091,1118339,0.204872,0.14069,0.009493,0.0497403144836425,114.2762784,22.4025147,155.988,-0.0008013000000062,-0.0006144999999975,38.748000000000005,-68.2094999997247,-82.23161209649538,113.6484994278452,39.932983152639714,0.2487093273944505,183.338615,IP15,219.93642961672776,76.00710162207328,-7.403700000157443,-6.198456725401528,-38.748000000000005,39.932983152639714,0.9373907457522288
2333,IP15_MAC,A	E	TR4c_1	TR4c_2	TR6c_1	TR6c_2	TR8c_1	TR8c_2	TRc0_1	TRc0_2	TR60_1	TR60_2,N	N	-66	-84	-127	-127	-127	-127	-127	-127	-127	-127,"[-66, -84, -127, -127, -127, -127, -127, -127, -127, -127]",-66,-84,-127,-127,-127,-127,-127,-127,-127,-127,210,60,1118539,3.574407,0.851042,32.338615,1118339,1142762784,224025147,155988,0.96002,-0.001555,0.032018,0.278091,1118339,0.204872,0.14069,0.009493,0.050649881362915,114.2762784,22.4025147,155.988,-0.0008013000000062,-0.0006144999999975,38.748000000000005,-68.2094999997247,-82.23161209649538,113.6484994278452,39.932983152639714,0.2487093273944505,182.338615,IP15,219.93642961672776,76.00710162207328,-7.403700000157443,-6.198456725401528,-38.748000000000005,39.932983152639714,0.9361179865025514
2337,IP15_MAC,A	E	TR4c_1	TR4c_2	TR6c_1	TR6c_2	TR8c_1	TR8c_2	TRc0_1	TRc0_2	TR60_1	TR60_2,N	N	-71	-87	-76	-81	-81	-78	-81	-79	-77	-81,"[-71, -87, -76, -81, -81, -78, -81, -79, -77, -81]",-71,-87,-76,-81,-81,-78,-81,-79,-77,-81,210,60,1119139,2.197231,1.59791,32.017046,1118939,1142762795,224025155,156003,0.96103,0.008114,0.022271,0.275426,1118939,0.091021,0.04104,0.002967,0.0424540042877197,114.2762795,22.4025155,156.003,-0.0008002000000004,-0.0006136999999988,38.76299999999999,-68.12069999987003,-82.1187265947941,113.51865571359994,39.98175541366077,0.0998894745706473,182.017046,IP15,220.10926680217992,75.81679413285029,-7.492500000012114,-6.311342227102813,-38.76299999999999,39.98175541366077,0.9360454727306596
2338,IP15_MAC,A	E	TR4c_1	TR4c_2	TR6c_1	TR6c_2	TR8c_1	TR8c_2	TRc0_1	TRc0_2	TR60_1	TR60_2,N	N	-74	-86	-73	-77	-127	-127	-127	-127	-127	-127,"[-74, -86, -73, -77, -127, -127, -127, -127, -127, -127]",-74,-86,-73,-77,-127,-127,-127,-127,-127,-127,240,30,1119139,2.197231,1.59791,32.017046,1118939,1142762795,224025155,156003,0.96103,0.008114,0.022271,0.275426,1118939,0.091021,0.04104,0.002967,0.046154499053955,114.2762795,22.4025155,156.003,-0.0008002000000004,-0.0006136999999988,38.76299999999999,-68.12069999987003,-82.1187265947941,113.51865571359994,39.98175541366077,0.0998894745706473,152.017046,IP15,220.10926680217992,75.81679413285029,-7.492500000012114,-6.311342227102813,-38.76299999999999,39.98175541366077,0.5639319753685637
2339,IP15_MAC,A	E	TR4c_1	TR4c_2	TR6c_1	TR6c_2	TR8c_1	TR8c_2	TRc0_1	TRc0_2	TR60_1	TR60_2,N	N	-127	-127	-75	-83	-76	-73	-82	-80	-78	-85,"[-127, -127, -75, -83, -76, -73, -82, -80, -78, -85]",-127,-127,-75,-83,-76,-73,-82,-80,-78,-85,180,30,1119339,3.440299,1.620446,32.268293,1119139,1142762798,224025156,156013,0.960209,0.005237,0.032758,0.277307,1119139,0.095695,0.044576,0.000737,0.0452888011932373,114.2762798,22.4025156,156.013,-0.000799900000004,-0.0006135999999976,38.77300000000001,-68.10959999974031,-82.08793971033774,113.49314070468164,39.99840176344319,0.1055703366007705,212.268293,IP15,220.2048795604076,75.78094920278875,-7.50360000014183,-6.342129111559174,-38.77300000000001,39.99840176344319,0.6953658819007353
2340,IP15_MAC,A	E	TR4c_1	TR4c_2	TR6c_1	TR6c_2	TR8c_1	TR8c_2	TRc0_1	TRc0_2	TR60_1	TR60_2,N	N	-73	-87	-75	-83	-76	-73	-82	-80	-78	-85,"[-73, -87, -75, -83, -76, -73, -82, -80, -78, -85]",-73,-87,-75,-83,-76,-73,-82,-80,-78,-85,182,31,1119339,3.440299,1.620446,32.268293,1119139,1142762798,224025156,156013,0.960209,0.005237,0.032758,0.277307,1119139,0.095695,0.044576,0.000737,0.047469139099121,114.2762798,22.4025156,156.013,-0.000799900000004,-0.0006135999999976,38.77300000000001,-68.10959999974031,-82.08793971033774,113.49314070468164,39.99840176344319,0.1055703366007705,210.268293,IP15,220.2048795604076,75.78094920278875,-7.50360000014183,-6.342129111559174,-38.77300000000001,39.99840176344319,0.7066466620397296
2341,IP15_MAC,A	E	TR4c_1	TR4c_2	TR6c_1	TR6c_2	TR8c_1	TR8c_2	TRc0_1	TRc0_2	TR60_1	TR60_2,N	N	-69	-85	-127	-127	-75	-71	-84	-79	-80	-86,"[-69, -85, -127, -127, -75, -71, -84, -79, -80, -86]",-69,-85,-127,-127,-75,-71,-84,-79,-80,-86,181,31,1119539,3.42775,1.617562,32.293327,1119339,1142762800,224025158,156009,0.960151,0.005236,0.032647,0.27752,1119339,0.077116,0.036982,-0.087473,0.045306921005249,114.27628,22.4025158,156.009,-0.0007997000000017,-0.0006133999999988,38.76899999999999,-68.08739999987523,-82.06741504151273,113.4636065500252,40.00195482434753,0.1223358962406374,211.293327,IP15,220.2126988071135,75.73760497449467,-7.52580000000691,-6.3626537803841785,-38.76899999999999,40.00195482434753,0.7077840366813999
2342,IP15_MAC,A	E	TR4c_1	TR4c_2	TR6c_1	TR6c_2	TR8c_1	TR8c_2	TRc0_1	TRc0_2	TR60_1	TR60_2,N	N	-127	-127	-76	-83	-74	-72	-84	-77	-127	-127,"[-127, -127, -76, -83, -74, -72, -84, -77, -127, -127]",-127,-127,-76,-83,-74,-72,-84,-77,-127,-127,178,30,1119539,3.42775,1.617562,32.293327,1119339,1142762800,224025158,156009,0.960151,0.005236,0.032647,0.27752,1119339,0.077116,0.036982,-0.087473,0.0522346496582031,114.27628,22.4025158,156.009,-0.0007997000000017,-0.0006133999999988,38.76899999999999,-68.08739999987523,-82.06741504151273,113.4636065500252,40.00195482434753,0.1223358962406374,214.293327,IP15,220.2126988071135,75.73760497449467,-7.52580000000691,-6.3626537803841785,-38.76899999999999,40.00195482434753,0.6968077879269061
2343,IP15_MAC,A	E	TR4c_1	TR4c_2	TR6c_1	TR6c_2	TR8c_1	TR8c_2	TRc0_1	TRc0_2	TR60_1	TR60_2,N	N	-67	-82	-76	-83	-74	-72	-84	-77	-127	-127,"[-67, -82, -76, -83, -74, -72, -84, -77, -127, -127]",-67,-82,-76,-83,-74,-72,-84,-77,-127,-127,208,60,1119739,2.924222,1.299579,32.242517,1119539,1142762802,224025159,155987,0.960388,0.003807,0.027657,0.277265,1119539,0.030759,0.008381,-0.073362,0.0495669841766357,114.2762802,22.4025159,155.987,-0.0007994999999993,-0.0006132999999977,38.747,-68.07629999974552,-82.04689043177646,113.43458405697658,39.98599551058045,0.0799896261148906,184.242517,IP15,220.26204993385264,75.69965955508273,-7.536900000136626,-6.383178390120449,-38.747,39.98599551058045,0.9390817438137552
2347,IP15_MAC,A	E	TR4c_1	TR4c_2	TR6c_1	TR6c_2	TR8c_1	TR8c_2	TRc0_1	TRc0_2	TR60_1	TR60_2,N	N	-68	-82	-73	-79	-79	-71	-82	-81	-77	-85,"[-68, -82, -73, -79, -79, -71, -82, -81, -77, -85]",-68,-82,-73,-79,-79,-71,-82,-81,-77,-85,210,59,1120139,6.936939,2.165245,32.34923,1119939,1142762804,224025158,155983,0.958811,0.001264,0.063343,0.276888,1119939,-0.008569,-0.046765,-0.014119,0.0441479682922363,114.2762804,22.4025158,155.983,-0.000799299999997,-0.0006133999999988,38.74300000000001,-68.08739999987523,-82.02636594009951,113.4250360241606,39.98331058377288,0.0495957573487894,182.34923,IP15,220.39445862406,75.69154978980255,-7.52580000000691,-6.4037028817974,-38.74300000000001,39.98331058377288,0.9308193916388884
2348,IP15_MAC,A	E	TR4c_1	TR4c_2	TR6c_1	TR6c_2	TR8c_1	TR8c_2	TRc0_1	TRc0_2	TR60_1	TR60_2,N	N	-71	-90	-74	-81	-76	-74	-83	-77	-78	-82,"[-71, -90, -74, -81, -76, -74, -83, -77, -78, -82]",-71,-90,-74,-81,-76,-74,-83,-77,-78,-82,182,31,1120339,8.500248,1.772366,32.357246,1120339,1142762805,224025153,155966,0.957968,-0.005832,0.075459,0.276713,1120339,-0.28173,-0.204555,-0.004009,0.0496513843536376,114.2762805,22.4025153,155.966,-0.0007992000000029,-0.0006138999999976,38.72600000000001,-68.1428999997351,-82.01610396051292,113.44513742437604,39.95807056572259,0.3481818677157097,210.357246,IP15,220.6492351753791,75.73487926234581,-7.470300000147034,-6.413964861383988,-38.72600000000001,39.95807056572259,0.7069727208782386
2349,IP15_MAC,A	E	TR4c_1	TR4c_2	TR6c_1	TR6c_2	TR8c_1	TR8c_2	TRc0_1	TRc0_2	TR60_1	TR60_2,N	N	-127	-127	-77	-85	-76	-73	-83	-77	-79	-83,"[-127, -127, -77, -85, -76, -73, -83, -77, -79, -83]",-127,-127,-77,-85,-76,-73,-83,-77,-79,-83,179,30,1120539,6.498088,1.629737,32.173667,1120339,1142762805,224025153,155966,0.959431,-0.002059,0.058381,0.275826,1120339,-0.28173,-0.204555,-0.004009,0.0498418807983398,114.2762805,22.4025153,155.966,-0.0007992000000029,-0.0006138999999976,38.72600000000001,-68.1428999997351,-82.01610396051292,113.44513742437604,39.95807056572259,0.3481818677157097,213.173667,IP15,220.6492351753791,75.73487926234581,-7.470300000147034,-6.413964861383988,-38.72600000000001,39.95807056572259,0.6961656937013814
2350,IP15_MAC,A	E	TR4c_1	TR4c_2	TR6c_1	TR6c_2	TR8c_1	TR8c_2	TRc0_1	TRc0_2	TR60_1	TR60_2,N	N	-69	-92	-77	-85	-76	-73	-83	-77	-79	-83,"[-69, -92, -77, -85, -76, -73, -83, -77, -79, -83]",-69,-92,-77,-85,-76,-73,-83,-77,-79,-83,181,31,1120539,6.498088,1.629737,32.173667,1120339,1142762805,224025153,155966,0.959431,-0.002059,0.058381,0.275826,1120339,-0.28173,-0.204555,-0.004009,0.0479545593261718,114.2762805,22.4025153,155.966,-0.0007992000000029,-0.0006138999999976,38.72600000000001,-68.1428999997351,-82.01610396051292,113.44513742437604,39.95807056572259,0.3481818677157097,211.173667,IP15,220.6492351753791,75.73487926234581,-7.470300000147034,-6.413964861383988,-38.72600000000001,39.95807056572259,0.7074893209292588
2351,IP15_MAC,A	E	TR4c_1	TR4c_2	TR6c_1	TR6c_2	TR8c_1	TR8c_2	TRc0_1	TRc0_2	TR60_1	TR60_2,N	N	-127	-127	-77	-83	-79	-78	-84	-81	-78	-83,"[-127, -127, -77, -83, -79, -78, -84, -81, -78, -83]",-127,-127,-77,-83,-79,-78,-84,-81,-78,-83,181,29,1120739,7.694981,1.738448,32.140258,1120739,1142762798,224025138,155999,0.958935,-0.004026,0.068656,0.27516,1120739,-0.551943,-0.375335,0.021984,0.0430860519409179,114.2762798,22.4025138,155.999,-0.000799900000004,-0.0006153999999973,38.759,-68.30939999970909,-82.08794077340312,113.60838098370203,39.94781800832205,0.667832863619334,211.140258,IP15,220.9688488971749,75.98698021263166,-7.303800000173055,-6.342128048493791,-38.759,39.94781800832205,0.6790561684271911
2353,IP15_MAC,A	E	TR4c_1	TR4c_2	TR6c_1	TR6c_2	TR8c_1	TR8c_2	TRc0_1	TRc0_2	TR60_1	TR60_2,N	N	-77	-85	-77	-83	-79	-78	-84	-81	-78	-83,"[-77, -85, -77, -83, -79, -78, -84, -81, -78, -83]",-77,-85,-77,-83,-79,-78,-84,-81,-78,-83,183,31,1120939,9.202277,1.552774,32.037743,1120939,1142762793,224025127,155998,0.958291,-0.00915,0.080818,0.273975,1120939,-0.733394,-0.469202,0.007398,0.046614646911621,114.2762793,22.4025127,155.998,-0.0008004000000028,-0.0006164999999995,38.758,-68.4314999999529,-82.13925280023592,113.71855436482042,39.91658483772591,0.8706733063807572,209.037743,IP15,221.21676549196337,76.16175701402761,-7.181699999929236,-6.290816021660987,-38.758,39.91658483772591,0.7004933536653868
2361,IP15_MAC,A	E	TR4c_1	TR4c_2	TR6c_1	TR6c_2	TR8c_1	TR8c_2	TRc0_1	TRc0_2	TR60_1	TR60_2,N	N	-69	-75	-80	-82	-77	-83	-85	-77	-78	-86,"[-69, -75, -80, -82, -77, -83, -85, -77, -78, -86]",-69,-75,-80,-82,-77,-83,-85,-77,-78,-86,210,60,1122339,-3.571804,1.169145,32.243439,1122339,1142762732,224025022,156153,0.960075,0.018448,-0.027104,0.277815,1122339,-0.363218,-0.233615,-0.016964,0.0531673431396484,114.2762732,22.4025022,156.153,-0.0008064999999959,-0.0006269999999979,38.913,-69.59699999977076,-82.76525785510772,114.92628892377306,39.780727931132624,0.4321933144381111,182.243439,IP15,223.2769437591424,78.01092540206,-6.016200000111383,-5.66481096678919,-38.913,39.780727931132624,0.9254812177885544
2362,IP15_MAC,A	E	TR4c_1	TR4c_2	TR6c_1	TR6c_2	TR8c_1	TR8c_2	TRc0_1	TRc0_2	TR60_1	TR60_2,N	N	-72	-75	-84	-84	-79	-85	-83	-78	-79	-82,"[-72, -75, -84, -84, -79, -85, -83, -78, -79, -82]",-72,-75,-84,-84,-79,-85,-83,-78,-79,-82,181,89,1122539,-0.794947,1.721807,32.339421,1122539,1142762727,224025015,156105,0.960286,0.016361,-0.002478,0.278525,1122539,-0.249051,-0.168231,-0.01827,0.0508220195770263,114.2762727,22.4025015,156.105,-0.0008069999999946,-0.000627699999999,38.865,-69.67469999989007,-82.81656965324933,114.99407051759746,39.714800517770605,0.3011010841262448,211.339421,IP15,223.3884810667588,78.12599046671987,-5.938499999992075,-5.613499168647579,-38.865,39.714800517770605,0.9819652761749672
2363,IP15_MAC,A	E	TR4c_1	TR4c_2	TR6c_1	TR6c_2	TR8c_1	TR8c_2	TRc0_1	TRc0_2	TR60_1	TR60_2,N	N	-72	-77	-85	-83	-82	-79	-85	-79	-80	-80,"[-72, -77, -85, -83, -82, -79, -85, -79, -80, -80]",-72,-77,-85,-83,-82,-79,-85,-79,-80,-80,209,61,1122739,-0.713816,1.886229,32.413688,1122739,1142762723,224025009,156094,0.960089,0.017542,-0.001387,0.279141,1122739,-0.195924,-0.135628,-0.019856,0.0494284629821777,114.2762723,22.4025009,156.094,-0.0008073999999993,-0.0006282999999989,38.854,-69.74129999987966,-82.85761911656323,115.06027675674468,39.68834490538126,0.2391138408708287,183.413688,IP15,223.5011534466861,78.23091440627981,-5.871900000002484,-5.572449705333682,-38.854,39.68834490538126,0.9318867194792948
2364,IP15_MAC,A	E	TR4c_1	TR4c_2	TR6c_1	TR6c_2	TR8c_1	TR8c_2	TRc0_1	TRc0_2	TR60_1	TR60_2,N	N	-72	-76	-85	-83	-82	-79	-85	-79	-80	-80,"[-72, -76, -85, -83, -82, -79, -85, -79, -80, -80]",-72,-76,-85,-83,-82,-79,-85,-79,-80,-80,209,61,1122739,-0.713816,1.886229,32.413688,1122739,1142762723,224025009,156094,0.960089,0.017542,-0.001387,0.279141,1122739,-0.195924,-0.135628,-0.019856,0.0474262237548828,114.2762723,22.4025009,156.094,-0.0008073999999993,-0.0006282999999989,38.854,-69.74129999987966,-82.85761911656323,115.06027675674468,39.68834490538126,0.2391138408708287,183.413688,IP15,223.5011534466861,78.23091440627981,-5.871900000002484,-5.572449705333682,-38.854,39.68834490538126,0.9318867194792948
2365,IP15_MAC,A	E	TR4c_1	TR4c_2	TR6c_1	TR6c_2	TR8c_1	TR8c_2	TRc0_1	TRc0_2	TR60_1	TR60_2,N	N	-74	-79	-84	-81	-84	-78	-87	-78	-80	-79,"[-74, -79, -84, -81, -84, -78, -87, -78, -80, -79]",-74,-79,-84,-81,-84,-78,-87,-78,-80,-79,209,60,1122939,0.447733,1.974833,32.445003,1122739,1142762723,224025009,156094,0.960059,0.015454,0.008564,0.27924,1122739,-0.195924,-0.135628,-0.019856,0.0477199554443359,114.2762723,22.4025009,156.094,-0.0008073999999993,-0.0006282999999989,38.854,-69.74129999987966,-82.85761911656323,115.06027675674468,39.68834490538126,0.2391138408708287,183.445003,IP15,223.5011534466861,78.23091440627981,-5.871900000002484,-5.572449705333682,-38.854,39.68834490538126,0.925879401432564
2367,IP15_MAC,A	E	TR4c_1	TR4c_2	TR6c_1	TR6c_2	TR8c_1	TR8c_2	TRc0_1	TRc0_2	TR60_1	TR60_2,N	N	-77	-87	-82	-86	-88	-85	-86	-79	-82	-82,"[-77, -87, -82, -86, -88, -85, -86, -79, -82, -82]",-77,-87,-82,-86,-88,-85,-86,-79,-82,-82,210,60,1122939,0.447733,1.974833,32.445003,1122939,1142762720,224025006,156089,0.960059,0.015454,0.008564,0.27924,1122939,-0.126503,-0.085536,-0.002721,0.0463190078735351,114.276272,22.4025006,156.089,-0.0008076999999957,-0.0006285999999988,38.849,-69.77459999987445,-82.88840612409948,115.10094472217042,39.674224332887086,0.1527312022672512,182.445003,IP15,223.50536008682465,78.29355348513621,-5.838600000007688,-5.541662697797435,-38.849,39.674224332887086,0.9245062422047574
2368,IP15_MAC,A	E	TR4c_1	TR4c_2	TR6c_1	TR6c_2	TR8c_1	TR8c_2	TRc0_1	TRc0_2	TR60_1	TR60_2,N	N	-78	-90	-79	-88	-85	-83	-84	-77	-80	-83,"[-78, -90, -79, -88, -85, -83, -84, -77, -80, -83]",-78,-90,-79,-88,-85,-83,-84,-77,-80,-83,209,60,1123139,4.761497,1.68378,32.597057,1123139,1142762718,224025003,156062,0.959058,0.002435,0.043983,0.279764,1123139,-0.171487,-0.112093,-0.025279,0.046722412109375,114.2762718,22.4025003,156.062,-0.000807899999998,-0.0006288999999988,38.82200000000002,-69.80789999986925,-82.90893085600005,115.12680574947235,39.64003224681608,0.2064259180892748,183.597057,IP15,223.5628429140111,78.33981220832594,-5.805300000012892,-5.521137965896855,-38.82200000000002,39.64003224681608,0.925603836090074
2375,IP15_MAC,A	E	TR4c_1	TR4c_2	TR6c_1	TR6c_2	TR8c_1	TR8c_2	TRc0_1	TRc0_2	TR60_1	TR60_2,N	N	-71	-82	-81	-81	-82	-87	-87	-77	-85	-84,"[-71, -82, -81, -81, -82, -87, -87, -77, -85, -84]",-71,-82,-81,-81,-82,-87,-87,-77,-85,-84,210,60,1123739,2.871774,1.784924,31.715014,1123739,1142762712,224024994,156079,0.961638,0.008132,0.028354,0.272732,1123739,-0.063659,-0.058747,0.008785,0.044715404510498,114.2762712,22.4024994,156.079,-0.000808500000005,-0.0006297999999986,38.83900000000001,-69.90779999985364,-82.97050505223343,115.23746409237852,39.633651695438665,0.0870681027414747,181.715014,IP15,223.73863425529757,78.50729375435957,-5.705400000028504,-5.459563769663475,-38.83900000000001,39.633651695438665,0.9226674457731066
2376,IP15_MAC,A	E	TR4c_1	TR4c_2	TR6c_1	TR6c_2	TR8c_1	TR8c_2	TRc0_1	TRc0_2	TR60_1	TR60_2,N	N	-71	-91	-78	-81	-82	-78	-85	-77	-79	-88,"[-71, -91, -78, -81, -82, -78, -85, -77, -79, -88]",-71,-91,-78,-81,-82,-78,-85,-77,-79,-88,210,60,1123739,2.871774,1.784924,31.715014,1123739,1142762712,224024994,156079,0.961638,0.008132,0.028354,0.272732,1123739,-0.063659,-0.058747,0.008785,0.0462050437927246,114.2762712,22.4024994,156.079,-0.000808500000005,-0.0006297999999986,38.83900000000001,-69.90779999985364,-82.97050505223343,115.23746409237852,39.633651695438665,0.0870681027414747,181.715014,IP15,223.73863425529757,78.50729375435957,-5.705400000028504,-5.459563769663475,-38.83900000000001,39.633651695438665,0.9226674457731066
2377,IP15_MAC,A	E	TR4c_1	TR4c_2	TR6c_1	TR6c_2	TR8c_1	TR8c_2	TRc0_1	TRc0_2	TR60_1	TR60_2,N	N	-71	-91	-78	-82	-80	-78	-82	-77	-79	-86,"[-71, -91, -78, -82, -80, -78, -82, -77, -79, -86]",-71,-91,-78,-82,-80,-78,-82,-77,-79,-86,209,60,1123939,5.859145,1.833918,31.828185,1123739,1142762712,224024994,156079,0.960524,0.001359,0.053522,0.272996,1123739,-0.063659,-0.058747,0.008785,0.0442104339599609,114.2762712,22.4024994,156.079,-0.000808500000005,-0.0006297999999986,38.83900000000001,-69.90779999985364,-82.97050505223343,115.23746409237852,39.633651695438665,0.0870681027414747,182.828185,IP15,223.73863425529757,78.50729375435957,-5.705400000028504,-5.459563769663475,-38.83900000000001,39.633651695438665,0.9239490911838356
2380,IP15_MAC,A	E	TR4c_1	TR4c_2	TR6c_1	TR6c_2	TR8c_1	TR8c_2	TRc0_1	TRc0_2	TR60_1	TR60_2,N	N	-74	-86	-77	-81	-77	-80	-83	-76	-86	-82,"[-74, -86, -77, -81, -77, -80, -83, -76, -86, -82]",-74,-86,-77,-81,-77,-80,-83,-76,-86,-82,208,59,1124139,0.691066,1.111019,31.626153,1124139,1142762707,224024988,156051,0.962115,0.007685,0.008443,0.272406,1124139,-0.232944,-0.135837,0.006802,0.042886734008789,114.2762707,22.4024988,156.051,-0.0008090000000038,-0.0006303999999985,38.81099999999999,-69.97439999984323,-83.02181679271129,115.3053877314524,39.5896321838386,0.2697422193669356,183.626153,IP15,223.8044314067633,78.61776766723854,-5.638800000038913,-5.408252029185618,-38.81099999999999,39.5896321838386,0.9179694180913088
2381,IP15_MAC,A	E	TR4c_1	TR4c_2	TR6c_1	TR6c_2	TR8c_1	TR8c_2	TRc0_1	TRc0_2	TR60_1	TR60_2,N	N	-75	-84	-76	-86	-78	-81	-87	-75	-82	-83,"[-75, -84, -76, -86, -78, -81, -87, -75, -82, -83]",-75,-84,-76,-86,-78,-81,-87,-75,-82,-83,208,60,1124139,0.691066,1.111019,31.626153,1124139,1142762707,224024988,156051,0.962115,0.007685,0.008443,0.272406,1124139,-0.232944,-0.135837,0.006802,0.042980670928955,114.2762707,22.4024988,156.051,-0.0008090000000038,-0.0006303999999985,38.81099999999999,-69.97439999984323,-83.02181679271129,115.3053877314524,39.5896321838386,0.2697422193669356,183.626153,IP15,223.8044314067633,78.61776766723854,-5.638800000038913,-5.408252029185618,-38.81099999999999,39.5896321838386,0.9243857728363908
2383,IP15_MAC,A	E	TR4c_1	TR4c_2	TR6c_1	TR6c_2	TR8c_1	TR8c_2	TRc0_1	TRc0_2	TR60_1	TR60_2,N	N	-72	-87	-76	-86	-79	-76	-78	-76	-83	-90,"[-72, -87, -76, -86, -79, -76, -78, -76, -83, -90]",-72,-87,-76,-86,-79,-76,-78,-76,-83,-90,209,60,1124339,4.679143,1.377864,31.759338,1124339,1142762704,224024984,156051,0.961107,0.000387,0.042545,0.272878,1124339,-0.229848,-0.148299,0.000278,0.0432941913604736,114.2762704,22.4024984,156.051,-0.0008093000000002,-0.0006307999999997,38.81099999999999,-70.01879999996774,-83.05260386082024,115.35450178687356,39.57913796138882,0.2735375180647071,182.759338,IP15,223.8672989599721,78.69347941482921,-5.594399999914401,-5.377464961076669,-38.81099999999999,39.57913796138882,0.9230799021350646
2385,IP15_MAC,A	E	TR4c_1	TR4c_2	TR6c_1	TR6c_2	TR8c_1	TR8c_2	TRc0_1	TRc0_2	TR60_1	TR60_2,N	N	-69	-84	-80	-88	-78	-80	-85	-78	-83	-89,"[-69, -84, -80, -88, -78, -80, -85, -78, -83, -89]",-69,-84,-80,-88,-78,-80,-85,-78,-83,-89,209,60,1124539,2.287507,1.376794,31.78663,1124539,1142762702,224024980,156048,0.961583,0.006087,0.022484,0.273522,1124539,-0.317865,-0.195383,-0.01562,0.0407624244689941,114.2762702,22.402498,156.048,-0.0008095000000025,-0.0006311999999972,38.80800000000001,-70.0631999996979,-83.07312865316803,115.3952233085212,39.56716027178835,0.3734389633045807,182.78663,IP15,223.98593387841,78.75825400866191,-5.550000000184241,-5.356940168728883,-38.80800000000001,39.56716027178835,0.9227513568032454
2386,IP15_MAC,A	E	TR4c_1	TR4c_2	TR6c_1	TR6c_2	TR8c_1	TR8c_2	TRc0_1	TRc0_2	TR60_1	TR60_2,N	N	-69	-85	-85	-89	-78	-84	-86	-77	-80	-86,"[-69, -85, -85, -89, -78, -84, -86, -77, -80, -86]",-69,-85,-85,-89,-78,-84,-86,-77,-80,-86,209,60,1124539,2.287507,1.376794,31.78663,1124539,1142762702,224024980,156048,0.961583,0.006087,0.022484,0.273522,1124539,-0.317865,-0.195383,-0.01562,0.0409481525421142,114.2762702,22.402498,156.048,-0.0008095000000025,-0.0006311999999972,38.80800000000001,-70.0631999996979,-83.07312865316803,115.3952233085212,39.56716027178835,0.3734389633045807,182.78663,IP15,223.98593387841,78.75825400866191,-5.550000000184241,-5.356940168728883,-38.80800000000001,39.56716027178835,0.9227513568032454
2388,IP15_MAC,A	E	TR4c_1	TR4c_2	TR6c_1	TR6c_2	TR8c_1	TR8c_2	TRc0_1	TRc0_2	TR60_1	TR60_2,N	N	-71	-77	-86	-86	-76	-83	-83	-84	-75	-84,"[-71, -77, -86, -86, -76, -83, -83, -84, -75, -84]",-71,-77,-86,-86,-76,-83,-83,-84,-75,-84,209,61,1124739,-2.2777,1.318164,31.53401,1124739,1142762698,224024974,156110,0.962064,0.016467,-0.016,0.271855,1124739,-0.233501,-0.153022,0.008238,0.0391409397125244,114.2762698,22.4024974,156.11,-0.0008099000000072,-0.0006317999999971,38.87000000000002,-70.12979999968749,-83.11417811862303,115.4860699492816,39.613170404946,0.279296104750854,182.53401,IP15,224.1113484758927,78.88413274327638,-5.483400000194649,-5.31589070327388,-38.87000000000002,39.613170404946,0.92813115380554
2389,IP15_MAC,A	E	TR4c_1	TR4c_2	TR6c_1	TR6c_2	TR8c_1	TR8c_2	TRc0_1	TRc0_2	TR60_1	TR60_2,N	N	-71	-75	-82	-83	-81	-82	-85	-88	-76	-84,"[-71, -75, -82, -83, -81, -82, -85, -88, -76, -84]",-71,-75,-82,-83,-81,-82,-85,-88,-76,-84,210,60,1124939,-3.322004,1.694672,31.506438,1124939,1142762695,224024970,156119,0.96182,0.022093,-0.02388,0.271744,1124939,-0.076904,-0.038623,0.018735,0.0459623336791992,114.2762695,22.402497,156.119,-0.0008102000000036,-0.0006321999999983,38.879000000000005,-70.174199999812,-83.14496518730787,115.53821974832508,39.611761920282085,0.0880736144937858,181.506438,IP15,224.17783273005583,78.96229545367223,-5.439000000070138,-5.285103634589035,-38.879000000000005,39.611761920282085,0.9203890651178388
2390,IP15_MAC,A	E	TR4c_1	TR4c_2	TR6c_1	TR6c_2	TR8c_1	TR8c_2	TRc0_1	TRc0_2	TR60_1	TR60_2,N	N	-71	-75	-81	-81	-81	-82	-84	-84	-76	-82,"[-71, -75, -81, -81, -81, -82, -84, -84, -76, -82]",-71,-75,-81,-81,-81,-82,-84,-84,-76,-82,210,60,1124939,-3.322004,1.694672,31.506438,1124939,1142762695,224024970,156119,0.96182,0.022093,-0.02388,0.271744,1124939,-0.076904,-0.038623,0.018735,0.0416948795318603,114.2762695,22.402497,156.119,-0.0008102000000036,-0.0006321999999983,38.879000000000005,-70.174199999812,-83.14496518730787,115.53821974832508,39.611761920282085,0.0880736144937858,181.506438,IP15,224.17783273005583,78.96229545367223,-5.439000000070138,-5.285103634589035,-38.879000000000005,39.611761920282085,0.9203890651178388
2392,IP15_MAC,A	E	TR4c_1	TR4c_2	TR6c_1	TR6c_2	TR8c_1	TR8c_2	TRc0_1	TRc0_2	TR60_1	TR60_2,N	N	-69	-76	-80	-85	-77	-80	-83	-80	-76	-79,"[-69, -76, -80, -85, -77, -80, -83, -80, -76, -79]",-69,-76,-80,-85,-77,-80,-83,-80,-76,-79,209,61,1125139,0.762893,1.285621,31.935662,1125139,1142762694,224024969,156103,0.961361,0.008954,0.009486,0.274983,1125139,0.004431,0.032068,0.007831,0.0412321090698242,114.2762694,22.4024969,156.103,-0.0008102999999977,-0.0006322999999994,38.863000000000014,-70.18529999994172,-83.15522752314708,115.5469643457074,39.59316630602245,0.0333063799594011,182.935662,IP15,224.1806753443798,78.97932732165366,-5.427899999940422,-5.274841298749834,-38.863000000000014,39.59316630602245,0.9281743421542136
2393,IP15_MAC,A	E	TR4c_1	TR4c_2	TR6c_1	TR6c_2	TR8c_1	TR8c_2	TRc0_1	TRc0_2	TR60_1	TR60_2,N	N	-69	-76	-81	-84	-78	-81	-83	-79	-78	-81,"[-69, -76, -81, -84, -78, -81, -83, -79, -78, -81]",-69,-76,-81,-84,-78,-81,-83,-79,-78,-81,209,61,1125339,2.026118,0.881789,32.364397,1125339,1142762695,224024969,156091,0.960246,0.002462,0.019122,0.27849,1125339,0.004635,0.013703,0.00622,0.044663667678833,114.2762695,22.4024969,156.091,-0.0008102000000036,-0.0006322999999994,38.85100000000001,-70.18529999994172,-83.1449652471275,115.5355433753088,39.58275658926996,0.0157462323747619,183.364397,IP15,224.23633480143505,78.9658401713367,-5.427899999940422,-5.285103574769408,-38.85100000000001,39.58275658926996,0.9286160343326076
2394,IP15_MAC,A	E	TR4c_1	TR4c_2	TR6c_1	TR6c_2	TR8c_1	TR8c_2	TRc0_1	TRc0_2	TR60_1	TR60_2,N	N	-69	-76	-80	-84	-76	-82	-83	-80	-78	-82,"[-69, -76, -80, -84, -76, -82, -83, -80, -78, -82]",-69,-76,-80,-84,-76,-82,-83,-80,-78,-82,210,60,1125339,2.026118,0.881789,32.364397,1125339,1142762695,224024969,156091,0.960246,0.002462,0.019122,0.27849,1125339,0.004635,0.013703,0.00622,0.0420198440551757,114.2762695,22.4024969,156.091,-0.0008102000000036,-0.0006322999999994,38.85100000000001,-70.18529999994172,-83.1449652471275,115.5355433753088,39.58275658926996,0.0157462323747619,182.364397,IP15,224.23633480143505,78.9658401713367,-5.427899999940422,-5.285103574769408,-38.85100000000001,39.58275658926996,0.9212751600543678
2396,IP15_MAC,A	E	TR4c_1	TR4c_2	TR6c_1	TR6c_2	TR8c_1	TR8c_2	TRc0_1	TRc0_2	TR60_1	TR60_2,N	N	-69	-77	-84	-86	-76	-84	-83	-79	-78	-82,"[-69, -77, -84, -86, -76, -84, -83, -79, -78, -82]",-69,-77,-84,-86,-76,-84,-83,-79,-78,-82,209,61,1125739,1.782761,1.843516,32.585739,1125739,1142762694,224024970,156096,0.959676,0.011075,0.019441,0.280217,1125739,0.041254,0.006402,0.008509,0.0448963642120361,114.2762694,22.402497,156.096,-0.0008102999999977,-0.0006321999999983,38.85600000000001,-70.174199999812,-83.15522746332006,115.53786797448754,39.58781893914991,0.0426061169434624,183.585739,IP15,224.122176530745,78.96607638203656,-5.439000000070138,-5.27484135857685,-38.85600000000001,39.58781893914991,0.9289695731203628
2398,IP15_MAC,A	E	TR4c_1	TR4c_2	TR6c_1	TR6c_2	TR8c_1	TR8c_2	TRc0_1	TRc0_2	TR60_1	TR60_2,N	N	-71	-79	-127	-127	-73	-88	-85	-76	-74	-82,"[-71, -79, -127, -127, -73, -88, -85, -76, -74, -82]",-71,-79,-127,-127,-73,-88,-85,-76,-74,-82,210,60,1125939,1.861695,1.672095,32.706506,1125939,1142762694,224024971,156114,0.959388,0.009425,0.019693,0.281244,1125939,0.046234,0.005683,0.004217,0.0424284934997558,114.2762694,22.4024971,156.114,-0.0008102999999977,-0.0006320999999971,38.87400000000001,-70.16309999968229,-83.15522740349304,115.53718155681338,39.60701223270304,0.0467724527259368,182.706506,IP15,224.06380063134895,78.95974054248035,-5.450100000199853,-5.2748414184038666,-38.87400000000001,39.60701223270304,0.9218675791472996
2399,IP15_MAC,A	E	TR4c_1	TR4c_2	TR6c_1	TR6c_2	TR8c_1	TR8c_2	TRc0_1	TRc0_2	TR60_1	TR60_2,N	N	-71	-79	-83	-87	-73	-88	-85	-76	-74	-82,"[-71, -79, -83, -87, -73, -88, -85, -76, -74, -82]",-71,-79,-83,-87,-73,-88,-85,-76,-74,-82,92,60,1126139,2.067822,1.822886,32.356112,1126139,1142762693,224024972,156121,0.960208,0.010247,0.021757,0.278247,1126139,0.044897,0.009235,0.012725,0.0436437129974365,114.2762693,22.4024972,156.121,-0.0008104000000059,-0.0006319999999995,38.881000000000014,-70.15199999994692,-83.16548962112182,115.540183178466,39.6140462538293,0.0475704893710375,300.356112,IP15,223.94979375583665,78.9604668308713,-5.461199999935218,-5.2645792007750885,-38.881000000000014,39.6140462538293,0.8725028383041613
2407,IP15_MAC,A	E	TR4c_1	TR4c_2	TR6c_1	TR6c_2	TR8c_1	TR8c_2	TRc0_1	TRc0_2	TR60_1	TR60_2,N	N	-76	-82	-88	-84	-77	-84	-82	-84	-81	-90,"[-76, -82, -88, -84, -77, -84, -82, -84, -81, -90]",-76,-82,-88,-84,-77,-84,-82,-84,-81,-90,209,60,1127539,2.037813,0.682032,11.348195,1127539,1142762708,224024980,156216,0.994937,0.004163,0.018282,0.09874,1127539,0.00405,0.020719,-0.009387,0.0413496494293212,114.2762708,22.402498,156.216,-0.0008088999999955,-0.0006311999999972,38.97600000000001,-70.0631999996979,-83.01155499316282,115.40753369074552,39.740299044096645,0.0231040089594858,162.348195,IP15,224.31319393210657,78.74482551755553,-5.550000000184241,-5.418513828734092,-38.97600000000001,39.740299044096645,0.8952378067127178
2408,IP15_MAC,A	E	TR4c_1	TR4c_2	TR6c_1	TR6c_2	TR8c_1	TR8c_2	TRc0_1	TRc0_2	TR60_1	TR60_2,N	N	-76	-81	-87	-85	-76	-88	-85	-87	-80	-87,"[-76, -81, -87, -85, -76, -88, -85, -87, -80, -87]",-76,-81,-87,-85,-76,-88,-85,-87,-80,-87,210,60,1127539,2.037813,0.682032,11.348195,1127539,1142762708,224024980,156216,0.994937,0.004163,0.018282,0.09874,1127539,0.00405,0.020719,-0.009387,0.0392282009124755,114.2762708,22.402498,156.216,-0.0008088999999955,-0.0006311999999972,38.97600000000001,-70.0631999996979,-83.01155499316282,115.40753369074552,39.740299044096645,0.0231040089594858,161.348195,IP15,224.31319393210657,78.74482551755553,-5.550000000184241,-5.418513828734092,-38.97600000000001,39.740299044096645,0.8937274990243875
2409,IP15_MAC,A	E	TR4c_1	TR4c_2	TR6c_1	TR6c_2	TR8c_1	TR8c_2	TRc0_1	TRc0_2	TR60_1	TR60_2,N	N	-76	-81	-87	-84	-76	-89	-84	-89	-80	-87,"[-76, -81, -87, -84, -76, -89, -84, -89, -80, -87]",-76,-81,-87,-84,-76,-89,-84,-89,-80,-87,210,60,1127739,1.815809,0.627139,9.11947,1127739,1142762709,224024982,156224,0.996702,0.004195,0.016229,0.079395,1127739,-0.001519,0.023687,-0.01241,0.0447833538055419,114.2762709,22.4024982,156.224,-0.0008088000000014,-0.0006309999999984,38.984,-70.04099999983282,-83.00129259779193,115.38937780350862,39.75265123399893,0.0267841264557946,159.11947,IP15,224.25305615294133,78.71448123968611,-5.572200000049321,-5.428776224104979,-38.984,39.75265123399893,0.8904260293837943
2410,IP15_MAC,A	E	TR4c_1	TR4c_2	TR6c_1	TR6c_2	TR8c_1	TR8c_2	TRc0_1	TRc0_2	TR60_1	TR60_2,N	N	-74	-76	-83	-86	-76	-83	-85	-85	-80	-85,"[-74, -76, -83, -86, -76, -83, -85, -85, -80, -85]",-74,-76,-83,-86,-76,-83,-85,-85,-80,-85,209,60,1127739,1.815809,0.627139,9.11947,1127739,1142762709,224024982,156224,0.996702,0.004195,0.016229,0.079395,1127739,-0.001519,0.023687,-0.01241,0.0444140434265136,114.2762709,22.4024982,156.224,-0.0008088000000014,-0.0006309999999984,38.984,-70.04099999983282,-83.00129259779193,115.38937780350862,39.75265123399893,0.0267841264557946,160.11947,IP15,224.25305615294133,78.71448123968611,-5.572200000049321,-5.428776224104979,-38.984,39.75265123399893,0.8919691457063001
2416,IP15_MAC,A	E	TR4c_1	TR4c_2	TR6c_1	TR6c_2	TR8c_1	TR8c_2	TRc0_1	TRc0_2	TR60_1	TR60_2,N	N	-77	-78	-83	-85	-78	-82	-85	-77	-82	-83,"[-77, -78, -83, -85, -78, -82, -85, -77, -82, -83]",-77,-78,-83,-85,-78,-82,-85,-77,-82,-83,92,61,1128539,2.117524,0.097673,7.794915,1128539,1142762712,224024986,156224,0.997518,-0.000406,0.018492,0.067939,1128539,0.02016,0.019848,-0.018679,0.0400202274322509,114.2762712,22.4024986,156.224,-0.000808500000005,-0.0006305999999973,38.984,-69.99659999970831,-82.97050552978634,115.3402837493799,39.76311460263788,0.033900940178703,275.794915,IP15,224.18772073303788,78.63917701463319,-5.6166000001738325,-5.459563292110573,-38.984,39.76311460263788,0.916793454232818
2419,IP15_MAC,A	E	TR4c_1	TR4c_2	TR6c_1	TR6c_2	TR8c_1	TR8c_2	TRc0_1	TRc0_2	TR60_1	TR60_2,N	N	-76	-82	-85	-89	-76	-80	-85	-81	-80	-85,"[-76, -82, -85, -89, -76, -80, -85, -81, -80, -85]",-76,-82,-85,-89,-76,-80,-85,-81,-80,-85,121,30,1128939,2.397549,0.511073,0.959925,1128739,1142762712,224024987,156224,0.999737,0.004283,0.020956,0.008281,1128739,0.018433,0.002035,-0.013202,0.0419743061065673,114.2762712,22.4024987,156.224,-0.000808500000005,-0.0006304999999997,38.984,-69.98549999997294,-82.97050547009223,115.33354778297952,39.76468402089153,0.0227642157343493,239.959925,IP15,224.1311848891512,78.62792785539526,-5.627699999909197,-5.459563351804675,-38.984,39.76468402089153,0.6544710665032355
2420,IP15_MAC,A	E	TR4c_1	TR4c_2	TR6c_1	TR6c_2	TR8c_1	TR8c_2	TRc0_1	TRc0_2	TR60_1	TR60_2,N	N	-75	-82	-85	-88	-76	-80	-83	-80	-79	-84,"[-75, -82, -85, -88, -76, -80, -83, -80, -79, -84]",-75,-82,-85,-88,-76,-80,-83,-80,-79,-84,121,30,1128939,2.397549,0.511073,0.959925,1128939,1142762714,224024990,156211,0.999737,0.004283,0.020956,0.008281,1128939,0.011778,0.005883,-0.010245,0.0405762195587158,114.2762714,22.402499,156.211,-0.0008083000000027,-0.0006301999999998,38.97100000000002,-69.95219999997815,-82.94998073782249,115.29418211792851,39.75949103557701,0.0166820561682305,239.959925,IP15,224.0696978387411,78.57027049458385,-5.660999999903993,-5.480088084074424,-38.97100000000002,39.75949103557701,0.6551431771136618
2422,IP15_MAC,A	E	TR4c_1	TR4c_2	TR6c_1	TR6c_2	TR8c_1	TR8c_2	TRc0_1	TRc0_2	TR60_1	TR60_2,N	N	-73	-83	-87	-89	-76	-82	-81	-80	-85	-86,"[-73, -83, -87, -89, -76, -82, -81, -80, -85, -86]",-73,-83,-87,-89,-76,-82,-81,-80,-85,-86,208,60,1129139,2.540199,-0.205546,-4.905265,1129139,1142762717,224024994,156205,0.998839,-0.000843,0.02222,-0.04274,1129139,0.009141,0.01154,-0.009672,0.0426979064941406,114.2762717,22.4024994,156.205,-0.0008080000000063,-0.0006297999999986,38.96500000000002,-69.90779999985364,-82.91919367014177,115.24306662322908,39.76421203920127,0.0176146832216761,147.094735,IP15,224.00641385717196,78.4932535725596,-5.705400000028504,-5.510875151755144,-38.96500000000002,39.76421203920127,0.8712061272112595
2425,IP15_MAC,A	E	TR4c_1	TR4c_2	TR6c_1	TR6c_2	TR8c_1	TR8c_2	TRc0_1	TRc0_2	TR60_1	TR60_2,N	N	-72	-86	-84	-87	-127	-127	-77	-76	-85	-83,"[-72, -86, -84, -87, -127, -127, -77, -76, -85, -83]",-72,-86,-84,-87,-127,-127,-77,-76,-85,-83,209,61,1129339,2.534897,-0.335667,-10.544191,1129339,1142762719,224024999,156200,0.995528,-0.000884,0.022293,-0.091792,1129339,0.00668,0.00721,-0.009578,0.0418999195098876,114.2762719,22.4024999,156.2,-0.000807800000004,-0.0006292999999999,38.96,-69.85229999999376,-82.89866881880126,115.19294556186335,39.77016412843879,0.0137238691337392,140.455809,IP15,223.83570475301124,78.41528192560469,-5.76089999988838,-5.531400003095655,-38.96,39.77016412843879,0.8680266616439944
2426,IP15_MAC,A	E	TR4c_1	TR4c_2	TR6c_1	TR6c_2	TR8c_1	TR8c_2	TRc0_1	TRc0_2	TR60_1	TR60_2,N	N	-72	-86	-84	-87	-76	-84	-77	-76	-85	-83,"[-72, -86, -84, -87, -76, -84, -77, -76, -85, -83]",-72,-86,-84,-87,-76,-84,-77,-76,-85,-83,208,61,1129539,2.77576,-0.695346,-12.775299,1129339,1142762719,224024999,156200,0.993499,-0.003334,0.024743,-0.111066,1129339,0.00668,0.00721,-0.009578,0.0391275882720947,114.2762719,22.4024999,156.2,-0.000807800000004,-0.0006292999999999,38.96,-69.85229999999376,-82.89866881880126,115.19294556186335,39.77016412843879,0.0137238691337392,139.224701,IP15,223.83570475301124,78.41528192560469,-5.76089999988838,-5.531400003095655,-38.96,39.77016412843879,0.8659462617724268
2428,IP15_MAC,A	E	TR4c_1	TR4c_2	TR6c_1	TR6c_2	TR8c_1	TR8c_2	TRc0_1	TRc0_2	TR60_1	TR60_2,N	N	-73	-88	-88	-87	-76	-86	-78	-76	-86	-81,"[-73, -88, -88, -87, -76, -86, -78, -76, -86, -81]",-73,-88,-88,-87,-76,-86,-78,-76,-86,-81,93,60,1129539,2.77576,-0.695346,-12.775299,1129539,1142762720,224025003,156209,0.993499,-0.003334,0.024743,-0.111066,1129539,0.017545,0.018893,-0.00436,0.0409450531005859,114.276272,22.4025003,156.209,-0.0008076999999957,-0.0006288999999988,38.96900000000001,-69.80789999986925,-82.88840630300461,115.16168530741342,39.78686331646975,0.0261492270249045,254.224701,IP15,223.6690184482395,78.3626280814896,-5.805300000012892,-5.541662518892295,-38.96900000000001,39.78686331646975,0.9350760439313124
2429,IP15_MAC,A	E	TR4c_1	TR4c_2	TR6c_1	TR6c_2	TR8c_1	TR8c_2	TRc0_1	TRc0_2	TR60_1	TR60_2,N	N	-75	-87	-86	-85	-77	-85	-77	-75	-84	-81,"[-75, -87, -86, -85, -77, -85, -77, -75, -84, -81]",-75,-87,-86,-85,-77,-85,-77,-75,-84,-81,92,60,1129739,3.270494,-0.42825,-13.071389,1129739,1142762721,224025004,156205,0.993103,-0.000464,0.028774,-0.113661,1129739,0.001586,0.016207,-0.014771,0.0417861938476562,114.2762721,22.4025004,156.205,-0.0008076000000016,-0.0006287999999976,38.96500000000002,-69.79679999973953,-82.87814396760842,115.14621688409596,39.78599758142715,0.0219855563040829,254.928611,IP15,223.6672991009364,78.3401462653643,-5.816400000142608,-5.551924854288487,-38.96500000000002,39.78599758142715,0.934533646854252
2432,IP15_MAC,A	E	TR4c_1	TR4c_2	TR6c_1	TR6c_2	TR8c_1	TR8c_2	TRc0_1	TRc0_2	TR60_1	TR60_2,N	N	-77	-88	-87	-84	-79	-85	-79	-77	-89	-83,"[-77, -88, -87, -84, -79, -85, -79, -77, -89, -83]",-77,-88,-87,-84,-79,-85,-79,-77,-89,-83,93,60,1129939,2.632856,-0.173476,-13.070571,1129939,1142762721,224025005,156211,0.993244,0.001111,0.022995,-0.113742,1129939,-0.009087,0.033634,-0.009884,0.0414228439331054,114.2762721,22.4025005,156.211,-0.0008076000000016,-0.0006287,38.97100000000002,-69.78570000000417,-82.87814390798074,115.14151945811098,39.79349780426875,0.0362148171471291,253.929429,IP15,223.6127415077636,78.33056474429107,-5.827499999877972,-5.551924913916167,-38.97100000000002,39.79349780426875,0.935427834724612
2433,IP15_MAC,A	E	TR4c_1	TR4c_2	TR6c_1	TR6c_2	TR8c_1	TR8c_2	TRc0_1	TRc0_2	TR60_1	TR60_2,N	N	-77	-88	-88	-85	-79	-85	-79	-77	-87	-83,"[-77, -88, -88, -85, -79, -85, -79, -77, -87, -83]",-77,-88,-88,-85,-79,-85,-79,-77,-87,-83,92,60,1129939,2.632856,-0.173476,-13.070571,1129939,1142762721,224025005,156211,0.993244,0.001111,0.022995,-0.113742,1129939,-0.009087,0.033634,-0.009884,0.0413079261779785,114.2762721,22.4025005,156.211,-0.0008076000000016,-0.0006287,38.97100000000002,-69.78570000000417,-82.87814390798074,115.14151945811098,39.79349780426875,0.0362148171471291,254.929429,IP15,223.6127415077636,78.33056474429107,-5.827499999877972,-5.551924913916167,-38.97100000000002,39.79349780426875,0.9345236007754368
2436,IP15_MAC,A	E	TR4c_1	TR4c_2	TR6c_1	TR6c_2	TR8c_1	TR8c_2	TRc0_1	TRc0_2	TR60_1	TR60_2,N	N	-73	-82	-127	-127	-127	-127	-77	-76	-127	-127,"[-73, -82, -127, -127, -127, -127, -77, -76, -127, -127]",-73,-82,-127,-127,-127,-127,-77,-76,-127,-127,210,60,1130139,2.580364,-0.739965,-13.003656,1130139,1142762721,224025005,156210,0.993313,-0.003865,0.0231,-0.113051,1130139,-0.009401,0.037638,0.008593,0.0430305004119873,114.2762721,22.4025005,156.21,-0.0008076000000016,-0.0006287,38.97000000000001,-69.78570000000417,-82.87814390798074,115.14118100020752,39.792518473933534,0.0397345881317524,136.996344,IP15,223.6127415077636,78.33027351053003,-5.827499999877972,-5.551924913916167,-38.97000000000001,39.792518473933534,0.8540935569562382
2437,IP15_MAC,A	E	TR4c_1	TR4c_2	TR6c_1	TR6c_2	TR8c_1	TR8c_2	TRc0_1	TRc0_2	TR60_1	TR60_2,N	N	-73	-80	-127	-127	-127	-127	-69	-66	-127	-127,"[-73, -80, -127, -127, -127, -127, -69, -66, -127, -127]",-73,-80,-127,-127,-127,-127,-69,-66,-127,-127,91,59,1130339,2.756884,-0.83937,-13.015878,1130339,1142762721,224025005,156221,0.993263,-0.004549,0.024728,-0.113122,1130339,-0.017385,0.029475,0.004661,0.045372724533081,114.2762721,22.4025005,156.221,-0.0008076000000016,-0.0006287,38.98100000000001,-69.78570000000417,-82.87814390798074,115.14490446008692,39.803291164153016,0.0345360503097849,255.984122,IP15,223.6127415077636,78.33347629368365,-5.827499999877972,-5.551924913916167,-38.98100000000001,39.803291164153016,0.9274225329135248
2438,IP15_MAC,A	E	TR4c_1	TR4c_2	TR6c_1	TR6c_2	TR8c_1	TR8c_2	TRc0_1	TRc0_2	TR60_1	TR60_2,N	N	-127	-127	-90	-89	-78	-85	-78	-77	-85	-82,"[-127, -127, -90, -89, -78, -85, -78, -77, -85, -82]",-127,-127,-90,-89,-78,-85,-78,-77,-85,-82,90,60,1130339,2.756884,-0.83937,-13.015878,1130339,1142762721,224025005,156221,0.993263,-0.004549,0.024728,-0.113122,1130339,-0.017385,0.029475,0.004661,0.0428431034088134,114.2762721,22.4025005,156.221,-0.0008076000000016,-0.0006287,38.98100000000001,-69.78570000000417,-82.87814390798074,115.14490446008692,39.803291164153016,0.0345360503097849,256.984122,IP15,223.6127415077636,78.33347629368365,-5.827499999877972,-5.551924913916167,-38.98100000000001,39.803291164153016,0.9325715192250033
2439,IP15_MAC,A	E	TR4c_1	TR4c_2	TR6c_1	TR6c_2	TR8c_1	TR8c_2	TRc0_1	TRc0_2	TR60_1	TR60_2,N	N	-74	-83	-90	-89	-78	-85	-78	-77	-85	-82,"[-74, -83, -90, -89, -78, -85, -78, -77, -85, -82]",-74,-83,-90,-89,-78,-85,-78,-77,-85,-82,92,60,1130539,2.735295,-0.637923,-12.968226,1130339,1142762721,224025005,156221,0.993321,-0.002834,0.024341,-0.112754,1130339,-0.017385,0.029475,0.004661,0.0423102378845214,114.2762721,22.4025005,156.221,-0.0008076000000016,-0.0006287,38.98100000000001,-69.78570000000417,-82.87814390798074,115.14490446008692,39.803291164153016,0.0345360503097849,255.031774,IP15,223.6127415077636,78.33347629368365,-5.827499999877972,-5.551924913916167,-38.98100000000001,39.803291164153016,0.934417233222416
2440,IP15_MAC,A	E	TR4c_1	TR4c_2	TR6c_1	TR6c_2	TR8c_1	TR8c_2	TRc0_1	TRc0_2	TR60_1	TR60_2,N	N	-72	-82	-89	-90	-75	-89	-78	-78	-86	-82,"[-72, -82, -89, -90, -75, -89, -78, -78, -86, -82]",-72,-82,-89,-90,-75,-89,-78,-78,-86,-82,93,61,1130539,2.735295,-0.637923,-12.968226,1130539,1142762721,224025004,156219,0.993321,-0.002834,0.024341,-0.112754,1130539,-0.024442,0.034879,-0.007752,0.0410149097442626,114.2762721,22.4025004,156.219,-0.0008076000000016,-0.0006287999999976,38.979,-69.79679999973953,-82.87814396760842,115.15095517936126,39.79970878724272,0.0432902934732487,254.031774,IP15,223.6672991009364,78.34421950060964,-5.816400000142608,-5.551924854288487,-38.979,39.79970878724272,0.9410953757826928
2441,IP15_MAC,A	E	TR4c_1	TR4c_2	TR6c_1	TR6c_2	TR8c_1	TR8c_2	TRc0_1	TRc0_2	TR60_1	TR60_2,N	N	-73	-81	-89	-89	-75	-89	-78	-78	-87	-82,"[-73, -81, -89, -89, -75, -89, -78, -78, -87, -82]",-73,-81,-89,-89,-75,-89,-78,-78,-87,-82,92,62,1130739,2.684622,-0.98529,-12.917691,1130739,1142762722,224025004,156215,0.993367,-0.005906,0.024241,-0.112246,1130739,-0.031768,0.035908,0.005827,0.0399954319000244,114.2762722,22.4025004,156.215,-0.0008075000000076,-0.0006287999999976,38.97500000000001,-69.79679999973953,-82.86788169184726,115.14221524400872,39.79722427043562,0.0482964203331882,255.082309,IP15,223.72014848973436,78.33306022049962,-5.816400000142608,-5.562187130049651,-38.97500000000001,39.79722427043562,0.9457722993621877
2442,IP15_MAC,A	E	TR4c_1	TR4c_2	TR6c_1	TR6c_2	TR8c_1	TR8c_2	TRc0_1	TRc0_2	TR60_1	TR60_2,N	N	-73	-82	-87	-89	-74	-89	-78	-78	-86	-80,"[-73, -82, -87, -89, -74, -89, -78, -78, -86, -80]",-73,-82,-87,-89,-74,-89,-78,-78,-86,-80,119,31,1130739,2.684622,-0.98529,-12.917691,1130739,1142762722,224025004,156215,0.993367,-0.005906,0.024241,-0.112246,1130739,-0.031768,0.035908,0.005827,0.0407123565673828,114.2762722,22.4025004,156.215,-0.0008075000000076,-0.0006287999999976,38.97500000000001,-69.79679999973953,-82.86788169184726,115.14221524400872,39.79722427043562,0.0482964203331882,228.082309,IP15,223.72014848973436,78.33306022049962,-5.816400000142608,-5.562187130049651,-38.97500000000001,39.79722427043562,0.677233378104885
2443,IP15_MAC,A	E	TR4c_1	TR4c_2	TR6c_1	TR6c_2	TR8c_1	TR8c_2	TRc0_1	TRc0_2	TR60_1	TR60_2,N	N	-73	-83	-86	-89	-74	-90	-78	-78	-84	-80,"[-73, -83, -86, -89, -74, -90, -78, -78, -84, -80]",-73,-83,-86,-89,-74,-90,-78,-78,-84,-80,119,31,1130939,2.573453,-1.134132,-12.948743,1130939,1142762722,224025003,156221,0.993349,-0.007299,0.023425,-0.112496,1130939,-0.040555,0.030186,0.004204,0.0469775199890136,114.2762722,22.4025003,156.221,-0.0008075000000076,-0.0006288999999988,38.98100000000001,-69.80789999986925,-82.86788175146754,115.15097519937446,39.80147979782412,0.0507304271320476,228.051257,IP15,223.77481965981696,78.34611149119863,-5.805300000012892,-5.562187070429374,-38.98100000000001,39.80147979782412,0.6770859314523571
2444,IP15_MAC,A	E	TR4c_1	TR4c_2	TR6c_1	TR6c_2	TR8c_1	TR8c_2	TRc0_1	TRc0_2	TR60_1	TR60_2,N	N	-73	-83	-87	-88	-74	-90	-78	-79	-84	-81,"[-73, -83, -87, -88, -74, -90, -78, -79, -84, -81]",-73,-83,-87,-88,-74,-90,-78,-79,-84,-81,119,31,1130939,2.573453,-1.134132,-12.948743,1130939,1142762722,224025003,156221,0.993349,-0.007299,0.023425,-0.112496,1130939,-0.040555,0.030186,0.004204,0.0460367202758789,114.2762722,22.4025003,156.221,-0.0008075000000076,-0.0006288999999988,38.98100000000001,-69.80789999986925,-82.86788175146754,115.15097519937446,39.80147979782412,0.0507304271320476,228.051257,IP15,223.77481965981696,78.34611149119863,-5.805300000012892,-5.562187070429374,-38.98100000000001,39.80147979782412,0.6770859314523571
2446,IP15_MAC,A	E	TR4c_1	TR4c_2	TR6c_1	TR6c_2	TR8c_1	TR8c_2	TRc0_1	TRc0_2	TR60_1	TR60_2,N	N	-74	-81	-88	-85	-74	-89	-79	-75	-80	-79,"[-74, -81, -88, -85, -74, -89, -79, -75, -80, -79]",-74,-81,-88,-85,-74,-89,-79,-75,-80,-79,90,60,1131139,2.22031,-0.932043,-12.952806,1130939,1142762722,224025003,156221,0.993418,-0.005895,0.020166,-0.112604,1130939,-0.040555,0.030186,0.004204,0.0395815372467041,114.2762722,22.4025003,156.221,-0.0008075000000076,-0.0006288999999988,38.98100000000001,-69.80789999986925,-82.86788175146754,115.15097519937446,39.80147979782412,0.0507304271320476,257.047194,IP15,223.77481965981696,78.34611149119863,-5.805300000012892,-5.562187070429374,-38.98100000000001,39.80147979782412,0.9326158092722054
2450,IP15_MAC,A	E	TR4c_1	TR4c_2	TR6c_1	TR6c_2	TR8c_1	TR8c_2	TRc0_1	TRc0_2	TR60_1	TR60_2,N	N	-74	-88	-80	-83	-75	-86	-77	-71	-81	-82,"[-74, -88, -80, -83, -75, -86, -77, -71, -81, -82]",-74,-88,-80,-83,-75,-86,-77,-71,-81,-82,92,60,1131339,2.285945,-1.007705,-12.897277,1131339,1142762723,224024999,156248,0.993457,-0.006496,0.020806,-0.112103,1131339,-0.03783,0.026429,-0.00904,0.0410218238830566,114.2762723,22.4024999,156.248,-0.0008073999999993,-0.0006292999999999,39.008,-69.85229999999376,-82.85761971269224,115.17965542465498,39.82291076608275,0.047024701391928,255.102723,IP15,224.04737376271703,78.38900212061503,-5.76089999988838,-5.572449109204669,-39.008,39.82291076608275,0.9345127943543312
2451,IP15_MAC,A	E	TR4c_1	TR4c_2	TR6c_1	TR6c_2	TR8c_1	TR8c_2	TRc0_1	TRc0_2	TR60_1	TR60_2,N	N	-74	-89	-81	-82	-75	-86	-78	-72	-82	-81,"[-74, -89, -81, -82, -75, -86, -78, -72, -82, -81]",-74,-89,-81,-82,-75,-86,-78,-72,-82,-81,92,60,1131739,1.755092,-0.855101,-12.693811,1131739,1142762724,224024996,156239,0.99374,-0.005722,0.016045,-0.11041,1131739,-0.042109,0.01514,-0.020827,0.0431523323059082,114.2762724,22.4024996,156.239,-0.0008073000000052,-0.0006295999999998,38.99900000000001,-69.88559999998856,-82.84735761571072,115.1894255227617,39.81072804120089,0.0493573845538841,255.306189,IP15,224.26606243044583,78.4099970630843,-5.7275999998935845,-5.58271120618619,-38.99900000000001,39.81072804120089,0.9344366227530998
2452,IP15_MAC,A	E	TR4c_1	TR4c_2	TR6c_1	TR6c_2	TR8c_1	TR8c_2	TRc0_1	TRc0_2	TR60_1	TR60_2,N	N	-74	-90	-82	-86	-77	-88	-82	-74	-87	-82,"[-74, -90, -82, -86, -77, -88, -82, -74, -87, -82]",-74,-90,-82,-86,-77,-88,-82,-74,-87,-82,93,60,1131739,1.755092,-0.855101,-12.693811,1131739,1142762724,224024996,156239,0.99374,-0.005722,0.016045,-0.11041,1131739,-0.042109,0.01514,-0.020827,0.0413565635681152,114.2762724,22.4024996,156.239,-0.0008073000000052,-0.0006295999999998,38.99900000000001,-69.88559999998856,-82.84735761571072,115.1894255227617,39.81072804120089,0.0493573845538841,254.306189,IP15,224.26606243044583,78.4099970630843,-5.7275999998935845,-5.58271120618619,-38.99900000000001,39.81072804120089,0.935327507947338
2453,IP15_MAC,A	E	TR4c_1	TR4c_2	TR6c_1	TR6c_2	TR8c_1	TR8c_2	TRc0_1	TRc0_2	TR60_1	TR60_2,N	N	-73	-87	-84	-86	-77	-87	-82	-78	-88	-82,"[-73, -87, -84, -86, -77, -87, -82, -78, -88, -82]",-73,-87,-84,-86,-77,-87,-82,-78,-88,-82,209,60,1131939,1.741202,-0.977228,-12.763076,1131939,1142762724,224024994,156239,0.993668,-0.006785,0.016046,-0.110995,1131939,-0.02842,0.016404,-0.016444,0.0414011478424072,114.2762724,22.4024994,156.239,-0.0008073000000052,-0.0006297999999986,38.99900000000001,-69.90779999985364,-82.84735773492176,115.20289573390782,39.80754015561576,0.0367041244548892,138.236924,IP15,224.3772846430284,78.43239109729805,-5.705400000028504,-5.582711086975152,-38.99900000000001,39.80754015561576,0.8551842487816794
2454,IP15_MAC,A	E	TR4c_1	TR4c_2	TR6c_1	TR6c_2	TR8c_1	TR8c_2	TRc0_1	TRc0_2	TR60_1	TR60_2,N	N	-73	-87	-83	-86	-78	-88	-81	-78	-86	-83,"[-73, -87, -83, -86, -78, -88, -81, -78, -86, -83]",-73,-87,-83,-86,-78,-88,-81,-78,-86,-83,209,60,1132139,1.748798,-1.148372,-12.819229,1132139,1142762724,224024993,156226,0.993602,-0.008253,0.016282,-0.111457,1132139,-0.025498,0.012627,-0.013268,0.0403432846069335,114.2762724,22.4024993,156.226,-0.0008073000000052,-0.0006298999999998,38.986,-69.91889999998335,-82.84735779452727,115.2052319417052,39.79321438265527,0.0313947281720992,138.180771,IP15,224.43306178519623,78.43982369486625,-5.694299999898789,-5.5827110273696405,-38.986,39.79321438265527,0.8550071803459172
2455,IP15_MAC,A	E	TR4c_1	TR4c_2	TR6c_1	TR6c_2	TR8c_1	TR8c_2	TRc0_1	TRc0_2	TR60_1	TR60_2,N	N	-72	-84	-127	-127	-78	-85	-78	-77	-86	-82,"[-72, -84, -127, -127, -78, -85, -78, -77, -86, -82]",-72,-84,-127,-127,-78,-85,-78,-77,-86,-82,210,60,1132339,1.91592,-1.035472,-12.847564,1132139,1142762724,224024993,156226,0.99356,-0.007107,0.017623,-0.111703,1132139,-0.025498,0.012627,-0.013268,0.0413522720336914,114.2762724,22.4024993,156.226,-0.0008073000000052,-0.0006298999999998,38.986,-69.91889999998335,-82.84735779452727,115.2052319417052,39.79321438265527,0.0313947281720992,137.152436,IP15,224.43306178519623,78.43982369486625,-5.694299999898789,-5.5827110273696405,-38.986,39.79321438265527,0.8532117216354218
2456,IP15_MAC,A	E	TR4c_1	TR4c_2	TR6c_1	TR6c_2	TR8c_1	TR8c_2	TRc0_1	TRc0_2	TR60_1	TR60_2,N	N	-72	-84	-80	-84	-78	-85	-78	-77	-86	-82,"[-72, -84, -80, -84, -78, -85, -78, -77, -86, -82]",-72,-84,-80,-84,-78,-85,-78,-77,-86,-82,210,60,1132339,1.91592,-1.035472,-12.847564,1132339,1142762724,224024992,156225,0.99356,-0.007107,0.017623,-0.111703,1132339,-0.016936,0.003523,-0.019928,0.0421273708343505,114.2762724,22.4024992,156.225,-0.0008073000000052,-0.0006299999999974,38.985,-69.92999999971872,-82.84735785413278,115.21163061241428,39.79064775787712,0.0263887250355146,137.152436,IP15,224.4889499151432,78.45071145898503,-5.683200000163424,-5.582710967764129,-38.985,39.79064775787712,0.853142730558686
2457,IP15_MAC,A	E	TR4c_1	TR4c_2	TR6c_1	TR6c_2	TR8c_1	TR8c_2	TRc0_1	TRc0_2	TR60_1	TR60_2,N	N	-127	-127	-127	-127	-127	-127	-77	-73	-127	-127,"[-127, -127, -127, -127, -127, -127, -77, -73, -127, -127]",-127,-127,-127,-127,-127,-127,-77,-73,-127,-127,91,60,1132739,1.441367,-0.60342,-12.947047,1132539,1142762723,224024991,156219,0.99354,-0.003814,0.01309,-0.11266,1132539,-0.026504,-0.000783,-0.01727,0.04789400100708,114.2762723,22.4024991,156.219,-0.0008073999999993,-0.0006300999999986,38.979,-69.94109999984843,-82.85762018959544,115.22371775668432,39.7817463564638,0.0316437672377989,256.052953,IP15,224.4922469978131,78.47030310470146,-5.6721000000337085,-5.572448632301473,-38.979,39.7817463564638,0.9337057830298237
2458,IP15_MAC,A	E	TR4c_1	TR4c_2	TR6c_1	TR6c_2	TR8c_1	TR8c_2	TRc0_1	TRc0_2	TR60_1	TR60_2,N	N	-74	-80	-127	-127	-127	-127	-77	-74	-127	-127,"[-74, -80, -127, -127, -127, -127, -77, -74, -127, -127]",-74,-80,-127,-127,-127,-127,-77,-74,-127,-127,209,60,1132739,1.441367,-0.60342,-12.947047,1132739,1142762722,224024990,156223,0.99354,-0.003814,0.01309,-0.11266,1132739,-0.010203,0.003826,-0.00743,0.0458498001098632,114.2762722,22.402499,156.223,-0.0008075000000076,-0.0006301999999998,38.98300000000002,-69.95219999997815,-82.86788252653122,115.23918833568692,39.78264855918052,0.0131887977086616,138.052953,IP15,224.49555662768535,78.49277730619252,-5.660999999903993,-5.562186295365692,-38.98300000000002,39.78264855918052,0.8548069786701327
2459,IP15_MAC,A	E	TR4c_1	TR4c_2	TR6c_1	TR6c_2	TR8c_1	TR8c_2	TRc0_1	TRc0_2	TR60_1	TR60_2,N	N	-74	-78	-127	-127	-76	-86	-78	-75	-89	-81,"[-74, -78, -127, -127, -76, -86, -78, -75, -89, -81]",-74,-78,-127,-127,-76,-86,-78,-75,-89,-81,105,89,1132939,1.721413,-0.755968,-12.935532,1132739,1142762722,224024990,156223,0.993514,-0.004862,0.015668,-0.112522,1132739,-0.010203,0.003826,-0.00743,0.0400974750518798,114.2762722,22.402499,156.223,-0.0008075000000076,-0.0006301999999998,38.98300000000002,-69.95219999997815,-82.86788252653122,115.23918833568692,39.78264855918052,0.0131887977086616,242.064468,IP15,224.49555662768535,78.49277730619252,-5.660999999903993,-5.562186295365692,-38.98300000000002,39.78264855918052,0.9830695262476492
2460,IP15_MAC,A	E	TR4c_1	TR4c_2	TR6c_1	TR6c_2	TR8c_1	TR8c_2	TRc0_1	TRc0_2	TR60_1	TR60_2,N	N	-74	-78	-81	-85	-76	-86	-78	-75	-89	-81,"[-74, -78, -81, -85, -76, -86, -78, -75, -89, -81]",-74,-78,-81,-85,-76,-86,-78,-75,-89,-81,92,63,1132939,1.721413,-0.755968,-12.935532,1132939,1142762722,224024989,156225,0.993514,-0.004862,0.015668,-0.112522,1132939,0.002947,0.015243,-0.014321,0.038478136062622,114.2762722,22.4024989,156.225,-0.0008075000000076,-0.0006302999999974,38.985,-69.96329999971351,-82.8678825861515,115.24660314370269,39.783030436770666,0.021121668944475,255.064468,IP15,224.5517760139186,78.50452048833706,-5.649900000168628,-5.562186235745415,-38.985,39.783030436770666,0.9510799450473252
2461,IP15_MAC,A	E	TR4c_1	TR4c_2	TR6c_1	TR6c_2	TR8c_1	TR8c_2	TRc0_1	TRc0_2	TR60_1	TR60_2,N	N	-75	-79	-83	-85	-76	-87	-79	-76	-93	-81,"[-75, -79, -83, -85, -76, -87, -79, -76, -93, -81]",-75,-79,-83,-85,-76,-87,-79,-76,-93,-81,93,63,1132939,1.721413,-0.755968,-12.935532,1132939,1142762722,224024989,156225,0.993514,-0.004862,0.015668,-0.112522,1132939,0.002947,0.015243,-0.014321,0.0392432212829589,114.2762722,22.4024989,156.225,-0.0008075000000076,-0.0006302999999974,38.985,-69.96329999971351,-82.8678825861515,115.24660314370269,39.783030436770666,0.021121668944475,254.064468,IP15,224.5517760139186,78.50452048833706,-5.649900000168628,-5.562186235745415,-38.985,39.783030436770666,0.9518697904056896
2462,IP15_MAC,A	E	TR4c_1	TR4c_2	TR6c_1	TR6c_2	TR8c_1	TR8c_2	TRc0_1	TRc0_2	TR60_1	TR60_2,N	N	-74	-79	-81	-85	-75	-83	-78	-74	-87	-80,"[-74, -79, -81, -85, -75, -83, -78, -74, -87, -80]",-74,-79,-81,-85,-75,-83,-78,-74,-87,-80,92,61,1133139,1.935551,-1.083277,-12.833635,1132939,1142762722,224024989,156225,0.993568,-0.007505,0.017838,-0.111573,1132939,0.002947,0.015243,-0.014321,0.0392792224884033,114.2762722,22.4024989,156.225,-0.0008075000000076,-0.0006302999999974,38.985,-69.96329999971351,-82.8678825861515,115.24660314370269,39.783030436770666,0.021121668944475,255.166365,IP15,224.5517760139186,78.50452048833706,-5.649900000168628,-5.562186235745415,-38.985,39.783030436770666,0.9402258688051772
2463,IP15_MAC,A	E	TR4c_1	TR4c_2	TR6c_1	TR6c_2	TR8c_1	TR8c_2	TRc0_1	TRc0_2	TR60_1	TR60_2,N	N	-74	-77	-127	-127	-127	-127	-76	-72	-127	-127,"[-74, -77, -127, -127, -127, -127, -76, -72, -127, -127]",-74,-77,-127,-127,-127,-127,-76,-72,-127,-127,91,60,1133139,1.935551,-1.083277,-12.833635,1133139,1142762722,224024989,156225,0.993568,-0.007505,0.017838,-0.111573,1133139,0.009446,0.017416,-0.010391,0.0408968925476074,114.2762722,22.4024989,156.225,-0.0008075000000076,-0.0006302999999974,38.985,-69.96329999971351,-82.8678825861515,115.24660314370269,39.783030436770666,0.0223722339742816,256.166365,IP15,224.5517760139186,78.50452048833706,-5.649900000168628,-5.562186235745415,-38.985,39.783030436770666,0.9335106046443435
2464,IP15_MAC,A	E	TR4c_1	TR4c_2	TR6c_1	TR6c_2	TR8c_1	TR8c_2	TRc0_1	TRc0_2	TR60_1	TR60_2,N	N	-74	-77	-81	-83	-127	-127	-76	-72	-127	-127,"[-74, -77, -81, -83, -127, -127, -76, -72, -127, -127]",-74,-77,-81,-83,-127,-127,-76,-72,-127,-127,90,60,1133339,2.140701,-1.141901,-12.7667,1133339,1142762722,224024989,156217,0.993599,-0.007824,0.01967,-0.110962,1133339,-0.002138,0.000569,-0.010581,0.0419065952301025,114.2762722,22.4024989,156.217,-0.0008075000000076,-0.0006302999999974,38.97700000000002,-69.96329999971351,-82.8678825861515,115.24389719270216,39.7751909452742,0.010809827288167,257.2333,IP15,224.5517760139186,78.50222387858204,-5.649900000168628,-5.562186235745415,-38.97700000000002,39.7751909452742,0.9325328769296932
2465,IP15_MAC,A	E	TR4c_1	TR4c_2	TR6c_1	TR6c_2	TR8c_1	TR8c_2	TRc0_1	TRc0_2	TR60_1	TR60_2,N	N	-75	-78	-127	-127	-127	-127	-79	-72	-127	-127,"[-75, -78, -127, -127, -127, -127, -79, -72, -127, -127]",-75,-78,-127,-127,-127,-127,-79,-72,-127,-127,91,60,1133539,1.838441,-0.360075,-12.753299,1133539,1142762721,224024989,156212,0.993687,-0.001341,0.016291,-0.110991,1133539,-0.007399,0.000458,-0.0111,0.0445489883422851,114.2762721,22.4024989,156.212,-0.0008076000000016,-0.0006302999999974,38.972,-69.96329999971351,-82.8781448620234,115.24958579804289,39.76885733420213,0.0133478449571457,256.24670100000003,IP15,224.4988788895913,78.51094758247467,-5.649900000168628,-5.5519239598735055,-38.972,39.76885733420213,0.93336152808571
2466,IP15_MAC,A	E	TR4c_1	TR4c_2	TR6c_1	TR6c_2	TR8c_1	TR8c_2	TRc0_1	TRc0_2	TR60_1	TR60_2,N	N	-75	-78	-80	-83	-127	-127	-79	-72	-127	-127,"[-75, -78, -80, -83, -127, -127, -79, -72, -127, -127]",-75,-78,-80,-83,-127,-127,-79,-72,-127,-127,90,60,1133739,1.694881,-0.644954,-12.747624,1133539,1142762721,224024989,156212,0.993704,-0.003951,0.015322,-0.11091,1133539,-0.007399,0.000458,-0.0111,0.0418410301208496,114.2762721,22.4024989,156.212,-0.0008076000000016,-0.0006302999999974,38.972,-69.96329999971351,-82.8781448620234,115.24958579804289,39.76885733420213,0.0133478449571457,257.252376,IP15,224.4988788895913,78.51094758247467,-5.649900000168628,-5.5519239598735055,-38.972,39.76885733420213,0.9324287415809106
2467,IP15_MAC,A	E	TR4c_1	TR4c_2	TR6c_1	TR6c_2	TR8c_1	TR8c_2	TRc0_1	TRc0_2	TR60_1	TR60_2,N	N	-74	-77	-127	-127	-77	-86	-80	-75	-84	-85,"[-74, -77, -127, -127, -77, -86, -80, -75, -84, -85]",-74,-77,-127,-127,-77,-86,-80,-75,-84,-85,210,61,1133939,1.940668,-0.594433,-15.275602,1133739,1142762721,224024988,156214,0.990986,-0.00289,0.017472,-0.132793,1133739,0.002939,0.00876,-0.002724,0.0407490730285644,114.2762721,22.4024988,156.214,-0.0008076000000016,-0.0006303999999985,38.974,-69.97439999984323,-82.87814492165107,115.2570008155351,39.76924188911023,0.0096330419390761,134.724398,IP15,224.555208947169,78.52269401405619,-5.638800000038913,-5.551923900245839,-38.974,39.76924188911023,0.8574153152753973
2468,IP15_MAC,A	E	TR4c_1	TR4c_2	TR6c_1	TR6c_2	TR8c_1	TR8c_2	TRc0_1	TRc0_2	TR60_1	TR60_2,N	N	-74	-77	-83	-84	-77	-86	-80	-75	-84	-85,"[-74, -77, -83, -84, -77, -86, -80, -75, -84, -85]",-74,-77,-83,-84,-77,-86,-80,-75,-84,-85,101,88,1133939,1.940668,-0.594433,-15.275602,1133939,1142762721,224024989,156207,0.990986,-0.00289,0.017472,-0.132793,1133939,-0.001154,0.000959,-0.004306,0.0413887500762939,114.2762721,22.4024989,156.207,-0.0008076000000016,-0.0006302999999974,38.967,-69.96329999971351,-82.8781448620234,115.2478951288068,39.763957532772345,0.0045599378285235,243.724398,IP15,224.4988788895913,78.50951258783296,-5.649900000168628,-5.5519239598735055,-38.967,39.763957532772345,0.985925266649706
2469,IP15_MAC,A	E	TR4c_1	TR4c_2	TR6c_1	TR6c_2	TR8c_1	TR8c_2	TRc0_1	TRc0_2	TR60_1	TR60_2,N	N	-127	-127	-85	-80	-127	-127	-79	-74	-127	-127,"[-127, -127, -85, -80, -127, -127, -79, -74, -127, -127]",-127,-127,-85,-80,-127,-127,-79,-74,-127,-127,90,60,1134139,1.931102,-0.676189,-19.804098,1133939,1142762721,224024989,156207,0.984966,-0.002914,0.017613,-0.171826,1133939,-0.001154,0.000959,-0.004306,0.0408039093017578,114.2762721,22.4024989,156.207,-0.0008076000000016,-0.0006302999999974,38.967,-69.96329999971351,-82.8781448620234,115.2478951288068,39.763957532772345,0.0045599378285235,250.195902,IP15,224.4988788895913,78.50951258783296,-5.649900000168628,-5.5519239598735055,-38.967,39.763957532772345,0.938420217596782
2470,IP15_MAC,A	E	TR4c_1	TR4c_2	TR6c_1	TR6c_2	TR8c_1	TR8c_2	TRc0_1	TRc0_2	TR60_1	TR60_2,N	N	-74	-79	-87	-82	-127	-127	-79	-71	-80	-86,"[-74, -79, -87, -82, -127, -127, -79, -71, -80, -86]",-74,-79,-87,-82,-127,-127,-79,-71,-80,-86,91,61,1134139,1.931102,-0.676189,-19.804098,1134139,1142762722,224024991,156206,0.984966,-0.002914,0.017613,-0.171826,1134139,-0.002878,0.011117,-0.000665,0.0436959266662597,114.2762722,22.4024991,156.206,-0.0008075000000076,-0.0006300999999986,38.966,-69.94109999984843,-82.86788246691094,115.22670076739404,39.76757210916922,0.0115027300237813,249.195902,IP15,224.43944930321268,78.47670748399914,-5.6721000000337085,-5.562186354985968,-38.966,39.76757210916922,0.9449383445629784
2471,IP15_MAC,A	E	TR4c_1	TR4c_2	TR6c_1	TR6c_2	TR8c_1	TR8c_2	TRc0_1	TRc0_2	TR60_1	TR60_2,N	N	-75	-79	-86	-84	-77	-88	-79	-69	-77	-82,"[-75, -79, -86, -84, -77, -88, -79, -69, -77, -82]",-75,-79,-86,-84,-77,-88,-79,-69,-77,-82,90,60,1134139,1.931102,-0.676189,-19.804098,1134139,1142762722,224024991,156206,0.984966,-0.002914,0.017613,-0.171826,1134139,-0.002878,0.011117,-0.000665,0.0456721782684326,114.2762722,22.4024991,156.206,-0.0008075000000076,-0.0006300999999986,38.966,-69.94109999984843,-82.86788246691094,115.22670076739404,39.76757210916922,0.0115027300237813,250.195902,IP15,224.43944930321268,78.47670748399914,-5.6721000000337085,-5.562186354985968,-38.966,39.76757210916922,0.938529111387098
2472,IP15_MAC,A	E	TR4c_1	TR4c_2	TR6c_1	TR6c_2	TR8c_1	TR8c_2	TRc0_1	TRc0_2	TR60_1	TR60_2,N	N	-75	-76	-86	-84	-77	-88	-78	-69	-78	-84,"[-75, -76, -86, -84, -77, -88, -78, -69, -78, -84]",-75,-76,-86,-84,-77,-88,-78,-69,-78,-84,90,61,1134339,1.717859,-1.246357,-24.509738,1134339,1142762724,224024995,156202,0.977084,-0.007445,0.016955,-0.21205,1134339,-0.004386,0.009711,-0.00126,0.0437755584716796,114.2762724,22.4024995,156.202,-0.0008073000000052,-0.0006296999999975,38.962,-69.89669999972392,-82.84735767531623,115.18363941390804,39.77288624173465,0.0107297771179088,245.490262,IP15,224.3216182657337,78.41050055624872,-5.71650000015822,-5.582711146580678,-38.962,39.77288624173465,0.9476132787317182
2473,IP15_MAC,A	E	TR4c_1	TR4c_2	TR6c_1	TR6c_2	TR8c_1	TR8c_2	TRc0_1	TRc0_2	TR60_1	TR60_2,N	N	-76	-80	-83	-86	-77	-88	-78	-68	-76	-81,"[-76, -80, -83, -86, -77, -88, -78, -68, -76, -81]",-76,-80,-83,-86,-77,-88,-78,-68,-76,-81,90,60,1134339,1.717859,-1.246357,-24.509738,1134339,1142762724,224024995,156202,0.977084,-0.007445,0.016955,-0.21205,1134339,-0.004386,0.009711,-0.00126,0.0416245460510253,114.2762724,22.4024995,156.202,-0.0008073000000052,-0.0006296999999975,38.962,-69.89669999972392,-82.84735767531623,115.18363941390804,39.77288624173465,0.0107297771179088,245.490262,IP15,224.3216182657337,78.41050055624872,-5.71650000015822,-5.582711146580678,-38.962,39.77288624173465,0.9420399926950428
2474,IP15_MAC,A	E	TR4c_1	TR4c_2	TR6c_1	TR6c_2	TR8c_1	TR8c_2	TRc0_1	TRc0_2	TR60_1	TR60_2,N	N	-76	-80	-83	-87	-78	-86	-78	-68	-76	-79,"[-76, -80, -83, -87, -78, -86, -78, -68, -76, -79]",-76,-80,-83,-87,-78,-86,-78,-68,-76,-79,90,60,1134539,1.528358,-1.413231,-28.816686,1134339,1142762724,224024995,156202,0.968433,-0.008625,0.015984,-0.248613,1134339,-0.004386,0.009711,-0.00126,0.0424997806549072,114.2762724,22.4024995,156.202,-0.0008073000000052,-0.0006296999999975,38.962,-69.89669999972392,-82.84735767531623,115.18363941390804,39.77288624173465,0.0107297771179088,241.183314,IP15,224.3216182657337,78.41050055624872,-5.71650000015822,-5.582711146580678,-38.962,39.77288624173465,0.94449960647909
2475,IP15_MAC,A	E	TR4c_1	TR4c_2	TR6c_1	TR6c_2	TR8c_1	TR8c_2	TRc0_1	TRc0_2	TR60_1	TR60_2,N	N	-78	-80	-82	-87	-77	-82	-75	-66	-75	-77,"[-78, -80, -82, -87, -77, -82, -75, -66, -75, -77]",-78,-80,-82,-87,-77,-82,-75,-66,-75,-77,90,60,1134739,1.473556,-1.517498,-33.075541,1134539,1142762725,224024998,156209,0.958524,-0.009033,0.016094,-0.284415,1134539,-0.000178,0.004789,0.002129,0.043102741241455,114.2762725,22.4024998,156.209,-0.000807199999997,-0.0006293999999975,38.96900000000001,-69.86339999972913,-82.83709521923588,115.15842116355584,39.78598389837586,0.0052439342101136,236.924459,IP15,224.2078729141849,78.36877898027544,-5.749800000153016,-5.592973602661033,-38.96900000000001,39.78598389837586,0.9465751906565002
2476,IP15_MAC,A	E	TR4c_1	TR4c_2	TR6c_1	TR6c_2	TR8c_1	TR8c_2	TRc0_1	TRc0_2	TR60_1	TR60_2,N	N	-85	-82	-127	-127	-80	-80	-79	-68	-78	-77,"[-85, -82, -127, -127, -80, -80, -79, -68, -78, -77]",-85,-82,-127,-127,-80,-80,-79,-68,-78,-77,90,60,1134939,1.780368,-1.620524,-37.506621,1134739,1142762725,224025001,156217,0.946781,-0.008395,0.019254,-0.321192,1134739,0.011802,0.003018,0.004213,0.0407178401947021,114.2762725,22.4025001,156.217,-0.000807199999997,-0.0006290999999976,38.97700000000002,-69.83009999973433,-82.83709504044147,115.14092977613144,39.79864483034264,0.012889720594334,232.493379,IP15,224.0425153668542,78.3373950502404,-5.783100000147812,-5.592973781455441,-38.97700000000002,39.79864483034264,0.9481229069725408
2477,IP15_MAC,A	E	TR4c_1	TR4c_2	TR6c_1	TR6c_2	TR8c_1	TR8c_2	TRc0_1	TRc0_2	TR60_1	TR60_2,N	N	-85	-82	-82	-84	-80	-80	-79	-68	-78	-77,"[-85, -82, -82, -84, -80, -80, -79, -68, -78, -77]",-85,-82,-82,-84,-80,-80,-79,-68,-78,-77,90,60,1134939,1.780368,-1.620524,-37.506621,1134939,1142762726,224025004,156219,0.946781,-0.008395,0.019254,-0.321192,1134939,0.016214,0.00524,-0.00419,0.0400846004486084,114.2762726,22.4025004,156.219,-0.0008071000000029,-0.0006287999999976,38.979,-69.79679999973953,-82.82683258588591,115.11403010673378,39.80689897842088,0.0175472931245819,232.493379,IP15,223.9306169173117,78.29415640506018,-5.816400000142608,-5.603236236011,-38.979,39.80689897842088,0.9483267415746152
2478,IP15_MAC,A	E	TR4c_1	TR4c_2	TR6c_1	TR6c_2	TR8c_1	TR8c_2	TRc0_1	TRc0_2	TR60_1	TR60_2,N	N	-85	-81	-82	-84	-82	-79	-78	-67	-77	-76,"[-85, -81, -82, -84, -82, -79, -78, -67, -77, -76]",-85,-81,-82,-84,-82,-79,-78,-67,-77,-76,89,60,1134939,1.780368,-1.620524,-37.506621,1134939,1142762726,224025004,156219,0.946781,-0.008395,0.019254,-0.321192,1134939,0.016214,0.00524,-0.00419,0.0408658981323242,114.2762726,22.4025004,156.219,-0.0008071000000029,-0.0006287999999976,38.979,-69.79679999973953,-82.82683258588591,115.11403010673378,39.80689897842088,0.0175472931245819,233.493379,IP15,223.9306169173117,78.29415640506018,-5.816400000142608,-5.603236236011,-38.979,39.80689897842088,0.948047858660885
2479,IP15_MAC,A	E	TR4c_1	TR4c_2	TR6c_1	TR6c_2	TR8c_1	TR8c_2	TRc0_1	TRc0_2	TR60_1	TR60_2,N	N	-87	-80	-83	-82	-82	-80	-80	-67	-79	-77,"[-87, -80, -83, -82, -82, -80, -80, -67, -79, -77]",-87,-80,-83,-82,-82,-80,-80,-67,-79,-77,89,60,1135139,1.617944,-1.619932,-42.058891,1135139,1142762727,224025008,156219,0.933291,-0.008127,0.018248,-0.358565,1135139,0.026417,0.017483,-0.005451,0.0403909683227539,114.2762727,22.4025008,156.219,-0.0008069999999946,-0.0006284,38.979,-69.75240000000937,-82.81657007033292,115.0797289924497,39.814856346247424,0.0321438420074514,228.941109,IP15,223.7653167519725,78.2390176000305,-5.860799999872768,-5.613498751563995,-38.979,39.814856346247424,0.9493435889237204
2480,IP15_MAC,A	E	TR4c_1	TR4c_2	TR6c_1	TR6c_2	TR8c_1	TR8c_2	TRc0_1	TRc0_2	TR60_1	TR60_2,N	N	-87	-76	-83	-76	-81	-79	-81	-65	-78	-76,"[-87, -76, -83, -76, -81, -79, -81, -65, -78, -76]",-87,-76,-83,-76,-81,-79,-81,-65,-78,-76,89,60,1135339,1.666918,-2.076531,-46.575396,1135339,1142762727,224025011,156232,0.918399,-0.010892,0.02052,-0.394972,1135339,0.041784,0.034029,-0.009341,0.042393684387207,114.2762727,22.4025011,156.232,-0.0008069999999946,-0.0006281000000001,38.992,-69.71910000001458,-82.81656989158282,115.06395272812182,39.83249739909709,0.0546912221293326,224.424604,IP15,223.6031776177753,78.20891734589762,-5.894099999867564,-5.613498930314094,-38.992,39.83249739909709,0.9499129292183546
2481,IP15_MAC,A	E	TR4c_1	TR4c_2	TR6c_1	TR6c_2	TR8c_1	TR8c_2	TRc0_1	TRc0_2	TR60_1	TR60_2,N	N	-87	-76	-82	-77	-80	-79	-82	-65	-76	-75,"[-87, -76, -82, -77, -80, -79, -82, -65, -76, -75]",-87,-76,-82,-77,-80,-79,-82,-65,-76,-75,89,60,1135539,1.404756,-2.806756,-51.108001,1135339,1142762727,224025011,156232,0.901984,-0.016807,0.021618,-0.430899,1135339,0.041784,0.034029,-0.009341,0.0414931774139404,114.2762727,22.4025011,156.232,-0.0008069999999946,-0.0006281000000001,38.992,-69.71910000001458,-82.81656989158282,115.06395272812182,39.83249739909709,0.0546912221293326,219.891999,IP15,223.6031776177753,78.20891734589762,-5.894099999867564,-5.613498930314094,-38.992,39.83249739909709,0.949709175662128
2482,IP15_MAC,A	E	TR4c_1	TR4c_2	TR6c_1	TR6c_2	TR8c_1	TR8c_2	TRc0_1	TRc0_2	TR60_1	TR60_2,N	N	-87	-79	-85	-78	-80	-84	-87	-64	-77	-76,"[-87, -79, -85, -78, -80, -84, -87, -64, -77, -76]",-87,-79,-85,-78,-80,-84,-87,-64,-77,-76,89,60,1135539,1.404756,-2.806756,-51.108001,1135539,1142762728,224025015,156231,0.901984,-0.016807,0.021618,-0.430899,1135539,0.050301,0.040185,-0.006166,0.0454459190368652,114.2762728,22.4025015,156.231,-0.0008069000000006,-0.000627699999999,38.991,-69.67469999989007,-82.80630737756938,115.02932861919686,39.83956018874469,0.0646764592568269,219.891999,IP15,223.44072556243617,78.15334969341514,-5.938499999992075,-5.623761444327528,-38.991,39.83956018874469,0.9500292175094848
2484,IP15_MAC,A	E	TR4c_1	TR4c_2	TR6c_1	TR6c_2	TR8c_1	TR8c_2	TRc0_1	TRc0_2	TR60_1	TR60_2,N	N	-87	-86	-127	-127	-80	-86	-84	-65	-76	-76,"[-87, -86, -127, -127, -80, -86, -84, -65, -76, -76]",-87,-86,-127,-127,-80,-86,-84,-65,-76,-76,90,60,1135939,1.548366,-3.38119,-60.314835,1135739,1142762728,224025019,156235,0.864413,-0.018721,0.026495,-0.501735,1135739,0.051669,0.030923,-0.006687,0.040694236755371,114.2762728,22.4025019,156.235,-0.0008069000000006,-0.0006272999999978,38.99500000000002,-69.63029999976555,-82.80630713926544,115.00379648124542,39.850116848943244,0.0605857529374687,209.685165,IP15,223.22769482640047,78.10908598583872,-5.982900000116587,-5.623761682631468,-38.99500000000002,39.850116848943244,0.9476019972093646
2486,IP15_MAC,A	E	TR4c_1	TR4c_2	TR6c_1	TR6c_2	TR8c_1	TR8c_2	TRc0_1	TRc0_2	TR60_1	TR60_2,N	N	-88	-85	-86	-83	-82	-87	-82	-65	-75	-75,"[-88, -85, -86, -83, -82, -87, -82, -65, -75, -75]",-88,-85,-86,-83,-82,-87,-82,-65,-75,-75,89,60,1136139,1.736689,-3.418293,-64.619585,1135939,1142762728,224025023,156232,0.844961,-0.017108,0.02874,-0.533781,1135939,0.0528,0.023412,-0.010477,0.0397074222564697,114.2762728,22.4025023,156.232,-0.0008069000000006,-0.0006269000000003,38.992,-69.5859000000354,-82.80630690096149,114.97590184639192,39.85387192521595,0.0587003345220451,206.380415,IP15,223.0163361727639,78.06260615884396,-6.027299999846747,-5.623761920935422,-38.992,39.85387192521595,0.9463894106070264
2487,IP15_MAC,A	E	TR4c_1	TR4c_2	TR6c_1	TR6c_2	TR8c_1	TR8c_2	TRc0_1	TRc0_2	TR60_1	TR60_2,N	N	-90	-85	-87	-84	-81	-86	-79	-65	-75	-76,"[-90, -85, -87, -84, -81, -86, -79, -65, -75, -76]",-90,-85,-87,-84,-81,-86,-79,-65,-75,-76,89,60,1136339,1.174921,-3.803962,-68.59552,1136139,1142762728,224025027,156226,0.825838,-0.021643,0.027164,-0.562836,1136139,0.057902,0.026383,-0.023247,0.0409903526306152,114.2762728,22.4025027,156.226,-0.0008069000000006,-0.0006264999999991,38.986,-69.54149999991088,-82.80630666265752,114.94700014070696,39.854741721824574,0.0677430978181541,202.40448,IP15,222.80663567354335,78.01508310037646,-6.071699999971258,-5.623762159239391,-38.986,39.854741721824574,0.9444619442530195
2488,IP15_MAC,A	E	TR4c_1	TR4c_2	TR6c_1	TR6c_2	TR8c_1	TR8c_2	TRc0_1	TRc0_2	TR60_1	TR60_2,N	N	-88	-81	-89	-85	-80	-85	-77	-65	-76	-75,"[-88, -81, -89, -85, -80, -85, -77, -65, -76, -75]",-88,-81,-89,-85,-80,-85,-77,-65,-76,-75,89,60,1136339,1.174921,-3.803962,-68.59552,1136139,1142762728,224025027,156226,0.825838,-0.021643,0.027164,-0.562836,1136139,0.057902,0.026383,-0.023247,0.0389192104339599,114.2762728,22.4025027,156.226,-0.0008069000000006,-0.0006264999999991,38.986,-69.54149999991088,-82.80630666265752,114.94700014070696,39.854741721824574,0.0677430978181541,202.40448,IP15,222.80663567354335,78.01508310037646,-6.071699999971258,-5.623762159239391,-38.986,39.854741721824574,0.9444619442530195
2489,IP15_MAC,A	E	TR4c_1	TR4c_2	TR6c_1	TR6c_2	TR8c_1	TR8c_2	TRc0_1	TRc0_2	TR60_1	TR60_2,N	N	-87	-79	-85	-86	-79	-84	-77	-65	-76	-75,"[-87, -79, -85, -86, -79, -84, -77, -65, -76, -75]",-87,-79,-85,-86,-79,-84,-77,-65,-76,-75,89,60,1136539,0.779136,-3.815828,-72.20371,1136339,1142762728,224025031,156222,0.807665,-0.022895,0.025104,-0.588662,1136339,0.043268,0.022007,-0.031579,0.041736364364624,114.2762728,22.4025031,156.222,-0.0008069000000006,-0.000626099999998,38.98200000000001,-69.49709999978637,-82.80630642435355,114.91878704556645,39.8576179257516,0.0579108030854347,198.79629,IP15,222.59857944631088,77.96800685189292,-6.11610000009577,-5.623762397543359,-38.98200000000001,39.8576179257516,0.9423635758782208
2490,IP15_MAC,A	E	TR4c_1	TR4c_2	TR6c_1	TR6c_2	TR8c_1	TR8c_2	TRc0_1	TRc0_2	TR60_1	TR60_2,N	N	-89	-80	-86	-86	-79	-84	-78	-65	-78	-77,"[-89, -80, -86, -86, -79, -84, -78, -65, -78, -77]",-89,-80,-86,-86,-79,-84,-78,-65,-78,-77,89,60,1136539,0.779136,-3.815828,-72.20371,1136539,1142762727,224025034,156214,0.807665,-0.022895,0.025104,-0.588662,1136539,0.02746,0.003591,-0.031239,0.0417490005493164,114.2762727,22.4025034,156.214,-0.0008069999999946,-0.0006257999999981,38.974,-69.46379999979158,-82.81656852116524,114.90333419023096,39.853471391930576,0.0417471196850752,198.79629,IP15,222.39149586470555,77.94083283205282,-6.149400000090566,-5.613500300731673,-38.974,39.853471391930576,0.9426417988296272
2491,IP15_MAC,A	E	TR4c_1	TR4c_2	TR6c_1	TR6c_2	TR8c_1	TR8c_2	TRc0_1	TRc0_2	TR60_1	TR60_2,N	N	-88	-80	-127	-127	-83	-84	-127	-127	-79	-78,"[-88, -80, -127, -127, -83, -84, -127, -127, -79, -78]",-88,-80,-127,-127,-83,-84,-127,-127,-79,-78,2,30,1136739,0.940009,-3.32838,-75.840521,1136739,1142762726,224025037,156206,0.788684,-0.01787,0.024313,-0.614058,1136739,0.021438,-0.00539,-0.02333,0.0418810844421386,114.2762726,22.4025037,156.206,-0.0008071000000029,-0.0006254999999981,38.966,-69.43049999979678,-82.82683061939098,114.887890383082,39.84935650227087,0.0321392103823351,282.15947900000003,IP15,222.18528961442064,77.91350089237282,-6.182700000085362,-5.603238202505935,-38.966,39.84935650227087,0.5796547679111915
2492,IP15_MAC,A	E	TR4c_1	TR4c_2	TR6c_1	TR6c_2	TR8c_1	TR8c_2	TRc0_1	TRc0_2	TR60_1	TR60_2,N	N	-88	-80	-85	-87	-83	-84	-127	-127	-79	-78,"[-88, -80, -85, -87, -83, -84, -127, -127, -79, -78]",-88,-80,-85,-87,-83,-84,-127,-127,-79,-78,59,30,1136939,0.679795,-3.24019,-79.465829,1136739,1142762726,224025037,156206,0.768851,-0.017951,0.022629,-0.638775,1136739,0.021438,-0.00539,-0.02333,0.0423290729522705,114.2762726,22.4025037,156.206,-0.0008071000000029,-0.0006254999999981,38.966,-69.43049999979678,-82.82683061939098,114.887890383082,39.84935650227087,0.0321392103823351,221.534171,IP15,222.18528961442064,77.91350089237282,-6.182700000085362,-5.603238202505935,-38.966,39.84935650227087,0.6702400557660414
2493,IP15_MAC,A	E	TR4c_1	TR4c_2	TR6c_1	TR6c_2	TR8c_1	TR8c_2	TRc0_1	TRc0_2	TR60_1	TR60_2,N	N	-88	-81	-127	-127	-85	-84	-78	-66	-77	-80,"[-88, -81, -127, -127, -85, -84, -78, -66, -77, -80]",-88,-81,-127,-127,-85,-84,-78,-66,-77,-80,89,60,1136939,0.679795,-3.24019,-79.465829,1136939,1142762724,224025040,156197,0.768851,-0.017951,0.022629,-0.638775,1136939,0.026459,-0.007142,-0.0195,0.0440213680267334,114.2762724,22.402504,156.197,-0.0008073000000052,-0.0006251999999982,38.95700000000001,-69.39719999980198,-82.84735499306777,114.87951708707654,39.84285630694162,0.0336353511205101,191.534171,IP15,221.92764472943512,77.89535645153752,-6.216000000080157,-5.582713828829142,-38.95700000000001,39.84285630694162,0.9372100623911356
2494,IP15_MAC,A	E	TR4c_1	TR4c_2	TR6c_1	TR6c_2	TR8c_1	TR8c_2	TRc0_1	TRc0_2	TR60_1	TR60_2,N	N	-88	-81	-84	-86	-85	-84	-78	-66	-77	-80,"[-88, -81, -84, -86, -85, -84, -78, -66, -77, -80]",-88,-81,-84,-86,-85,-84,-78,-66,-77,-80,89,60,1137139,0.736703,-3.301519,-83.209936,1136939,1142762724,224025040,156197,0.747573,-0.017273,0.02393,-0.663523,1136939,0.026459,-0.007142,-0.0195,0.0447263717651367,114.2762724,22.402504,156.197,-0.0008073000000052,-0.0006251999999982,38.95700000000001,-69.39719999980198,-82.84735499306777,114.87951708707654,39.84285630694162,0.0336353511205101,187.790064,IP15,221.92764472943512,77.89535645153752,-6.216000000080157,-5.582713828829142,-38.95700000000001,39.84285630694162,0.9335530506871628
2495,IP15_MAC,A	E	TR4c_1	TR4c_2	TR6c_1	TR6c_2	TR8c_1	TR8c_2	TRc0_1	TRc0_2	TR60_1	TR60_2,N	N	-89	-81	-84	-89	-86	-84	-76	-66	-76	-80,"[-89, -81, -84, -89, -86, -84, -76, -66, -76, -80]",-89,-81,-84,-89,-86,-84,-76,-66,-76,-80,89,60,1137539,-0.116547,-3.852919,-90.873939,1137539,1142762720,224025047,156200,0.701314,-0.024312,0.023235,-0.712059,1137539,0.040657,0.016,0.001482,0.0389690399169921,114.276272,22.4025047,156.2,-0.0008076999999957,-0.0006244999999971,38.96,-69.31949999968268,-82.88840367906212,114.86323234468531,39.85225604966199,0.0437171359194538,180.126061,IP15,221.36423776684748,77.85298521868611,-6.293700000199465,-5.541665142834788,-38.96,39.85225604966199,0.9257515658103842
2500,IP15_MAC,A	E	TR4c_1	TR4c_2	TR6c_1	TR6c_2	TR8c_1	TR8c_2	TRc0_1	TRc0_2	TR60_1	TR60_2,N	N	-86	-85	-83	-83	-89	-89	-83	-85	-81	-85,"[-86, -85, -83, -83, -89, -89, -83, -85, -81, -85]",-86,-85,-83,-83,-89,-89,-83,-85,-81,-85,358,30,1140939,-1.993789,-3.661526,-129.16749,1140939,1142762677,224025053,156216,0.42848,-0.029415,0.021384,-0.902819,1140939,-0.000828,-0.061167,-0.008549,0.0449821949005126,114.2762677,22.4025053,156.216,-0.0008119999999962,-0.0006238999999972,38.97600000000001,-69.25289999969308,-83.32968118967531,115.14742073333828,39.81954226370922,0.0617670856848532,232.83251,IP15,218.72647176585585,78.18557482280909,-6.360300000189056,-5.100387632221597,-38.97600000000001,39.81954226370922,0.661373522789088
2508,IP15_MAC,A	E	TR4c_1	TR4c_2	TR6c_1	TR6c_2	TR8c_1	TR8c_2	TRc0_1	TRc0_2	TR60_1	TR60_2,N	N	-89	-86	-84	-83	-83	-81	-81	-84	-75	-87,"[-89, -86, -84, -83, -83, -81, -81, -84, -75, -87]",-89,-86,-84,-83,-83,-81,-81,-84,-75,-87,359,30,1143339,-2.669082,-3.442262,-137.051529,1143139,1142762663,224025050,156211,0.365249,-0.032655,0.019416,-0.930134,1143139,0.01768,-0.001856,-0.017359,0.0471820831298828,114.2762663,22.402505,156.211,-0.0008133999999984,-0.0006241999999971,38.97100000000002,-69.28619999968788,-83.47335323418446,115.26975774918452,39.79118997240384,0.0248467707559755,223.94847100000004,IP15,218.0759558740055,78.34666542916223,-6.327000000194261,-4.956715587712452,-38.97100000000002,39.79118997240384,0.6637040021089455
2517,IP15_MAC,A	E	TR4c_1	TR4c_2	TR6c_1	TR6c_2	TR8c_1	TR8c_2	TRc0_1	TRc0_2	TR60_1	TR60_2,N	N	-89	-89	-90	-81	-87	-87	-79	-83	-84	-80,"[-89, -89, -90, -81, -87, -87, -79, -83, -84, -80]",-89,-89,-90,-81,-87,-87,-79,-83,-84,-80,58,30,1145939,-4.844248,-2.880405,-134.101913,1145939,1142762665,224025055,156171,0.388542,-0.048692,0.006646,-0.920119,1145939,-0.120598,-0.153621,0.000385,0.050443410873413,114.2762665,22.4025055,156.171,-0.000813199999996,-0.0006236999999984,38.931,-69.230699999828,-83.4528283816773,115.20801685806364,39.7634504243589,0.1953034497135163,167.898087,IP15,217.9480375328767,78.2554771133172,-6.3825000000541365,-4.977240440219603,-38.931,39.7634504243589,0.6027239345406697
2518,IP15_MAC,A	E	TR4c_1	TR4c_2	TR6c_1	TR6c_2	TR8c_1	TR8c_2	TRc0_1	TRc0_2	TR60_1	TR60_2,N	N	-88	-86	-127	-127	-88	-83	-74	-80	-81	-79,"[-88, -86, -127, -127, -88, -83, -74, -80, -81, -79]",-88,-86,-127,-127,-88,-83,-74,-80,-81,-79,331,59,1146539,-6.343151,-3.342737,-133.911938,1146339,1142762657,224025053,156168,0.389267,-0.062285,0.005145,-0.919002,1146339,-0.174534,-0.241062,-0.004221,0.043492317199707,114.2762657,22.4025053,156.168,-0.0008140000000054,-0.0006238999999972,38.92800000000001,-69.25289999969308,-83.53492671078804,115.27982183775364,39.7467610803743,0.2976421036093516,255.08806200000004,IP15,217.5833245150997,78.3503278469622,-6.360300000189056,-4.895142111108868,-38.92800000000001,39.7467610803743,0.9220137524160807
2519,IP15_MAC,A	E	TR4c_1	TR4c_2	TR6c_1	TR6c_2	TR8c_1	TR8c_2	TRc0_1	TRc0_2	TR60_1	TR60_2,N	N	-88	-86	-87	-81	-88	-83	-74	-80	-81	-79,"[-88, -86, -87, -81, -88, -83, -74, -80, -81, -79]",-88,-86,-87,-81,-88,-83,-74,-80,-81,-79,331,60,1146539,-6.343151,-3.342737,-133.911938,1146339,1142762657,224025053,156168,0.389267,-0.062285,0.005145,-0.919002,1146339,-0.174534,-0.241062,-0.004221,0.0438044071197509,114.2762657,22.4025053,156.168,-0.0008140000000054,-0.0006238999999972,38.92800000000001,-69.25289999969308,-83.53492671078804,115.27982183775364,39.7467610803743,0.2976421036093516,255.08806200000004,IP15,217.5833245150997,78.3503278469622,-6.360300000189056,-4.895142111108868,-38.92800000000001,39.7467610803743,0.9282804439323812
2520,IP15_MAC,A	E	TR4c_1	TR4c_2	TR6c_1	TR6c_2	TR8c_1	TR8c_2	TRc0_1	TRc0_2	TR60_1	TR60_2,N	N	-85	-83	-87	-79	-85	-81	-73	-79	-83	-77,"[-85, -83, -87, -79, -85, -81, -73, -79, -83, -77]",-85,-83,-87,-79,-85,-81,-73,-79,-83,-77,331,60,1146539,-6.343151,-3.342737,-133.911938,1146539,1142762652,224025050,156165,0.389267,-0.062285,0.005145,-0.919002,1146539,-0.21354,-0.291333,-0.011865,0.0429701805114746,114.2762652,22.402505,156.165,-0.0008145000000041,-0.0006241999999971,38.925,-69.28619999968788,-83.58623827111302,115.33599769244653,39.73221927362182,0.3614070097742987,255.08806200000004,IP15,217.4369796867897,78.43088835095162,-6.327000000194261,-4.843830550783892,-38.925,39.73221927362182,0.9278229922139012
2522,IP15_MAC,A	E	TR4c_1	TR4c_2	TR6c_1	TR6c_2	TR8c_1	TR8c_2	TRc0_1	TRc0_2	TR60_1	TR60_2,N	N	-86	-85	-84	-81	-84	-86	-78	-78	-78	-79,"[-86, -85, -84, -81, -84, -86, -78, -78, -78, -79]",-86,-85,-84,-81,-84,-86,-78,-78,-78,-79,1,30,1146739,-8.102313,-3.201883,-133.933277,1146539,1142762652,224025050,156165,0.3884,-0.075888,-0.001991,-0.918359,1146539,-0.21354,-0.291333,-0.011865,0.0427668094635009,114.2762652,22.402505,156.165,-0.0008145000000041,-0.0006241999999971,38.925,-69.28619999968788,-83.58623827111302,115.33599769244653,39.73221927362182,0.3614070097742987,225.066723,IP15,217.4369796867897,78.43088835095162,-6.327000000194261,-4.843830550783892,-38.925,39.73221927362182,0.6619853323966746
2523,IP15_MAC,A	E	TR4c_1	TR4c_2	TR6c_1	TR6c_2	TR8c_1	TR8c_2	TRc0_1	TRc0_2	TR60_1	TR60_2,N	N	-82	-90	-82	-80	-82	-87	-81	-85	-79	-75,"[-82, -90, -82, -80, -82, -87, -81, -85, -79, -75]",-82,-90,-82,-80,-82,-87,-81,-85,-79,-75,59,29,1146739,-8.102313,-3.201883,-133.933277,1146739,1142762646,224025047,156173,0.3884,-0.075888,-0.001991,-0.918359,1146739,-0.295733,-0.38028,-0.000115,0.0432469844818115,114.2762646,22.4025047,156.173,-0.0008150999999969,-0.0006244999999971,38.93300000000001,-69.31949999968268,-83.64781210710316,115.40332767953984,39.72730959904913,0.4817373754588697,167.066723,IP15,217.22932102496603,78.52337386987969,-6.293700000199465,-4.782256714793746,-38.93300000000001,39.72730959904913,0.5865963990396788
2525,IP15_MAC,A	E	TR4c_1	TR4c_2	TR6c_1	TR6c_2	TR8c_1	TR8c_2	TRc0_1	TRc0_2	TR60_1	TR60_2,N	N	-85	-87	-80	-79	-89	-84	-84	-82	-83	-76,"[-85, -87, -80, -79, -89, -84, -84, -82, -83, -76]",-85,-87,-80,-79,-89,-84,-84,-82,-83,-76,59,30,1146939,-8.532181,-3.211761,-133.981215,1146939,1142762638,224025041,156183,0.387807,-0.079361,-0.003349,-0.918312,1146939,-0.405463,-0.493103,0.004934,0.0451633930206298,114.2762638,22.4025041,156.183,-0.0008159000000063,-0.000625099999997,38.943,-69.38609999967227,-83.72991067792896,115.50621656126772,39.71681646344432,0.6384161317933625,167.018785,IP15,217.0451713929408,78.67137878228615,-6.227100000209873,-4.700158143967954,-38.943,39.71681646344432,0.5995483903206947
2528,IP15_MAC,A	E	TR4c_1	TR4c_2	TR6c_1	TR6c_2	TR8c_1	TR8c_2	TRc0_1	TRc0_2	TR60_1	TR60_2,N	N	-81	-85	-85	-79	-84	-84	-77	-82	-79	-76,"[-81, -85, -85, -79, -84, -84, -77, -82, -79, -76]",-81,-85,-85,-79,-84,-84,-77,-82,-79,-76,0,30,1147539,-7.84975,-2.921606,-133.838194,1147339,1142762617,224025025,156155,0.389458,-0.072914,-0.003434,-0.918147,1147339,-0.613166,-0.681838,-0.003409,0.0451147556304931,114.2762617,22.4025025,156.155,-0.0008179999999953,-0.0006266999999979,38.915000000000006,-69.56369999977596,-83.94541944117194,115.75974700997372,39.63692414049458,0.9169990311232612,226.161806,IP15,216.55048783912284,79.04796513401615,-6.049500000106178,-4.484649380724974,-38.915000000000006,39.63692414049458,0.6531174470261669
2531,IP15_MAC,A	E	TR4c_1	TR4c_2	TR6c_1	TR6c_2	TR8c_1	TR8c_2	TRc0_1	TRc0_2	TR60_1	TR60_2,N	N	-85	-84	-90	-80	-85	-84	-78	-78	-78	-81,"[-85, -84, -90, -80, -85, -84, -78, -78, -78, -81]",-85,-84,-90,-80,-85,-84,-78,-78,-78,-81,1,31,1147939,-7.609073,-2.900674,-133.990901,1147739,1142762589,224025001,156151,0.388352,-0.070921,-0.002682,-0.918774,1147739,-0.775617,-0.857679,-0.002314,0.0428271293640136,114.2762589,22.4025001,156.151,-0.0008207999999996,-0.0006290999999976,38.911000000000016,-69.83009999973433,-84.23276463009769,116.12694529781766,39.5616926974846,1.15637379437879,225.009099,IP15,215.97169207467056,79.59396640480648,-5.783100000147812,-4.197304191799219,-38.911000000000016,39.5616926974846,0.6594688688706032
2532,IP15_MAC,A	E	TR4c_1	TR4c_2	TR6c_1	TR6c_2	TR8c_1	TR8c_2	TRc0_1	TRc0_2	TR60_1	TR60_2,N	N	-87	-85	-88	-83	-88	-85	-78	-88	-82	-83,"[-87, -85, -88, -83, -88, -85, -78, -88, -82, -83]",-87,-85,-88,-83,-88,-85,-78,-88,-82,-83,330,60,1147939,-7.609073,-2.900674,-133.990901,1147739,1142762589,224025001,156151,0.388352,-0.070921,-0.002682,-0.918774,1147739,-0.775617,-0.857679,-0.002314,0.0416219234466552,114.2762589,22.4025001,156.151,-0.0008207999999996,-0.0006290999999976,38.911000000000016,-69.83009999973433,-84.23276463009769,116.12694529781766,39.5616926974846,1.15637379437879,256.009099,IP15,215.97169207467056,79.59396640480648,-5.783100000147812,-4.197304191799219,-38.911000000000016,39.5616926974846,0.920926013355237
2534,IP15_MAC,A	E	TR4c_1	TR4c_2	TR6c_1	TR6c_2	TR8c_1	TR8c_2	TRc0_1	TRc0_2	TR60_1	TR60_2,N	N	-90	-80	-88	-86	-86	-85	-80	-83	-83	-87,"[-90, -80, -88, -86, -86, -85, -80, -83, -83, -87]",-90,-80,-88,-86,-86,-85,-80,-83,-83,-87,180,90,1148139,-7.263249,-2.861142,-134.048019,1148139,1142762553,224024970,156142,0.388064,-0.068019,-0.001784,-0.919117,1148139,-0.942608,-1.011182,0.007775,0.0445971488952636,114.2762553,22.402497,156.142,-0.000824399999999,-0.0006321999999983,38.902,-70.174199999812,-84.60220846708202,116.59896066055316,39.46645208144161,1.3824106949141417,45.95198099999999,IP15,215.1371231989441,80.29811553875774,-5.439000000070138,-3.827860354814888,-38.902,39.46645208144161,0.9856979269310344
2536,IP15_MAC,A	E	TR4c_1	TR4c_2	TR6c_1	TR6c_2	TR8c_1	TR8c_2	TRc0_1	TRc0_2	TR60_1	TR60_2,N	N	-87	-84	-83	-93	-82	-85	-83	-86	-79	-85,"[-87, -84, -83, -93, -82, -85, -83, -86, -79, -85]",-87,-84,-83,-93,-82,-85,-83,-86,-79,-85,2,30,1148539,-4.53783,-2.684668,-134.303733,1148539,1142762512,224024933,156125,0.387104,-0.045559,0.006199,-0.920889,1148539,-1.031439,-1.065495,-0.004299,0.0441730022430419,114.2762512,22.4024933,156.125,-0.0008284999999972,-0.0006358999999989,38.885000000000005,-70.58489999987927,-85.02296407169231,117.14595918139574,39.35651647019711,1.4829580193474796,223.696267,IP15,214.1210098628512,81.12205831746051,-5.028300000002872,-3.407104750204596,-38.885000000000005,39.35651647019711,0.6258013265775806
2537,IP15_MAC,A	E	TR4c_1	TR4c_2	TR6c_1	TR6c_2	TR8c_1	TR8c_2	TRc0_1	TRc0_2	TR60_1	TR60_2,N	N	-87	-81	-85	-83	-83	-86	-76	-79	-88	-88,"[-87, -81, -85, -83, -83, -86, -76, -79, -88, -88]",-87,-81,-85,-83,-83,-86,-76,-79,-88,-88,330,62,1148739,-3.901927,-2.613569,-134.400647,1148539,1142762512,224024933,156125,0.386549,-0.040206,0.007819,-0.921359,1148539,-1.031439,-1.065495,-0.004299,0.0401484966278076,114.2762512,22.4024933,156.125,-0.0008284999999972,-0.0006358999999989,38.885000000000005,-70.58489999987927,-85.02296407169231,117.14595918139574,39.35651647019711,1.4829580193474796,255.599353,IP15,214.1210098628512,81.12205831746051,-5.028300000002872,-3.407104750204596,-38.885000000000005,39.35651647019711,0.9266519585787982
2542,IP15_MAC,A	E	TR4c_1	TR4c_2	TR6c_1	TR6c_2	TR8c_1	TR8c_2	TRc0_1	TRc0_2	TR60_1	TR60_2,N	N	-88	-85	-92	-87	-86	-86	-84	-81	-84	-89,"[-88, -85, -92, -87, -86, -86, -84, -81, -84, -89]",-88,-85,-92,-87,-86,-86,-84,-81,-84,-89,89,60,1150739,-1.790572,-3.175939,-133.955791,1150539,1142762372,224024810,155988,0.390569,-0.025211,0.01939,-0.920024,1150539,-0.063581,-0.117043,-0.100804,0.0405237674713134,114.2762372,22.402481,155.988,-0.0008425000000045,-0.0006481999999969,38.748000000000005,-71.9501999996659,-86.45969048883019,118.96855409483732,38.970597426483,0.1670420720237868,137.044209,IP15,208.27642211500256,83.87316610263791,-3.6630000002162433,-1.9703783330667195,-38.748000000000005,38.970597426483,0.8782479881234849
2543,IP15_MAC,A	E	TR4c_1	TR4c_2	TR6c_1	TR6c_2	TR8c_1	TR8c_2	TRc0_1	TRc0_2	TR60_1	TR60_2,N	N	-89	-86	-88	-89	-91	-90	-85	-80	-83	-87,"[-89, -86, -88, -89, -91, -90, -85, -80, -83, -87]",-89,-86,-88,-89,-91,-90,-85,-80,-83,-87,88,61,1150939,-1.808038,-3.415174,-133.904862,1150739,1142762369,224024808,155976,0.390919,-0.026176,0.021239,-0.919807,1150739,-0.030354,-0.077112,-0.057871,0.0452415943145751,114.2762369,22.4024808,155.976,-0.0008428000000009,-0.0006483999999993,38.736,-71.97239999992533,-86.4904774463222,119.0004485144574,38.95503992224741,0.1010775865412308,138.095138,IP15,208.0459101644837,83.92115386342212,-3.640799999956812,-1.9395913755747076,-38.736,38.95503992224741,0.8873025265500848
2545,IP15_MAC,A	E	TR4c_1	TR4c_2	TR6c_1	TR6c_2	TR8c_1	TR8c_2	TRc0_1	TRc0_2	TR60_1	TR60_2,N	N	-84	-82	-84	-93	-87	-88	-87	-80	-84	-86,"[-84, -82, -84, -93, -87, -88, -87, -80, -84, -86]",-84,-82,-84,-93,-87,-88,-87,-80,-84,-86,89,61,1151539,-1.727897,-3.428102,-133.507466,1151339,1142762363,224024804,155967,0.394127,-0.025652,0.021528,-0.918446,1151339,0.025006,0.010801,-0.076792,0.0440881252288818,114.2762363,22.4024804,155.967,-0.0008434000000079,-0.0006487999999968,38.72700000000002,-72.01679999965549,-86.55205136303036,119.06912952709035,38.93894671838774,0.0814798926177495,137.492534,IP15,207.573280368236,84.01924425456508,-3.596400000226652,-1.878017458866552,-38.72700000000002,38.93894671838774,0.887069155220958
2546,IP15_MAC,A	E	TR4c_1	TR4c_2	TR6c_1	TR6c_2	TR8c_1	TR8c_2	TRc0_1	TRc0_2	TR60_1	TR60_2,N	N	-84	-82	-85	-90	-88	-87	-86	-80	-84	-93,"[-84, -82, -85, -90, -88, -87, -86, -80, -84, -93]",-84,-82,-85,-90,-88,-87,-86,-80,-84,-93,181,89,1151539,-1.727897,-3.428102,-133.507466,1151339,1142762363,224024804,155967,0.394127,-0.025652,0.021528,-0.918446,1151339,0.025006,0.010801,-0.076792,0.0408244132995605,114.2762363,22.4024804,155.967,-0.0008434000000079,-0.0006487999999968,38.72700000000002,-72.01679999965549,-86.55205136303036,119.06912952709035,38.93894671838774,0.0814798926177495,45.49253399999998,IP15,207.573280368236,84.01924425456508,-3.596400000226652,-1.878017458866552,-38.72700000000002,38.93894671838774,0.9926752393443772
2547,IP15_MAC,A	E	TR4c_1	TR4c_2	TR6c_1	TR6c_2	TR8c_1	TR8c_2	TRc0_1	TRc0_2	TR60_1	TR60_2,N	N	-88	-81	-88	-89	-127	-127	-87	-79	-83	-90,"[-88, -81, -88, -89, -127, -127, -87, -79, -83, -90]",-88,-81,-88,-89,-127,-127,-87,-79,-83,-90,181,90,1151739,-1.569003,-3.536271,-133.501386,1151739,1142762363,224024804,155918,0.394199,-0.024752,0.022941,-0.918405,1151739,0.061925,0.048453,-0.405372,0.0425417423248291,114.2762363,22.4024804,155.918,-0.0008434000000079,-0.0006487999999968,38.67800000000001,-72.01679999965549,-86.55205136303036,119.05320139055073,38.89021376307205,0.4129271814957209,45.498613999999975,IP15,207.573280368236,84.0117224360243,-3.596400000226652,-1.878017458866552,-38.67800000000001,38.89021376307205,0.9945432605651155
2548,IP15_MAC,A	E	TR4c_1	TR4c_2	TR6c_1	TR6c_2	TR8c_1	TR8c_2	TRc0_1	TRc0_2	TR60_1	TR60_2,N	N	-86	-81	-89	-91	-127	-127	-83	-79	-81	-87,"[-86, -81, -89, -91, -127, -127, -83, -79, -81, -87]",-86,-81,-89,-91,-127,-127,-83,-79,-81,-87,181,90,1151939,-1.660358,-3.693283,-133.669216,1151739,1142762363,224024804,155918,0.392791,-0.025989,0.023922,-0.918949,1151739,0.061925,0.048453,-0.405372,0.0433878898620605,114.2762363,22.4024804,155.918,-0.0008434000000079,-0.0006487999999968,38.67800000000001,-72.01679999965549,-86.55205136303036,119.05320139055073,38.89021376307205,0.4129271814957209,45.330784,IP15,207.573280368236,84.0117224360243,-3.596400000226652,-1.878017458866552,-38.67800000000001,38.89021376307205,0.9945432605651155
2549,IP15_MAC,A	E	TR4c_1	TR4c_2	TR6c_1	TR6c_2	TR8c_1	TR8c_2	TRc0_1	TRc0_2	TR60_1	TR60_2,N	N	-87	-82	-91	-90	-127	-127	-84	-82	-83	-84,"[-87, -82, -91, -90, -127, -127, -84, -82, -83, -84]",-87,-82,-91,-90,-127,-127,-84,-82,-83,-84,181,90,1152139,-1.843834,-3.760884,-133.797524,1151939,1142762363,224024804,155836,0.391688,-0.027665,0.023865,-0.919372,1151939,0.072908,0.074452,-0.50217,0.0426230430603027,114.2762363,22.4024804,155.836,-0.0008434000000079,-0.0006487999999968,38.59600000000002,-72.01679999965549,-86.55205136303036,119.0265864978872,38.80866215856248,0.5128678052558964,45.20247599999999,IP15,207.573280368236,83.99909264528276,-3.596400000226652,-1.878017458866552,-38.59600000000002,38.80866215856248,0.9945202398966092
2550,IP15_MAC,A	E	TR4c_1	TR4c_2	TR6c_1	TR6c_2	TR8c_1	TR8c_2	TRc0_1	TRc0_2	TR60_1	TR60_2,N	N	-87	-82	-91	-90	-89	-89	-84	-82	-83	-84,"[-87, -82, -91, -90, -89, -89, -84, -82, -83, -84]",-87,-82,-91,-90,-89,-89,-84,-82,-83,-84,181,90,1152139,-1.843834,-3.760884,-133.797524,1151939,1142762363,224024804,155836,0.391688,-0.027665,0.023865,-0.919372,1151939,0.072908,0.074452,-0.50217,0.0427625179290771,114.2762363,22.4024804,155.836,-0.0008434000000079,-0.0006487999999968,38.59600000000002,-72.01679999965549,-86.55205136303036,119.0265864978872,38.80866215856248,0.5128678052558964,45.20247599999999,IP15,207.573280368236,83.99909264528276,-3.596400000226652,-1.878017458866552,-38.59600000000002,38.80866215856248,0.9945202398966092
2552,IP15_MAC,A	E	TR4c_1	TR4c_2	TR6c_1	TR6c_2	TR8c_1	TR8c_2	TRc0_1	TRc0_2	TR60_1	TR60_2,N	N	-88	-91	-85	-85	-89	-90	-82	-84	-92	-84,"[-88, -91, -85, -85, -89, -90, -82, -84, -92, -84]",-88,-91,-85,-85,-89,-90,-82,-84,-92,-84,329,59,1152739,-3.467845,-3.035961,-133.927335,1152539,1142762370,224024806,155548,0.39034,-0.038195,0.012527,-0.919793,1152539,0.095438,0.124361,-0.450921,0.0427219867706298,114.276237,22.4024806,155.548,-0.0008427000000068,-0.0006485999999981,38.30800000000001,-71.99459999979041,-86.48021529355223,118.86779601872396,38.527899744764994,0.4773927297372677,257.07266500000003,IP15,208.31765055229368,83.87552163583757,-3.618600000091732,-1.949853528344676,-38.30800000000001,38.527899744764994,0.8885016449561227
2553,IP15_MAC,A	E	TR4c_1	TR4c_2	TR6c_1	TR6c_2	TR8c_1	TR8c_2	TRc0_1	TRc0_2	TR60_1	TR60_2,N	N	-82	-83	-86	-89	-81	-83	-79	-84	-81	-88,"[-82, -83, -86, -89, -81, -83, -79, -84, -81, -88]",-82,-83,-86,-89,-81,-83,-79,-84,-81,-88,331,62,1153339,-4.524612,-3.174274,-133.833372,1153139,1142762380,224024811,155334,0.390687,-0.047148,0.009984,-0.919261,1153139,0.103445,0.096504,-0.115133,0.0405387878417968,114.276238,22.4024811,155.334,-0.0008416999999951,-0.0006480999999993,38.09400000000001,-71.93909999993053,-86.37759220330327,118.69067098824644,38.32576818642411,0.1823992810566971,255.166628,IP15,209.18920364645305,83.69568056937037,-3.674099999951608,-2.0524766185936443,-38.09400000000001,38.32576818642411,0.9134339837891098
2554,IP15_MAC,A	E	TR4c_1	TR4c_2	TR6c_1	TR6c_2	TR8c_1	TR8c_2	TRc0_1	TRc0_2	TR60_1	TR60_2,N	N	-87	-83	-89	-86	-84	-89	-77	-77	-82	-84,"[-87, -83, -89, -86, -84, -89, -77, -77, -82, -84]",-87,-83,-89,-86,-84,-89,-77,-77,-82,-84,87,61,1153739,-4.01424,-2.99722,-133.818931,1153539,1142762384,224024814,155325,0.391047,-0.042455,0.010307,-0.919333,1153539,0.076042,0.036888,0.122548,0.0444366931915283,114.2762384,22.4024814,155.325,-0.0008413000000047,-0.0006477999999994,38.085,-71.90579999993574,-86.33654290675297,118.63772561761438,38.322250593056005,0.1488661231173835,139.181069,IP15,209.45291489940087,83.62118374073162,-3.707399999946404,-2.0935259151439425,-38.085,38.322250593056005,0.887386896685206
2556,IP15_MAC,A	E	TR4c_1	TR4c_2	TR6c_1	TR6c_2	TR8c_1	TR8c_2	TRc0_1	TRc0_2	TR60_1	TR60_2,N	N	-82	-81	-89	-83	-87	-86	-78	-78	-84	-86,"[-82, -81, -89, -83, -87, -86, -78, -78, -84, -86]",-82,-81,-89,-83,-87,-86,-78,-78,-84,-86,180,90,1154139,-1.080503,-3.022055,-133.648314,1153939,1142762387,224024816,155341,0.393251,-0.019043,0.020528,-0.919005,1153939,0.052203,0.012265,0.066756,0.0415153503417968,114.2762387,22.4024816,155.341,-0.0008410000000083,-0.000647599999997,38.10100000000001,-71.8835999996763,-86.30575594961535,118.60700510487578,38.341998152689925,0.0856267888572262,46.35168599999997,IP15,209.66505856894787,83.57260696162605,-3.729600000205835,-2.124312872281564,-38.10100000000001,38.341998152689925,0.9937145124328112
2559,IP15_MAC,A	E	TR4c_1	TR4c_2	TR6c_1	TR6c_2	TR8c_1	TR8c_2	TRc0_1	TRc0_2	TR60_1	TR60_2,N	N	-80	-86	-90	-84	-85	-87	-76	-79	-82	-86,"[-80, -86, -90, -84, -85, -87, -76, -79, -82, -86]",-80,-86,-90,-84,-85,-87,-76,-79,-82,-86,330,60,1154339,2.204154,-3.070504,-133.629393,1154139,1142762389,224024817,155347,0.394045,0.007124,0.032192,-0.9185,1154139,0.051977,0.024607,0.044247,0.0432560443878173,114.2762389,22.4024817,155.347,-0.0008408000000059,-0.0006474999999994,38.10700000000001,-71.87249999994094,-86.28523133177968,118.58727103370008,38.35018400671076,0.0725596994687822,256.370607,IP15,209.82903843223397,83.54418361290922,-3.7406999999412,-2.144837490117226,-38.10700000000001,38.35018400671076,0.8992024741961115
2560,IP15_MAC,A	E	TR4c_1	TR4c_2	TR6c_1	TR6c_2	TR8c_1	TR8c_2	TRc0_1	TRc0_2	TR60_1	TR60_2,N	N	-127	-127	-127	-127	-127	-127	-75	-78	-127	-127,"[-127, -127, -127, -127, -127, -127, -75, -78, -127, -127]",-127,-127,-127,-127,-127,-127,-75,-78,-127,-127,329,60,1154539,2.600716,-2.928912,-133.777496,1154339,1142762389,224024818,155335,0.392901,0.010833,0.032403,-0.918946,1154339,0.139083,0.111991,0.006822,0.0459039211273193,114.2762389,22.4024818,155.335,-0.0008408000000059,-0.0006473999999982,38.09500000000001,-71.86139999981123,-86.2852312697008,118.57668813977992,38.33934475660537,0.1786969631918797,257.222504,IP15,209.75583803277715,83.52786267832916,-3.751800000070915,-2.1448375521961083,-38.09500000000001,38.33934475660537,0.8986064837738797
2561,IP15_MAC,A	E	TR4c_1	TR4c_2	TR6c_1	TR6c_2	TR8c_1	TR8c_2	TRc0_1	TRc0_2	TR60_1	TR60_2,N	N	-127	-127	-77	-76	-127	-127	-127	-127	-127	-127,"[-127, -127, -77, -76, -127, -127, -127, -127, -127, -127]",-127,-127,-77,-76,-127,-127,-127,-127,-127,-127,301,30,1154539,2.600716,-2.928912,-133.777496,1154339,1142762389,224024818,155335,0.392901,0.010833,0.032403,-0.918946,1154339,0.139083,0.111991,0.006822,0.0437526702880859,114.2762389,22.4024818,155.335,-0.0008408000000059,-0.0006473999999982,38.09500000000001,-71.86139999981123,-86.2852312697008,118.57668813977992,38.33934475660537,0.1786969631918797,285.222504,IP15,209.75583803277715,83.52786267832916,-3.751800000070915,-2.1448375521961083,-38.09500000000001,38.33934475660537,0.5213100723040567
2586,IP15_MAC,A	E	TR4c_1	TR4c_2	TR6c_1	TR6c_2	TR8c_1	TR8c_2	TRc0_1	TRc0_2	TR60_1	TR60_2,N	N	-91	-82	-85	-89	-87	-83	-83	-82	-82	-89,"[-91, -82, -85, -89, -87, -83, -83, -82, -82, -89]",-91,-82,-85,-89,-87,-83,-83,-82,-82,-89,181,90,1159739,-2.199945,-3.336926,-133.977158,1159539,1142762420,224024875,155415,0.390242,-0.029041,0.019289,-0.920052,1159539,-0.034626,-0.0404,0.02175,0.0418822765350341,114.276242,22.4024875,155.415,-0.0008377000000052,-0.0006416999999991,38.175,-71.2286999999101,-85.96709713412378,117.98813549821467,38.50481391702246,0.057482017849063,45.02284199999997,IP15,209.32488933077465,82.49544250690356,-4.384499999972036,-2.462971687773134,-38.175,38.50481391702246,0.9914344757584542
2587,IP15_MAC,A	E	TR4c_1	TR4c_2	TR6c_1	TR6c_2	TR8c_1	TR8c_2	TRc0_1	TRc0_2	TR60_1	TR60_2,N	N	-91	-81	-86	-90	-85	-84	-80	-78	-82	-89,"[-91, -81, -86, -90, -85, -84, -80, -78, -82, -89]",-91,-81,-86,-90,-85,-84,-80,-78,-82,-89,181,90,1159939,-2.700704,-3.606298,-134.077186,1159739,1142762418,224024874,155418,0.389206,-0.033959,0.019771,-0.920312,1159739,-0.009616,-0.031594,0.005941,0.0427894592285156,114.2762418,22.4024874,155.418,-0.0008379000000076,-0.0006418000000003,38.17800000000001,-71.23980000003982,-85.98762175087413,118.01076172289152,38.50521859765725,0.0335550856503153,44.92281400000002,IP15,209.18239149225025,82.5251091137613,-4.37339999984232,-2.442447071022784,-38.17800000000001,38.50521859765725,0.9915019675364952
2589,IP15_MAC,A	E	TR4c_1	TR4c_2	TR6c_1	TR6c_2	TR8c_1	TR8c_2	TRc0_1	TRc0_2	TR60_1	TR60_2,N	N	-88	-79	-86	-90	-84	-84	-78	-79	-83	-89,"[-88, -79, -86, -90, -84, -84, -78, -79, -83, -89]",-88,-79,-86,-90,-84,-84,-78,-79,-83,-89,180,90,1159939,-2.700704,-3.606298,-134.077186,1159739,1142762418,224024874,155418,0.389206,-0.033959,0.019771,-0.920312,1159739,-0.009616,-0.031594,0.005941,0.0413038730621337,114.2762418,22.4024874,155.418,-0.0008379000000076,-0.0006418000000003,38.17800000000001,-71.23980000003982,-85.98762175087413,118.01076172289152,38.50521859765725,0.0335550856503153,45.92281400000002,IP15,209.18239149225025,82.5251091137613,-4.37339999984232,-2.442447071022784,-38.17800000000001,38.50521859765725,0.9915019675364952
2590,IP15_MAC,A	E	TR4c_1	TR4c_2	TR6c_1	TR6c_2	TR8c_1	TR8c_2	TRc0_1	TRc0_2	TR60_1	TR60_2,N	N	-84	-79	-86	-90	-84	-84	-78	-79	-83	-89,"[-84, -79, -86, -90, -84, -84, -78, -79, -83, -89]",-84,-79,-86,-90,-84,-84,-78,-79,-83,-89,180,90,1160139,-6.814213,-3.360296,-134.018237,1159939,1142762417,224024874,155418,0.388202,-0.066113,0.003735,-0.919192,1159939,0.00225,0.000733,0.003506,0.0437400341033935,114.2762417,22.4024874,155.418,-0.0008380000000016,-0.0006418000000003,38.17800000000001,-71.23980000003982,-85.9978840275951,118.01823946013332,38.50456900722633,0.0042298729295334,45.981763,IP15,209.07980721096672,82.53247978361772,-4.37339999984232,-2.432184794301804,-38.17800000000001,38.50456900722633,0.99151869464725
2597,IP15_MAC,A	E	TR4c_1	TR4c_2	TR6c_1	TR6c_2	TR8c_1	TR8c_2	TRc0_1	TRc0_2	TR60_1	TR60_2,N	N	-86	-87	-91	-83	-85	-86	-80	-88	-82	-88,"[-86, -87, -91, -83, -85, -86, -80, -88, -82, -88]",-86,-87,-91,-83,-85,-86,-80,-88,-82,-88,330,60,1160939,-2.492728,-2.948152,-134.112679,1160739,1142762411,224024868,155436,0.389169,-0.030049,0.015204,-0.920551,1160739,-0.034941,-0.028403,-0.009119,0.0396547317504882,114.2762411,22.4024868,155.436,-0.0008386000000086,-0.0006424000000002,38.19600000000001,-71.30640000002941,-86.05945806379488,118.10913351302796,38.511072922020254,0.0459430087282058,255.887321,IP15,208.82989791333705,82.66589877438129,-4.306799999852728,-2.370610758102032,-38.19600000000001,38.511072922020254,0.9024235628477884
2599,IP15_MAC,A	E	TR4c_1	TR4c_2	TR6c_1	TR6c_2	TR8c_1	TR8c_2	TRc0_1	TRc0_2	TR60_1	TR60_2,N	N	-85	-86	-90	-85	-86	-87	-77	-89	-83	-87,"[-85, -86, -90, -85, -86, -87, -77, -89, -83, -87]",-85,-86,-90,-85,-86,-87,-77,-89,-83,-87,330,60,1161139,-3.213645,-2.877977,-134.113184,1160939,1142762410,224024867,155440,0.388977,-0.035598,0.012185,-0.920479,1160939,-0.008533,0.01021,-0.002509,0.0396835803985595,114.276241,22.4024867,155.44,-0.0008387000000027,-0.0006424999999978,38.2,-71.31749999976478,-86.06972040248401,118.12460614274327,38.51317025579735,0.0135407263468397,255.886816,IP15,208.7873733011401,82.68830649951948,-4.295700000117364,-2.360348419412901,-38.2,38.51317025579735,0.9023004279883852
2604,IP15_MAC,A	E	TR4c_1	TR4c_2	TR6c_1	TR6c_2	TR8c_1	TR8c_2	TRc0_1	TRc0_2	TR60_1	TR60_2,N	N	-83	-83	-86	-82	-84	-86	-77	-81	-85	-88,"[-83, -83, -86, -82, -84, -86, -77, -81, -85, -88]",-83,-83,-86,-82,-84,-86,-77,-81,-85,-88,330,61,1161739,-3.419485,-2.844816,-133.793644,1161539,1142762411,224024867,155451,0.391491,-0.037169,0.011114,-0.919364,1161539,0.004424,0.014675,0.000818,0.0453495979309082,114.2762411,22.4024867,155.451,-0.0008386000000086,-0.0006424999999978,38.211,-71.31749999976478,-86.05945812571133,118.12068684234576,38.52471096016007,0.0153491538854752,256.206356,IP15,208.8924029025408,82.6830863182136,-4.295700000117364,-2.3706106961855795,-38.211,38.52471096016007,0.909358887674994
2606,IP15_MAC,A	E	TR4c_1	TR4c_2	TR6c_1	TR6c_2	TR8c_1	TR8c_2	TRc0_1	TRc0_2	TR60_1	TR60_2,N	N	-84	-83	-89	-83	-85	-89	-77	-83	-84	-91,"[-84, -83, -89, -83, -85, -89, -77, -83, -84, -91]",-84,-83,-89,-83,-85,-89,-77,-83,-84,-91,330,61,1161939,-3.390769,-2.964941,-133.775447,1161739,1142762412,224024867,155451,0.391606,-0.037351,0.012171,-0.919294,1161739,0.012726,0.007273,0.001183,0.0432612895965576,114.2762412,22.4024867,155.451,-0.0008385000000004,-0.0006424999999978,38.211,-71.31749999976478,-86.0491958474803,118.11321024006786,38.52534380912538,0.0147053423625565,256.224553,IP15,208.9972204490256,82.67576001661745,-4.295700000117364,-2.3808729744166044,-38.211,38.52534380912538,0.9094549608726188
2609,IP15_MAC,A	E	TR4c_1	TR4c_2	TR6c_1	TR6c_2	TR8c_1	TR8c_2	TRc0_1	TRc0_2	TR60_1	TR60_2,N	N	-84	-82	-91	-85	-86	-86	-75	-85	-82	-89,"[-84, -82, -91, -85, -86, -86, -75, -85, -82, -89]",-84,-82,-91,-85,-86,-86,-75,-85,-82,-89,331,61,1162539,-3.010462,-3.295545,-133.842771,1162339,1142762412,224024866,155443,0.391081,-0.035423,0.016148,-0.919533,1162339,0.011468,-0.014142,0.004802,0.0450878143310546,114.2762412,22.4024866,155.443,-0.0008385000000004,-0.000642599999999,38.20300000000002,-71.3285999998945,-86.04919590938938,118.11732516272718,38.51617273283273,0.0188300396175897,255.15722900000003,IP15,209.060117549426,82.68856292490207,-4.284599999987648,-2.3808729125075274,-38.20300000000002,38.51617273283273,0.9102920659851346
2611,IP15_MAC,A	E	TR4c_1	TR4c_2	TR6c_1	TR6c_2	TR8c_1	TR8c_2	TRc0_1	TRc0_2	TR60_1	TR60_2,N	N	-84	-82	-86	-84	-84	-84	-74	-80	-83	-88,"[-84, -82, -86, -84, -84, -84, -74, -80, -83, -88]",-84,-82,-86,-84,-84,-84,-74,-80,-83,-88,330,61,1162539,-3.010462,-3.295545,-133.842771,1162339,1142762412,224024866,155443,0.391081,-0.035423,0.016148,-0.919533,1162339,0.011468,-0.014142,0.004802,0.0415616035461425,114.2762412,22.4024866,155.443,-0.0008385000000004,-0.000642599999999,38.20300000000002,-71.3285999998945,-86.04919590938938,118.11732516272718,38.51617273283273,0.0188300396175897,256.15722900000003,IP15,209.060117549426,82.68856292490207,-4.284599999987648,-2.3808729125075274,-38.20300000000002,38.51617273283273,0.9095097117582284
2614,IP15_MAC,A	E	TR4c_1	TR4c_2	TR6c_1	TR6c_2	TR8c_1	TR8c_2	TRc0_1	TRc0_2	TR60_1	TR60_2,N	N	-84	-85	-87	-85	-82	-86	-73	-84	-84	-89,"[-84, -85, -87, -85, -82, -86, -73, -84, -84, -89]",-84,-85,-87,-85,-82,-86,-73,-84,-84,-89,330,60,1163139,-2.836686,-3.06941,-133.863304,1162939,1142762412,224024865,155427,0.391038,-0.033255,0.014934,-0.919652,1162939,0.009542,-0.012209,-0.009338,0.0457425117492675,114.2762412,22.4024865,155.427,-0.0008385000000004,-0.0006427000000002,38.187,-71.33970000002421,-86.04919597129846,118.1188549402693,38.499069167702,0.0180916469399554,256.13669600000003,IP15,209.12326414810283,82.69985064044248,-4.273499999857933,-2.3808728505984504,-38.187,38.499069167702,0.902324413249416
2627,IP15_MAC,A	E	TR4c_1	TR4c_2	TR6c_1	TR6c_2	TR8c_1	TR8c_2	TRc0_1	TRc0_2	TR60_1	TR60_2,N	N	-87	-87	-86	-89	-87	-83	-75	-79	-83	-85,"[-87, -87, -86, -89, -87, -83, -75, -79, -83, -85]",-87,-87,-86,-89,-87,-83,-75,-79,-83,-85,331,60,1168139,-1.825614,-3.435638,-134.013879,1168139,1142762430,224024874,155437,0.390034,-0.026367,0.021368,-0.920175,1168139,0.047868,0.023708,-0.005026,0.0427906513214111,114.276243,22.4024874,155.437,-0.0008367000000077,-0.0006418000000003,38.19700000000002,-71.23980000003982,-85.86447442293047,117.927214335673,38.53206082184848,0.0536532884733079,254.98612100000005,IP15,210.3974255611292,82.43857680998443,-4.37339999984232,-2.56559439896644,-38.19700000000002,38.53206082184848,0.9053512665064474
2637,IP15_MAC,A	E	TR4c_1	TR4c_2	TR6c_1	TR6c_2	TR8c_1	TR8c_2	TRc0_1	TRc0_2	TR60_1	TR60_2,N	N	-90	-84	-85	-90	-84	-88	-83	-78	-85	-86,"[-90, -84, -85, -90, -84, -88, -83, -78, -85, -86]",-90,-84,-85,-90,-84,-88,-83,-78,-85,-86,89,60,1172539,-1.801549,-3.409113,-134.008073,1172539,1142762427,224024862,157064,0.390094,-0.026084,0.021236,-0.92016,1172539,-0.004576,-0.003996,1.074494,0.0479874610900878,114.2762427,22.4024862,157.064,-0.0008370000000041,-0.0006430000000001,39.824,-71.373000000019,-85.89526199613172,118.56665694193636,40.1292351993255,1.0745111743616258,136.991927,IP15,210.87113418892244,82.92868535409602,-4.240199999863137,-2.5348068257651875,-39.824,40.1292351993255,0.876528971966844
2638,IP15_MAC,A	E	TR4c_1	TR4c_2	TR6c_1	TR6c_2	TR8c_1	TR8c_2	TRc0_1	TRc0_2	TR60_1	TR60_2,N	N	-85	-87	-86	-86	-92	-85	-81	-86	-83	-89,"[-85, -87, -86, -86, -92, -85, -81, -86, -83, -89]",-85,-87,-86,-86,-92,-85,-81,-86,-83,-89,329,60,1173139,-2.069731,-2.994873,-133.908154,1173139,1142762431,224024861,157729,0.390916,-0.026842,0.016971,-0.919878,1173139,0.012714,0.00114,1.141549,0.0450303554534912,114.2762431,22.4024861,157.729,-0.0008365999999995,-0.0006430999999977,40.48900000000002,-71.38409999975437,-85.85421294774545,118.76866057446196,40.7906783627765,1.141620368072066,257.09184600000003,IP15,211.34471520696437,83.02735951900262,-4.229100000127772,-2.5758558741514577,-40.48900000000002,40.7906783627765,0.9019769259922568
2645,IP15_MAC,A	E	TR4c_1	TR4c_2	TR6c_1	TR6c_2	TR8c_1	TR8c_2	TRc0_1	TRc0_2	TR60_1	TR60_2,N	N	-91	-83	-90	-87	-88	-84	-81	-86	-87	-93,"[-91, -83, -90, -87, -88, -84, -81, -86, -87, -93]",-91,-83,-90,-87,-88,-84,-81,-86,-87,-93,178,90,1174539,-2.217612,-2.663255,-133.929643,1174339,1142762440,224024859,159098,0.390783,-0.026894,0.013809,-0.919986,1174339,0.012309,-0.00776,1.238842,0.0404133796691894,114.276244,22.4024859,159.098,-0.0008356999999961,-0.0006433000000001,41.85800000000002,-71.4063000000138,-85.76185257396395,119.1891236674316,42.15340495801765,1.23892745148576,48.070357,IP15,212.38481543970727,83.21290170146283,-4.206899999868341,-2.6682162479329605,-41.85800000000002,42.15340495801765,0.9929921448027308
2653,IP15_MAC,A	E	TR4c_1	TR4c_2	TR6c_1	TR6c_2	TR8c_1	TR8c_2	TRc0_1	TRc0_2	TR60_1	TR60_2,N	N	-87	-89	-86	-88	-89	-87	-84	-88	-88	-89,"[-87, -89, -86, -88, -89, -87, -84, -88, -88, -89]",-87,-89,-86,-88,-89,-87,-84,-88,-88,-89,328,60,1175539,-1.964337,-4.079891,-133.543668,1175539,1142762443,224024859,160715,0.393604,-0.029779,0.025945,-0.918431,1175539,0.042548,-0.045886,0.96243,0.0459802150726318,114.2762443,22.4024859,160.715,-0.0008353999999997,-0.0006433000000001,43.47500000000001,-71.4063000000138,-85.73106574201037,119.7445236240592,43.76137852300965,0.9644622139824868,258.456332,IP15,212.6828418351977,83.44157617184514,-4.206899999868341,-2.6990030798865376,-43.47500000000001,43.76137852300965,0.9001907969930852
2658,IP15_MAC,A	E	TR4c_1	TR4c_2	TR6c_1	TR6c_2	TR8c_1	TR8c_2	TRc0_1	TRc0_2	TR60_1	TR60_2,N	N	-87	-87	-86	-88	-88	-89	-79	-83	-85	-91,"[-87, -87, -86, -88, -88, -89, -79, -83, -85, -91]",-87,-87,-86,-88,-88,-89,-79,-83,-85,-91,330,60,1176339,-2.108152,-3.155351,-133.945627,1176339,1142762442,224024860,161023,0.390567,-0.027691,0.018137,-0.919979,1176339,0.049752,0.008825,-0.058171,0.0440599918365478,114.2762442,22.402486,161.023,-0.0008355000000079,-0.0006431999999989,43.783,-71.39519999988408,-85.7413279586129,119.85741942879407,44.06781070611379,0.0770519783652567,256.054373,IP15,212.51524917167492,83.48237709342683,-4.217999999998057,-2.68874086328401,-43.783,44.06781070611379,0.9015697771136044
2666,IP15_MAC,A	E	TR4c_1	TR4c_2	TR6c_1	TR6c_2	TR8c_1	TR8c_2	TRc0_1	TRc0_2	TR60_1	TR60_2,N	N	-86	-86	-85	-90	-90	-89	-83	-83	-86	-93,"[-86, -86, -85, -90, -90, -89, -83, -83, -86, -93]",-86,-86,-85,-90,-90,-89,-83,-83,-86,-93,330,62,1177339,-3.00884,-3.624399,-133.999385,1177339,1142762445,224024864,160974,0.389721,-0.036506,0.018842,-0.920016,1177339,0.041707,-0.012258,0.008667,0.0403676033020019,114.2762445,22.4024864,160.974,-0.0008351999999973,-0.0006427999999978,43.734,-71.35079999975957,-85.71054087856142,119.79105239666792,44.02529547879976,0.0443266206923108,256.00061500000004,IP15,212.53899085641956,83.40532929812471,-4.262400000122568,-2.7195279433354926,-43.734,44.02529547879976,0.9162399123012984
2668,IP15_MAC,A	E	TR4c_1	TR4c_2	TR6c_1	TR6c_2	TR8c_1	TR8c_2	TRc0_1	TRc0_2	TR60_1	TR60_2,N	N	-86	-86	-87	-93	-88	-90	-82	-84	-85	-94,"[-86, -86, -87, -93, -88, -90, -82, -84, -85, -94]",-86,-86,-87,-93,-88,-90,-82,-84,-85,-94,178,90,1177539,-3.080732,-3.53307,-133.992322,1177539,1142762445,224024865,160978,0.389783,-0.036773,0.017861,-0.919999,1177539,0.031274,-0.013414,0.019254,0.047126293182373,114.2762445,22.4024865,160.978,-0.0008351999999973,-0.0006427000000002,43.738000000000014,-71.33970000002421,-85.71054081689599,119.78590170474256,44.03034497728551,0.0390987849939099,48.007678,IP15,212.47145953676463,83.39382622495499,-4.273499999857933,-2.7195280050009245,-43.738000000000014,44.03034497728551,0.9933603750450668
2671,IP15_MAC,A	E	TR4c_1	TR4c_2	TR6c_1	TR6c_2	TR8c_1	TR8c_2	TRc0_1	TRc0_2	TR60_1	TR60_2,N	N	-91	-88	-91	-91	-89	-90	-82	-91	-84	-93,"[-91, -88, -91, -91, -89, -90, -82, -91, -84, -93]",-91,-88,-91,-91,-89,-90,-82,-91,-84,-93,331,60,1177739,-3.00048,-3.407737,-134.148048,1177739,1142762444,224024864,160989,0.388598,-0.03568,0.017177,-0.920556,1177739,0.017691,-0.016818,0.139403,0.0435395240783691,114.2762444,22.4024864,160.989,-0.0008353000000056,-0.0006427999999978,43.74900000000001,-71.35079999975957,-85.7208031568146,119.80387203865762,44.03956374903184,0.141523895558312,254.851952,IP15,212.44084596231176,83.41469472090292,-4.262400000122568,-2.709265665082313,-43.74900000000001,44.03956374903184,0.9026479615500104
2672,IP15_MAC,A	E	TR4c_1	TR4c_2	TR6c_1	TR6c_2	TR8c_1	TR8c_2	TRc0_1	TRc0_2	TR60_1	TR60_2,N	N	-89	-87	-89	-90	-90	-90	-83	-87	-85	-90,"[-89, -87, -89, -90, -90, -90, -83, -87, -85, -90]",-89,-87,-89,-90,-90,-90,-83,-87,-85,-90,331,60,1177939,-2.902294,-3.125068,-134.5539,1177739,1142762444,224024864,160989,0.385453,-0.033879,0.015361,-0.921977,1177739,0.017691,-0.016818,0.139403,0.0431854724884033,114.2762444,22.4024864,160.989,-0.0008353000000056,-0.0006427999999978,43.74900000000001,-71.35079999975957,-85.7208031568146,119.80387203865762,44.03956374903184,0.141523895558312,254.4461,IP15,212.44084596231176,83.41469472090292,-4.262400000122568,-2.709265665082313,-43.74900000000001,44.03956374903184,0.9029208391359284
2680,IP15_MAC,A	E	TR4c_1	TR4c_2	TR6c_1	TR6c_2	TR8c_1	TR8c_2	TRc0_1	TRc0_2	TR60_1	TR60_2,N	N	-88	-84	-127	-127	-89	-88	-78	-87	-85	-93,"[-88, -84, -127, -127, -89, -88, -78, -87, -85, -93]",-88,-84,-127,-127,-89,-88,-78,-87,-85,-93,330,61,1179339,-1.879396,-3.630565,-133.87799,1179139,1142762441,224024860,161772,0.391063,-0.027489,0.022717,-0.919673,1179139,-0.015692,-0.030071,0.009975,0.0442225933074951,114.2762441,22.402486,161.772,-0.000835600000002,-0.0006431999999989,44.532,-71.39519999988408,-85.75159023543726,120.140371378358,44.81143599058287,0.0353554031231437,256.12201,IP15,212.41601765884505,83.59807900098214,-4.217999999998057,-2.678478586459647,-44.532,44.81143599058287,0.9082435291175948
2681,IP15_MAC,A	E	TR4c_1	TR4c_2	TR6c_1	TR6c_2	TR8c_1	TR8c_2	TRc0_1	TRc0_2	TR60_1	TR60_2,N	N	-88	-84	-89	-86	-89	-88	-78	-87	-85	-93,"[-88, -84, -89, -86, -89, -88, -78, -87, -85, -93]",-88,-84,-89,-86,-89,-88,-78,-87,-85,-93,330,61,1179539,-1.721261,-4.02065,-133.978387,1179539,1142762440,224024858,161733,0.390214,-0.027528,0.026413,-0.919933,1179539,0.005167,-0.010547,-0.050321,0.0417037010192871,114.276244,22.4024858,161.733,-0.0008356999999961,-0.0006433999999977,44.49300000000001,-71.41739999974916,-85.76185263566629,120.14644164196422,44.76998061488948,0.051673398756033,256.021613,IP15,212.45332079590187,83.62334347054538,-4.1958000001329765,-2.668216186230623,-44.49300000000001,44.76998061488948,0.9082221711841488
2688,IP15_MAC,A	E	TR4c_1	TR4c_2	TR6c_1	TR6c_2	TR8c_1	TR8c_2	TRc0_1	TRc0_2	TR60_1	TR60_2,N	N	-83	-89	-87	-88	-87	-83	-82	-87	-82	-91,"[-83, -89, -87, -88, -87, -83, -82, -87, -82, -91]",-83,-89,-87,-88,-87,-83,-82,-87,-82,-91,210,60,1183739,-2.769127,-3.436178,-150.48414,1183739,1142762433,224024839,161775,0.25394,-0.03099,0.022827,-0.966454,1183739,0.042642,-0.025586,0.013469,0.0431606769561767,114.2762433,22.4024839,161.775,-0.0008363999999971,-0.0006452999999986,44.53500000000001,-71.62829999984766,-85.83368975124165,120.338696528509,44.78824440954136,0.0515208454996615,359.51586,IP15,213.0864309866521,83.90420447260449,-3.984900000034486,-2.59637907065526,-44.53500000000001,44.78824440954136,0.8168891710120836
2705,IP15_MAC,A	E	TR4c_1	TR4c_2	TR6c_1	TR6c_2	TR8c_1	TR8c_2	TRc0_1	TRc0_2	TR60_1	TR60_2,N	N	-87	-87	-88	-88	-89	-89	-85	-79	-127	-127,"[-87, -87, -88, -88, -89, -89, -85, -79, -127, -127]",-87,-87,-88,-88,-89,-89,-85,-79,-127,-127,89,60,1188339,0.962986,-4.614403,-103.526123,1188339,1142762447,224024855,161734,0.618709,-0.018321,0.036812,-0.784543,1188339,0.013998,0.008106,0.003352,0.0428428649902343,114.2762447,22.4024855,161.734,-0.000834999999995,-0.0006436999999976,44.494000000000014,-71.45069999974396,-85.69001687836935,120.11535105501144,44.7722048474763,0.0165192961109122,167.47387700000002,IP15,213.3557402395201,83.60941116025754,-4.162500000138181,-2.740051943527561,-44.494000000000014,44.7722048474763,0.8993862873408286
2706,IP15_MAC,A	E	TR4c_1	TR4c_2	TR6c_1	TR6c_2	TR8c_1	TR8c_2	TRc0_1	TRc0_2	TR60_1	TR60_2,N	N	-87	-87	-88	-88	-89	-89	-85	-79	-86	-91,"[-87, -87, -88, -88, -89, -89, -85, -79, -86, -91]",-87,-87,-88,-88,-89,-89,-85,-79,-86,-91,90,61,1188539,0.816674,-4.503037,-102.389707,1188339,1142762447,224024855,161734,0.626444,-0.019071,0.035073,-0.778444,1188339,0.013998,0.008106,0.003352,0.0431892871856689,114.2762447,22.4024855,161.734,-0.000834999999995,-0.0006436999999976,44.494000000000014,-71.45069999974396,-85.69001687836935,120.11535105501144,44.7722048474763,0.0165192961109122,167.610293,IP15,213.3557402395201,83.60941116025754,-4.162500000138181,-2.740051943527561,-44.494000000000014,44.7722048474763,0.906842299821366
2707,IP15_MAC,A	E	TR4c_1	TR4c_2	TR6c_1	TR6c_2	TR8c_1	TR8c_2	TRc0_1	TRc0_2	TR60_1	TR60_2,N	N	-87	-87	-89	-87	-89	-90	-86	-80	-127	-127,"[-87, -87, -89, -87, -89, -90, -86, -80, -127, -127]",-87,-87,-89,-87,-89,-90,-86,-80,-127,-127,89,60,1188739,0.672361,-4.28132,-101.666494,1188539,1142762447,224024856,161738,0.631348,-0.019046,0.032659,-0.774577,1188539,0.00432,0.018095,-0.005406,0.0395915508270263,114.2762447,22.4024856,161.738,-0.000834999999995,-0.0006436,44.498000000000005,-71.4396000000086,-85.6900168167187,120.11023034783824,44.777213244573694,0.0193730808339819,169.333506,IP15,213.28570098696747,83.59818617606285,-4.173599999873545,-2.740052005178214,-44.498000000000005,44.777213244573694,0.9007608402659888
2708,IP15_MAC,A	E	TR4c_1	TR4c_2	TR6c_1	TR6c_2	TR8c_1	TR8c_2	TRc0_1	TRc0_2	TR60_1	TR60_2,N	N	-84	-87	-88	-90	-127	-127	-89	-79	-127	-127,"[-84, -87, -88, -90, -127, -127, -89, -79, -127, -127]",-84,-87,-88,-90,-127,-127,-89,-79,-127,-127,91,60,1188939,1.007868,-4.475656,-100.506779,1188739,1142762448,224024856,161734,0.639195,-0.018209,0.035637,-0.768003,1188739,-0.003242,0.021944,-0.003382,0.0421681404113769,114.2762448,22.4024856,161.734,-0.0008349000000009,-0.0006436,44.494000000000014,-71.4396000000086,-85.6797545398648,120.10142722787566,44.77386739615973,0.022438529898369,168.493221,IP15,213.38403872330315,83.59044381173928,-4.173599999873545,-2.750314282032108,-44.494000000000014,44.77386739615973,0.900156109387761
2709,IP15_MAC,A	E	TR4c_1	TR4c_2	TR6c_1	TR6c_2	TR8c_1	TR8c_2	TRc0_1	TRc0_2	TR60_1	TR60_2,N	N	-85	-84	-89	-92	-127	-127	-89	-78	-87	-90,"[-85, -84, -89, -92, -127, -127, -89, -78, -87, -90]",-85,-84,-89,-92,-127,-127,-89,-78,-87,-90,90,60,1189139,1.104332,-4.473294,-98.761066,1188939,1142762449,224024856,161736,0.65084,-0.018098,0.035887,-0.758151,1188939,-0.000675,0.025513,-0.003358,0.0412764549255371,114.2762449,22.4024856,161.736,-0.0008348000000069,-0.0006436,44.496,-71.4396000000086,-85.66949226301091,120.09484738640252,44.776486417498354,0.0257418911115714,171.238934,IP15,213.4821545186209,83.58353972451077,-4.173599999873545,-2.760576558886001,-44.496,44.776486417498354,0.9019662649077752
2711,IP15_MAC,A	E	TR4c_1	TR4c_2	TR6c_1	TR6c_2	TR8c_1	TR8c_2	TRc0_1	TRc0_2	TR60_1	TR60_2,N	N	-88	-87	-86	-89	-86	-88	-85	-77	-87	-91,"[-88, -87, -86, -89, -86, -88, -85, -77, -87, -91]",-88,-87,-86,-89,-86,-88,-85,-77,-87,-91,90,60,1189539,0.629263,-3.976961,-98.495413,1189539,1142762454,224024853,161757,0.652579,-0.018494,0.029864,-0.756906,1189539,-0.039556,0.028363,0.012668,0.0436761379241943,114.2762454,22.4024853,161.757,-0.0008343000000081,-0.0006439,44.51700000000001,-71.47290000000339,-85.61818106062168,120.08585117131776,44.79745624330701,0.0502952793908136,171.504587,IP15,214.1824151463452,83.58538867828798,-4.140299999878749,-2.81188776127523,-44.51700000000001,44.79745624330701,0.901671468694456
2715,IP15_MAC,A	E	TR4c_1	TR4c_2	TR6c_1	TR6c_2	TR8c_1	TR8c_2	TRc0_1	TRc0_2	TR60_1	TR60_2,N	N	-89	-87	-86	-87	-90	-87	-86	-77	-86	-90,"[-89, -87, -86, -87, -90, -87, -86, -77, -86, -90]",-89,-87,-86,-87,-90,-87,-86,-77,-86,-90,90,60,1189939,1.009147,-3.732395,-98.459095,1189739,1142762454,224024851,161751,0.652924,-0.014601,0.030407,-0.756672,1189739,-0.048316,0.037985,0.008724,0.0393106937408447,114.2762454,22.4024851,161.751,-0.0008343000000081,-0.0006440999999988,44.51100000000001,-71.49509999986847,-85.61818118381963,120.0968417328972,44.78944720243023,0.0620757944532327,171.540905,IP15,214.32572590928464,83.60785734003933,-4.118100000013669,-2.8118876380772804,-44.51100000000001,44.78944720243023,0.901495557249244
2718,IP15_MAC,A	E	TR4c_1	TR4c_2	TR6c_1	TR6c_2	TR8c_1	TR8c_2	TRc0_1	TRc0_2	TR60_1	TR60_2,N	N	-88	-85	-86	-88	-92	-89	-83	-81	-85	-93,"[-88, -85, -86, -88, -92, -89, -83, -81, -85, -93]",-88,-85,-86,-88,-92,-89,-83,-81,-85,-93,180,90,1190139,0.858681,-3.668369,-98.334031,1190139,1142762457,224024848,161776,0.653732,-0.015261,0.02911,-0.756012,1190139,-0.046395,0.068487,0.00636,0.0396206378936767,114.2762457,22.4024848,161.776,-0.0008339999999975,-0.0006443999999987,44.536000000000016,-71.52839999986327,-85.58739453496096,120.10399412935236,44.81318649841543,0.082966347358432,81.66596900000002,IP15,214.8346423955992,83.62405056926202,-4.084800000018873,-2.842674286935946,-44.536000000000016,44.81318649841543,0.99381462198799
2720,IP15_MAC,A	E	TR4c_1	TR4c_2	TR6c_1	TR6c_2	TR8c_1	TR8c_2	TRc0_1	TRc0_2	TR60_1	TR60_2,N	N	-85	-86	-87	-89	-90	-90	-84	-81	-87	-92,"[-85, -86, -87, -89, -90, -90, -84, -81, -87, -92]",-85,-86,-87,-89,-90,-90,-84,-81,-87,-92,181,90,1190539,0.329261,-3.509938,-98.330309,1190339,1142762459,224024846,161756,0.653686,-0.017852,0.025046,-0.756141,1190339,-0.041704,0.075476,0.006272,0.0419435501098632,114.2762459,22.4024846,161.756,-0.0008337999999952,-0.0006445999999975,44.516000000000005,-71.55059999972835,-85.5668701028008,120.09517840242675,44.79259851433363,0.0864591705720104,80.669691,IP15,215.1750339583296,83.6293585851984,-4.062600000153793,-2.863198719096104,-44.516000000000005,44.79259851433363,0.993824905821324
2722,IP15_MAC,A	E	TR4c_1	TR4c_2	TR6c_1	TR6c_2	TR8c_1	TR8c_2	TRc0_1	TRc0_2	TR60_1	TR60_2,N	N	-89	-81	-86	-88	-89	-90	-79	-80	-89	-91,"[-89, -81, -86, -88, -89, -90, -79, -80, -89, -91]",-89,-81,-86,-88,-89,-90,-79,-80,-89,-91,180,90,1190939,0.435527,-3.927685,-95.402312,1190939,1142762467,224024840,161782,0.672739,-0.020253,0.0279,-0.739076,1190939,-0.035733,0.097835,-0.005319,0.0432953834533691,114.2762467,22.402484,161.782,-0.000833,-0.0006451999999974,44.542000000000016,-71.61719999971794,-85.4847722520219,120.08604992579136,44.81777049213662,0.1042920240238916,84.597688,IP15,216.3924870182236,83.64069953954662,-3.9960000001642015,-2.945296569875012,-44.542000000000016,44.81777049213662,0.9938468493834386
2723,IP15_MAC,A	E	TR4c_1	TR4c_2	TR6c_1	TR6c_2	TR8c_1	TR8c_2	TRc0_1	TRc0_2	TR60_1	TR60_2,N	N	-90	-81	-86	-87	-88	-89	-79	-80	-89	-90,"[-90, -81, -86, -87, -88, -89, -79, -80, -89, -90]",-90,-81,-86,-87,-88,-89,-79,-80,-89,-90,180,90,1191139,-0.171722,-3.32941,-91.3998,1190939,1142762467,224024840,161782,0.698132,-0.021361,0.019742,-0.715378,1190939,-0.035733,0.097835,-0.005319,0.0437133312225341,114.2762467,22.402484,161.782,-0.000833,-0.0006451999999974,44.542000000000016,-71.61719999971794,-85.4847722520219,120.08604992579136,44.81777049213662,0.1042920240238916,88.60019999999997,IP15,216.3924870182236,83.64069953954662,-3.9960000001642015,-2.945296569875012,-44.542000000000016,44.81777049213662,0.9938468493834386
2724,IP15_MAC,A	E	TR4c_1	TR4c_2	TR6c_1	TR6c_2	TR8c_1	TR8c_2	TRc0_1	TRc0_2	TR60_1	TR60_2,N	N	-90	-81	-87	-87	-127	-127	-79	-81	-86	-89,"[-90, -81, -87, -87, -127, -127, -79, -81, -86, -89]",-90,-81,-87,-87,-127,-127,-79,-81,-86,-89,180,90,1191339,-0.245172,-2.897632,-87.177906,1191139,1142762472,224024837,161789,0.724073,-0.019787,0.015881,-0.689257,1191139,-0.043888,0.090027,-0.000102,0.0417535305023193,114.2762472,22.4024837,161.789,-0.0008325000000013,-0.0006454999999974,44.54899999999999,-71.65049999971274,-85.4334610486433,120.07199431157494,44.82517206255952,0.1001550182317391,92.822094,IP15,217.09670061676448,83.63659230195915,-3.9627000001694057,-2.996607773253615,-44.54899999999999,44.82517206255952,0.993838906804996
2725,IP15_MAC,A	E	TR4c_1	TR4c_2	TR6c_1	TR6c_2	TR8c_1	TR8c_2	TRc0_1	TRc0_2	TR60_1	TR60_2,N	N	-84	-80	-85	-86	-127	-127	-84	-77	-85	-88,"[-84, -80, -85, -86, -127, -127, -84, -77, -85, -88]",-84,-80,-85,-86,-127,-127,-84,-77,-85,-88,90,61,1191539,0.334848,-3.226287,-82.785313,1191339,1142762476,224024834,161782,0.749985,-0.019187,0.020802,-0.660849,1191339,-0.027053,0.066309,0.002991,0.0464498996734619,114.2762476,22.4024834,161.782,-0.0008320999999966,-0.0006457999999973,44.542000000000016,-71.68379999970753,-85.39241212205951,120.06007244051509,44.81804666189102,0.0716777118147615,187.214687,IP15,217.70612699579425,83.63753243114381,-3.92940000017461,-3.037656699837399,-44.542000000000016,44.81804666189102,0.9155282982014152
2736,IP15_MAC,A	E	TR4c_1	TR4c_2	TR6c_1	TR6c_2	TR8c_1	TR8c_2	TRc0_1	TRc0_2	TR60_1	TR60_2,N	N	-82	-84	-89	-91	-83	-85	-86	-84	-85	-88,"[-82, -84, -89, -91, -83, -85, -86, -84, -85, -88]",-82,-84,-89,-91,-83,-85,-86,-84,-85,-88,131,63,1194339,1.835024,-0.027791,-17.452554,1194339,1142762492,224024774,161805,0.972509,0.000851,0.01755,-0.232202,1194339,0.004938,0.010327,0.064342,0.0369458198547363,114.2762492,22.4024774,161.805,-0.0008305000000063,-0.0006517999999999,44.56500000000001,-72.3497999999978,-85.22821936015197,120.35107876683892,44.79889334051593,0.0653523047566036,211.547446,IP15,224.45454857611992,84.14263821148094,-3.263399999884342,-3.201849461744942,-44.56500000000001,44.79889334051593,0.931514759445402
2738,IP15_MAC,A	E	TR4c_1	TR4c_2	TR6c_1	TR6c_2	TR8c_1	TR8c_2	TRc0_1	TRc0_2	TR60_1	TR60_2,N	N	-78	-82	-127	-127	-82	-85	-82	-85	-84	-86,"[-78, -82, -127, -127, -82, -85, -82, -85, -84, -86]",-78,-82,-127,-127,-82,-85,-82,-85,-84,-86,211,60,1197139,1.306481,2.679281,41.133633,1197139,1142762463,224024760,161883,0.936049,0.017883,0.018882,0.350906,1197139,0.031828,-0.08777,-0.012136,0.0427873134613037,114.2762463,22.402476,161.883,-0.0008334000000047,-0.0006531999999985,44.643000000000015,-72.50519999984206,-85.52582628542757,120.6841681324532,44.84519748770082,0.0941481650378806,190.133633,IP15,223.0589645027707,84.55709378833124,-3.1080000000400787,-2.90424253646934,-44.643000000000015,44.84519748770082,0.9019298604573138
2739,IP15_MAC,A	E	TR4c_1	TR4c_2	TR6c_1	TR6c_2	TR8c_1	TR8c_2	TRc0_1	TRc0_2	TR60_1	TR60_2,N	N	-78	-82	-92	-92	-82	-85	-82	-85	-84	-86,"[-78, -82, -92, -92, -82, -85, -82, -85, -84, -86]",-78,-82,-92,-92,-82,-85,-82,-85,-84,-86,179,88,1197539,1.353193,1.979948,41.15515,1197339,1142762461,224024761,161881,0.936073,0.012024,0.017124,0.351183,1197339,0.027006,-0.066748,-0.017143,0.0411221981048584,114.2762461,22.4024761,161.881,-0.000833600000007,-0.0006530999999974,44.641000000000005,-72.49409999971235,-85.54635078046402,120.69130684362686,44.84265263734456,0.0740169034005071,222.15515,IP15,222.7544734861004,84.56428324687909,-3.1191000001697944,-2.8837180414328856,-44.641000000000005,44.84265263734456,0.998202483001882
2743,IP15_MAC,A	E	TR4c_1	TR4c_2	TR6c_1	TR6c_2	TR8c_1	TR8c_2	TRc0_1	TRc0_2	TR60_1	TR60_2,N	N	-80	-78	-88	-88	-87	-84	-80	-85	-89	-91,"[-80, -78, -88, -88, -87, -84, -80, -85, -89, -91]",-80,-78,-88,-88,-87,-84,-80,-85,-89,-91,179,89,1199139,1.184,2.013437,45.298699,1199139,1142762453,224024765,161877,0.922768,0.012235,0.016298,0.384816,1199139,0.014705,0.00089,0.010634,0.0424520969390869,114.2762453,22.4024765,161.877,-0.0008344000000022,-0.0006526999999998,44.637000000000015,-72.44969999998219,-85.62844875885618,120.72138185067084,44.83657632142536,0.0181689592712406,226.298699,IP15,221.52834940035217,84.59199429262814,-3.1634999998999547,-2.8016200630407297,-44.637000000000015,44.83657632142536,0.997036325161756
2744,IP15_MAC,A	E	TR4c_1	TR4c_2	TR6c_1	TR6c_2	TR8c_1	TR8c_2	TRc0_1	TRc0_2	TR60_1	TR60_2,N	N	-78	-77	-88	-89	-127	-127	-127	-127	-89	-90,"[-78, -77, -88, -89, -127, -127, -127, -127, -89, -90]",-78,-77,-88,-89,-127,-127,-127,-127,-89,-90,180,89,1199339,1.508115,1.969868,47.486491,1199139,1142762453,224024765,161877,0.915248,0.010435,0.018964,0.402309,1199139,0.014705,0.00089,0.010634,0.0441532135009765,114.2762453,22.4024765,161.877,-0.0008344000000022,-0.0006526999999998,44.637000000000015,-72.44969999998219,-85.62844875885618,120.72138185067084,44.83657632142536,0.0181689592712406,227.486491,IP15,221.52834940035217,84.59199429262814,-3.1634999998999547,-2.8016200630407297,-44.637000000000015,44.83657632142536,0.9970331373979032
2745,IP15_MAC,A	E	TR4c_1	TR4c_2	TR6c_1	TR6c_2	TR8c_1	TR8c_2	TRc0_1	TRc0_2	TR60_1	TR60_2,N	N	-77	-77	-87	-86	-82	-85	-79	-83	-89	-87,"[-77, -77, -87, -86, -82, -85, -79, -83, -89, -87]",-77,-77,-87,-86,-82,-85,-79,-83,-89,-87,179,89,1199339,1.508115,1.969868,47.486491,1199339,1142762449,224024766,161898,0.915248,0.010435,0.018964,0.402309,1199339,0.011434,-0.002695,0.00259,0.044461965560913,114.2762449,22.4024766,161.898,-0.0008348000000069,-0.0006525999999986,44.658,-72.43859999985247,-85.66949781024012,120.75160698308476,44.85572205940496,0.0120294422563974,228.486491,IP15,221.00959327958748,84.61834410742398,-3.1746000000296704,-2.7605710116567934,-44.658,44.85572205940496,0.9970633463835118
2746,IP15_MAC,A	E	TR4c_1	TR4c_2	TR6c_1	TR6c_2	TR8c_1	TR8c_2	TRc0_1	TRc0_2	TR60_1	TR60_2,N	N	-79	-77	-91	-91	-83	-86	-81	-84	-89	-92,"[-79, -77, -91, -91, -83, -86, -81, -84, -89, -92]",-79,-77,-91,-91,-83,-86,-81,-84,-89,-92,179,89,1199739,1.141305,2.250522,44.053177,1199739,1142762447,224024766,161898,0.926869,0.014469,0.016594,0.374738,1199739,-0.003115,0.002018,-0.000871,0.040635347366333,114.2762447,22.4024766,161.898,-0.000834999999995,-0.0006525999999986,44.658,-72.43859999985247,-85.69002236527689,120.76616938075117,44.85446358774815,0.0038123732765824,225.053177,IP15,220.79798569922465,84.6354354213494,-3.1746000000296704,-2.7400464566200213,-44.658,44.85446358774815,0.9970955118002706
2750,IP15_MAC,A	E	TR4c_1	TR4c_2	TR6c_1	TR6c_2	TR8c_1	TR8c_2	TRc0_1	TRc0_2	TR60_1	TR60_2,N	N	-78	-79	-89	-88	-88	-83	-83	-91	-85	-91,"[-78, -79, -89, -88, -88, -83, -83, -91, -85, -91]",-78,-79,-89,-88,-88,-83,-83,-91,-85,-91,178,88,1200939,2.119534,0.714047,0.947981,1200939,1142762475,224024777,161941,0.999776,0.006076,0.018545,0.008155,1200939,0.029897,0.020175,0.035893,0.0430719852447509,114.2762475,22.4024777,161.941,-0.0008322000000049,-0.0006515,44.70100000000001,-72.316500000003,-85.40267790283718,120.50507444181008,44.92452256469744,0.050883874488879,182.947981,IP15,222.5615536365188,84.28209658219636,-3.296699999879138,-3.0273909190597266,-44.70100000000001,44.92452256469744,0.9970969405028464
2752,IP15_MAC,A	E	TR4c_1	TR4c_2	TR6c_1	TR6c_2	TR8c_1	TR8c_2	TRc0_1	TRc0_2	TR60_1	TR60_2,N	N	-79	-79	-93	-86	-87	-84	-82	-90	-84	-96,"[-79, -79, -93, -86, -87, -84, -82, -90, -84, -96]",-79,-79,-93,-86,-87,-84,-82,-90,-84,-96,178,89,1201539,2.793631,0.619232,-3.062477,1201339,1142762478,224024781,161945,0.999328,0.006051,0.024221,-0.026843,1201339,0.039655,0.026808,0.001301,0.043961763381958,114.2762478,22.4024781,161.945,-0.0008319000000085,-0.0006510999999989,44.705,-72.27209999987849,-85.37189082338031,120.45809730421448,44.93386725934721,0.0478840316807179,178.937523,IP15,222.46851329949,84.21468413650082,-3.341100000003649,-3.058177998516598,-44.705,44.93386725934721,0.9960304884117336
2753,IP15_MAC,A	E	TR4c_1	TR4c_2	TR6c_1	TR6c_2	TR8c_1	TR8c_2	TRc0_1	TRc0_2	TR60_1	TR60_2,N	N	-78	-78	-91	-85	-86	-85	-82	-88	-83	-92,"[-78, -78, -91, -85, -86, -85, -82, -88, -83, -92]",-78,-78,-91,-85,-86,-85,-82,-88,-83,-92,179,89,1201539,2.793631,0.619232,-3.062477,1201539,1142762478,224024783,161939,0.999328,0.006051,0.024221,-0.026843,1201539,0.015285,0.043602,-0.01198,0.0448720455169677,114.2762478,22.4024783,161.939,-0.0008319000000085,-0.0006509000000001,44.699,-72.24990000001341,-85.3718907005368,120.44255216822806,44.92955420779381,0.0477313945846965,177.937523,IP15,222.27958944878384,84.19310476772473,-3.3632999998687296,-3.0581781213601147,-44.699,44.92955420779381,0.99597985623311
2754,IP15_MAC,A	E	TR4c_1	TR4c_2	TR6c_1	TR6c_2	TR8c_1	TR8c_2	TRc0_1	TRc0_2	TR60_1	TR60_2,N	N	-78	-79	-87	-84	-127	-127	-82	-90	-83	-89,"[-78, -79, -87, -84, -127, -127, -82, -90, -83, -89]",-78,-79,-87,-84,-127,-127,-82,-90,-83,-89,178,89,1201739,2.389292,0.091593,-3.095486,1201739,1142762478,224024783,161941,0.999417,0.001362,0.020818,-0.027019,1201739,0.00258,0.06186,-0.013446,0.044560432434082,114.2762478,22.4024783,161.941,-0.0008319000000085,-0.0006509000000001,44.70100000000001,-72.24990000001341,-85.3718907005368,120.44329442852492,44.93154394532958,0.0633570115772516,178.904514,IP15,222.27958944878384,84.19336280289133,-3.3632999998687296,-3.0581781213601147,-44.70100000000001,44.93154394532958,0.9960009033493492
2756,IP15_MAC,A	E	TR4c_1	TR4c_2	TR6c_1	TR6c_2	TR8c_1	TR8c_2	TRc0_1	TRc0_2	TR60_1	TR60_2,N	N	-77	-78	-91	-86	-86	-84	-82	-87	-82	-94,"[-77, -78, -91, -86, -86, -84, -82, -87, -82, -94]",-77,-78,-91,-86,-86,-84,-82,-87,-82,-94,179,89,1202139,2.442062,-0.323468,-3.328934,1202139,1142762479,224024783,161938,0.999349,-0.002202,0.021381,-0.028977,1202139,0.00766,0.048914,0.003628,0.0466980934143066,114.2762479,22.4024783,161.938,-0.0008318000000002,-0.0006509000000001,44.69799999999999,-72.24990000001341,-85.36162842168557,120.4349071524276,44.92925903438388,0.0496428985857997,177.671066,IP15,222.3751443832413,84.18420868236907,-3.3632999998687296,-3.068440400211344,-44.69799999999999,44.92925903438388,0.9959582305278468
2757,IP15_MAC,A	E	TR4c_1	TR4c_2	TR6c_1	TR6c_2	TR8c_1	TR8c_2	TRc0_1	TRc0_2	TR60_1	TR60_2,N	N	-79	-80	-127	-127	-84	-83	-81	-85	-81	-87,"[-79, -80, -127, -127, -84, -83, -81, -85, -81, -87]",-79,-80,-127,-127,-84,-83,-81,-85,-81,-87,177,89,1202339,2.726065,0.212398,-7.769837,1202139,1142762479,224024783,161938,0.997416,0.00346,0.023605,-0.067772,1202139,0.00766,0.048914,0.003628,0.0390505790710449,114.2762479,22.4024783,161.938,-0.0008318000000002,-0.0006509000000001,44.69799999999999,-72.24990000001341,-85.36162842168557,120.4349071524276,44.92925903438388,0.0496428985857997,175.230163,IP15,222.3751443832413,84.18420868236907,-3.3632999998687296,-3.068440400211344,-44.69799999999999,44.92925903438388,0.9959041088246208
2758,IP15_MAC,A	E	TR4c_1	TR4c_2	TR6c_1	TR6c_2	TR8c_1	TR8c_2	TRc0_1	TRc0_2	TR60_1	TR60_2,N	N	-78	-80	-127	-127	-86	-86	-83	-87	-81	-90,"[-78, -80, -127, -127, -86, -86, -83, -87, -81, -90]",-78,-80,-127,-127,-86,-86,-83,-87,-81,-90,178,89,1202339,2.726065,0.212398,-7.769837,1202339,1142762479,224024784,161939,0.997416,0.00346,0.023605,-0.067772,1202339,-0.00253,0.035915,0.00208,0.0432045459747314,114.2762479,22.4024784,161.939,-0.0008318000000002,-0.0006507999999989,44.699,-72.2387999998837,-85.3616283602712,120.42861961651911,44.9310861567638,0.0360640336762265,174.230163,IP15,222.28116341121657,84.17392717852451,-3.3743999999984453,-3.0684404616257126,-44.699,44.9310861567638,0.9958673451058866
2759,IP15_MAC,A	E	TR4c_1	TR4c_2	TR6c_1	TR6c_2	TR8c_1	TR8c_2	TRc0_1	TRc0_2	TR60_1	TR60_2,N	N	-78	-80	-91	-86	-86	-86	-83	-87	-81	-90,"[-78, -80, -91, -86, -86, -86, -83, -87, -81, -90]",-78,-80,-91,-86,-86,-86,-83,-87,-81,-90,179,89,1202539,2.225921,-0.153495,-15.949392,1202339,1142762479,224024784,161939,0.990147,0.001368,0.01942,-0.138674,1202339,-0.00253,0.035915,0.00208,0.0430927276611328,114.2762479,22.4024784,161.939,-0.0008318000000002,-0.0006507999999989,44.699,-72.2387999998837,-85.3616283602712,120.42861961651911,44.9310861567638,0.0360640336762265,165.050608,IP15,222.28116341121657,84.17392717852451,-3.3743999999984453,-3.0684404616257126,-44.699,44.9310861567638,0.995641984650831
2760,IP15_MAC,A	E	TR4c_1	TR4c_2	TR6c_1	TR6c_2	TR8c_1	TR8c_2	TRc0_1	TRc0_2	TR60_1	TR60_2,N	N	-78	-74	-89	-87	-81	-88	-86	-80	-84	-90,"[-78, -74, -89, -87, -81, -88, -86, -80, -84, -90]",-78,-74,-89,-87,-81,-88,-86,-80,-84,-90,180,89,1202539,2.225921,-0.153495,-15.949392,1202539,1142762483,224024788,161934,0.990147,0.001368,0.01942,-0.138674,1202539,-0.010138,0.060022,-0.007515,0.0434529781341552,114.2762483,22.4024788,161.934,-0.0008313999999955,-0.0006503999999978,44.694,-72.19439999975918,-85.32057900227316,120.37103567141212,44.9322907982576,0.0613342869282752,164.050608,IP15,222.2873562673088,84.09657423145964,-3.418800000122957,-3.1094898196237466,-44.694,44.9322907982576,0.9954900871017148
2761,IP15_MAC,A	E	TR4c_1	TR4c_2	TR6c_1	TR6c_2	TR8c_1	TR8c_2	TRc0_1	TRc0_2	TR60_1	TR60_2,N	N	-79	-74	-87	-86	-82	-87	-83	-81	-86	-90,"[-79, -74, -87, -86, -82, -87, -83, -81, -86, -90]",-79,-74,-87,-86,-82,-87,-83,-81,-86,-90,180,89,1202739,1.91329,-1.544869,-24.429705,1202539,1142762483,224024788,161934,0.977187,-0.009642,0.019167,-0.211294,1202539,-0.010138,0.060022,-0.007515,0.0473482608795166,114.2762483,22.4024788,161.934,-0.0008313999999955,-0.0006503999999978,44.694,-72.19439999975918,-85.32057900227316,120.37103567141212,44.9322907982576,0.0613342869282752,155.570295,IP15,222.2873562673088,84.09657423145964,-3.418800000122957,-3.1094898196237466,-44.694,44.9322907982576,0.9952546913529268
2762,IP15_MAC,A	E	TR4c_1	TR4c_2	TR6c_1	TR6c_2	TR8c_1	TR8c_2	TRc0_1	TRc0_2	TR60_1	TR60_2,N	N	-81	-81	-90	-88	-83	-91	-83	-81	-89	-91,"[-81, -81, -90, -88, -83, -91, -83, -81, -89, -91]",-81,-81,-90,-88,-83,-91,-83,-81,-89,-91,180,89,1202739,1.91329,-1.544869,-24.429705,1202539,1142762483,224024788,161934,0.977187,-0.009642,0.019167,-0.211294,1202539,-0.010138,0.060022,-0.007515,0.0410597324371337,114.2762483,22.4024788,161.934,-0.0008313999999955,-0.0006503999999978,44.694,-72.19439999975918,-85.32057900227316,120.37103567141212,44.9322907982576,0.0613342869282752,155.570295,IP15,222.2873562673088,84.09657423145964,-3.418800000122957,-3.1094898196237466,-44.694,44.9322907982576,0.9952546913529268
2763,IP15_MAC,A	E	TR4c_1	TR4c_2	TR6c_1	TR6c_2	TR8c_1	TR8c_2	TRc0_1	TRc0_2	TR60_1	TR60_2,N	N	-86	-90	-90	-87	-85	-94	-87	-83	-88	-88,"[-86, -90, -90, -87, -85, -94, -87, -83, -88, -88]",-86,-90,-90,-87,-85,-94,-87,-83,-88,-88,90,60,1202939,1.541731,-1.735868,-32.660559,1202739,1142762487,224024792,161949,0.959523,-0.010752,0.017167,-0.280901,1202739,-0.002679,0.06694,-0.006933,0.0389983654022216,114.2762487,22.4024792,161.949,-0.0008310000000051,-0.0006500000000002,44.70900000000002,-72.15000000002902,-85.27952964596976,120.32088496035102,44.95346852399752,0.0673513706616279,237.339441,IP15,222.29338914918424,84.0218815519464,-3.463199999853117,-3.1505391759271504,-44.70900000000002,44.95346852399752,0.9116048176098503
2766,IP15_MAC,A	E	TR4c_1	TR4c_2	TR6c_1	TR6c_2	TR8c_1	TR8c_2	TRc0_1	TRc0_2	TR60_1	TR60_2,N	N	-84	-84	-84	-89	-89	-90	-86	-74	-84	-87,"[-84, -84, -84, -89, -89, -90, -86, -74, -84, -87]",-84,-84,-84,-89,-89,-90,-86,-74,-84,-87,90,61,1203539,1.433803,-2.975275,-55.212137,1203339,1142762493,224024809,161934,0.885954,-0.017207,0.023111,-0.462878,1203339,0.040926,0.061576,-0.036109,0.0414474010467529,114.2762493,22.4024809,161.934,-0.0008303999999981,-0.0006482999999981,44.694,-71.96129999979561,-85.21795493534897,120.15857096779968,44.957843422819856,0.0822824472958844,214.787863,IP15,221.33399740991925,83.78958453095457,-3.651900000086528,-3.2121138865479395,-44.694,44.957843422819856,0.9215916478964806
2768,IP15_MAC,A	E	TR4c_1	TR4c_2	TR6c_1	TR6c_2	TR8c_1	TR8c_2	TRc0_1	TRc0_2	TR60_1	TR60_2,N	N	-84	-81	-127	-127	-127	-127	-87	-75	-127	-127,"[-84, -81, -127, -127, -127, -127, -87, -75, -127, -127]",-84,-81,-127,-127,-127,-127,-87,-75,-127,-127,90,60,1203739,1.312917,-3.11893,-62.721404,1203539,1142762493,224024815,161931,0.853719,-0.017276,0.023939,-0.519897,1203539,0.045446,0.058471,-0.037597,0.0446929931640625,114.2762493,22.4024815,161.931,-0.0008303999999981,-0.0006476999999982,44.69100000000002,-71.89469999980602,-85.21795456748288,120.1175805189552,44.96032029727966,0.0830525807305227,207.278596,IP15,220.8211062264766,83.72556673042575,-3.7185000000761192,-3.2121142544140326,-44.69100000000002,44.96032029727966,0.9139638078519768
2769,IP15_MAC,A	E	TR4c_1	TR4c_2	TR6c_1	TR6c_2	TR8c_1	TR8c_2	TRc0_1	TRc0_2	TR60_1	TR60_2,N	N	-87	-82	-83	-86	-86	-88	-82	-76	-83	-89,"[-87, -82, -83, -86, -86, -88, -82, -76, -83, -89]",-87,-82,-83,-86,-86,-88,-82,-76,-83,-89,89,61,1203739,1.312917,-3.11893,-62.721404,1203739,1142762492,224024822,161937,0.853719,-0.017276,0.023939,-0.519897,1203739,0.054765,0.054699,-0.03359,0.044384479522705,114.2762492,22.4024822,161.937,-0.0008305000000063,-0.0006469999999971,44.69700000000002,-71.81699999968671,-85.22821641686905,120.08060697529667,44.97204467516535,0.08437697509392,208.278596,IP15,220.1454946175995,83.65999610361214,-3.7962000001954266,-3.2018524050278643,-44.69700000000002,44.97204467516535,0.9216631154129136
2772,IP15_MAC,A	E	TR4c_1	TR4c_2	TR6c_1	TR6c_2	TR8c_1	TR8c_2	TRc0_1	TRc0_2	TR60_1	TR60_2,N	N	-86	-85	-127	-127	-86	-90	-84	-77	-84	-85,"[-86, -85, -127, -127, -86, -90, -84, -77, -84, -85]",-86,-85,-127,-127,-86,-90,-84,-77,-84,-85,89,60,1204339,0.763592,-4.180231,-85.077666,1204139,1142762487,224024835,161902,0.736514,-0.02237,0.02956,-0.675406,1204139,0.089188,0.045042,-0.028614,0.043166160583496,114.2762487,22.4024835,161.902,-0.0008310000000051,-0.0006456999999997,44.66199999999999,-71.67269999997217,-85.27952700769121,120.01778158232032,44.946053196830846,0.1039328730671869,185.922334,IP15,218.64332979980705,83.55503327652883,-3.9404999999099743,-3.150541814205696,-44.66199999999999,44.946053196830846,0.9077704199605552
2773,IP15_MAC,A	E	TR4c_1	TR4c_2	TR6c_1	TR6c_2	TR8c_1	TR8c_2	TRc0_1	TRc0_2	TR60_1	TR60_2,N	N	-87	-85	-86	-90	-86	-90	-84	-77	-84	-85,"[-87, -85, -86, -90, -86, -90, -84, -77, -84, -85]",-87,-85,-86,-90,-86,-90,-84,-77,-84,-85,89,60,1204339,0.763592,-4.180231,-85.077666,1204139,1142762487,224024835,161902,0.736514,-0.02237,0.02956,-0.675406,1204139,0.089188,0.045042,-0.028614,0.0419754981994628,114.2762487,22.4024835,161.902,-0.0008310000000051,-0.0006456999999997,44.66199999999999,-71.67269999997217,-85.27952700769121,120.01778158232032,44.946053196830846,0.1039328730671869,185.922334,IP15,218.64332979980705,83.55503327652883,-3.9404999999099743,-3.150541814205696,-44.66199999999999,44.946053196830846,0.9077704199605552
2774,IP15_MAC,A	E	TR4c_1	TR4c_2	TR6c_1	TR6c_2	TR8c_1	TR8c_2	TRc0_1	TRc0_2	TR60_1	TR60_2,N	N	-86	-85	-86	-90	-86	-90	-84	-77	-84	-85,"[-86, -85, -86, -90, -86, -90, -84, -77, -84, -85]",-86,-85,-86,-90,-86,-90,-84,-77,-84,-85,89,60,1204539,0.301877,-4.288697,-92.225193,1204339,1142762483,224024842,161905,0.692869,-0.024042,0.028788,-0.720087,1204339,0.071319,0.038502,-0.021663,0.0431127548217773,114.2762483,22.4024842,161.905,-0.0008313999999955,-0.0006449999999986,44.665000000000006,-71.59499999985286,-85.32057568749136,120.00169534479032,44.95305444342076,0.0838933211525208,178.774807,IP15,217.73457695690055,83.51025699614601,-4.018200000029282,-3.109493134405554,-44.665000000000006,44.95305444342076,0.9044195597874214
2775,IP15_MAC,A	E	TR4c_1	TR4c_2	TR6c_1	TR6c_2	TR8c_1	TR8c_2	TRc0_1	TRc0_2	TR60_1	TR60_2,N	N	-86	-83	-84	-89	-85	-96	-86	-76	-87	-84,"[-86, -83, -84, -89, -85, -96, -86, -76, -87, -84]",-86,-83,-84,-89,-85,-96,-86,-76,-87,-84,89,61,1204539,0.301877,-4.288697,-92.225193,1204339,1142762483,224024842,161905,0.692869,-0.024042,0.028788,-0.720087,1204339,0.071319,0.038502,-0.021663,0.0426700115203857,114.2762483,22.4024842,161.905,-0.0008313999999955,-0.0006449999999986,44.665000000000006,-71.59499999985286,-85.32057568749136,120.00169534479032,44.95305444342076,0.0838933211525208,178.774807,IP15,217.73457695690055,83.51025699614601,-4.018200000029282,-3.109493134405554,-44.665000000000006,44.95305444342076,0.9116237531537552
2776,IP15_MAC,A	E	TR4c_1	TR4c_2	TR6c_1	TR6c_2	TR8c_1	TR8c_2	TRc0_1	TRc0_2	TR60_1	TR60_2,N	N	-87	-82	-82	-87	-86	-89	-89	-76	-88	-83,"[-87, -82, -82, -87, -86, -89, -89, -76, -88, -83]",-87,-82,-82,-87,-86,-89,-89,-76,-88,-83,90,61,1204739,-0.393073,-3.356766,-99.307391,1204539,1142762479,224024848,161893,0.647097,-0.021575,0.0201,-0.761838,1204539,0.050253,0.037173,-0.024271,0.0428829193115234,114.2762479,22.4024848,161.893,-0.0008318000000002,-0.0006443999999987,44.653000000000006,-71.52839999986327,-85.36162442975073,119.98670485027188,44.94431388983314,0.0670542868055428,170.692609,IP15,216.9133610621942,83.47296851957994,-4.084800000018873,-3.0684443921461764,-44.653000000000006,44.94431388983314,0.9070798050225674
2777,IP15_MAC,A	E	TR4c_1	TR4c_2	TR6c_1	TR6c_2	TR8c_1	TR8c_2	TRc0_1	TRc0_2	TR60_1	TR60_2,N	N	-88	-86	-127	-127	-91	-86	-87	-76	-87	-84,"[-88, -86, -127, -127, -91, -86, -87, -76, -87, -84]",-88,-86,-127,-127,-91,-86,-87,-76,-87,-84,90,60,1204939,-0.199121,-3.818852,-106.336932,1204739,1142762473,224024853,161899,0.599139,-0.021364,0.025625,-0.79995,1204739,0.041408,0.027903,-0.018713,0.0400192737579345,114.2762473,22.4024853,161.899,-0.0008324000000072,-0.0006439,44.659000000000006,-71.47290000000339,-85.42319778831009,119.99968514871708,44.951191736166685,0.0533233179950385,163.663068,IP15,215.9888306233456,83.46363161733551,-4.140299999878749,-3.006871033586819,-44.659000000000006,44.951191736166685,0.8951820540713371
2778,IP15_MAC,A	E	TR4c_1	TR4c_2	TR6c_1	TR6c_2	TR8c_1	TR8c_2	TRc0_1	TRc0_2	TR60_1	TR60_2,N	N	-88	-86	-81	-81	-91	-86	-87	-76	-87	-84,"[-88, -86, -81, -81, -91, -86, -87, -76, -87, -84]",-88,-86,-81,-81,-91,-86,-87,-76,-87,-84,90,60,1204939,-0.199121,-3.818852,-106.336932,1204939,1142762467,224024857,161894,0.599139,-0.021364,0.025625,-0.79995,1204939,0.055595,0.031051,-0.010068,0.0463027954101562,114.2762467,22.4024857,161.894,-0.000833,-0.0006434999999989,44.65400000000001,-71.42849999987888,-85.48477120647107,120.01523418489587,44.94625911167092,0.0644696304472113,163.663068,IP15,215.13885126490496,83.46251815488024,-4.184700000003261,-2.945297615425844,-44.65400000000001,44.94625911167092,0.8958506075140079
2781,IP15_MAC,A	E	TR4c_1	TR4c_2	TR6c_1	TR6c_2	TR8c_1	TR8c_2	TRc0_1	TRc0_2	TR60_1	TR60_2,N	N	-88	-82	-87	-87	-87	-87	-83	-84	-85	-92,"[-88, -82, -87, -87, -87, -87, -83, -84, -85, -92]",-88,-82,-87,-87,-87,-87,-83,-84,-85,-92,180,90,1205939,-3.514128,-3.445253,-135.69326,1205739,1142762447,224024870,161889,0.375967,-0.039714,0.016267,-0.925639,1205739,0.076862,0.038168,0.034093,0.0420858860015869,114.2762447,22.402487,161.889,-0.000834999999995,-0.0006421999999979,44.649000000000015,-71.28419999976998,-85.69001595360945,120.07393224483428,44.94197738998567,0.0923411929585057,44.30673999999999,IP15,212.3318814960157,83.45416870446226,-4.32900000011216,-2.740052868287464,-44.649000000000015,44.94197738998567,0.9934809857732042
2792,IP15_MAC,A	E	TR4c_1	TR4c_2	TR6c_1	TR6c_2	TR8c_1	TR8c_2	TRc0_1	TRc0_2	TR60_1	TR60_2,N	N	-83	-83	-87	-86	-84	-89	-81	-89	-85	-90,"[-83, -83, -87, -86, -84, -89, -81, -89, -85, -90]",-83,-83,-87,-86,-84,-89,-81,-89,-85,-90,329,62,1207739,-3.763522,-3.936907,-141.721223,1207539,1142762426,224024878,161957,0.326518,-0.042258,0.021668,-0.943997,1207539,-0.012328,-0.016376,-0.019502,0.0462019443511962,114.2762426,22.4024878,161.957,-0.0008370999999982,-0.0006413999999992,44.717,-71.19539999991531,-85.90552328404992,120.20047421226916,45.00555939006169,0.0282927722925838,249.278777,IP15,209.74574551493717,83.50835933564296,-4.417799999966832,-2.52454553784699,-44.717,45.00555939006169,0.9182229888206028
2795,IP15_MAC,A	E	TR4c_1	TR4c_2	TR6c_1	TR6c_2	TR8c_1	TR8c_2	TRc0_1	TRc0_2	TR60_1	TR60_2,N	N	-84	-83	-87	-86	-83	-90	-82	-87	-84	-91,"[-84, -83, -87, -86, -83, -90, -82, -87, -84, -91]",-84,-83,-87,-86,-83,-90,-82,-87,-84,-91,177,90,1207939,-3.724824,-3.860586,-141.61271,1207739,1142762425,224024878,161956,0.327454,-0.041742,0.021111,-0.943708,1207739,-0.023098,-0.017434,-0.013553,0.039294958114624,114.2762425,22.4024878,161.956,-0.0008372000000065,-0.0006413999999992,44.716,-71.19539999991531,-85.91578556219974,120.20743673299847,45.00399130243561,0.0319553715202937,41.38729000000001,IP15,209.64531401301667,83.51464627314569,-4.417799999966832,-2.514283259697166,-44.716,45.00399130243561,0.9936007608636253
2834,IP15_MAC,A	E	TR4c_1	TR4c_2	TR6c_1	TR6c_2	TR8c_1	TR8c_2	TRc0_1	TRc0_2	TR60_1	TR60_2,N	N	-83	-84	-89	-85	-91	-88	-85	-85	-84	-88,"[-83, -84, -89, -85, -91, -88, -85, -85, -84, -88]",-83,-84,-89,-85,-91,-88,-85,-85,-84,-88,179,90,1214539,-3.543352,-3.884724,-141.94766,1214339,1142762431,224024864,161983,0.324753,-0.040254,0.021949,-0.944687,1214339,0.029434,-0.012423,0.00634,0.0424563884735107,114.2762431,22.4024864,161.983,-0.0008365999999995,-0.0006427999999978,44.74300000000001,-71.35079999975957,-85.85421276243908,120.2656166934833,45.01931959947964,0.0325712585725513,39.05233999999996,IP15,211.14543260507557,83.64864486545096,-4.262400000122568,-2.575856059457834,-44.74300000000001,45.01931959947964,0.9938621995636996
2844,IP15_MAC,A	E	TR4c_1	TR4c_2	TR6c_1	TR6c_2	TR8c_1	TR8c_2	TRc0_1	TRc0_2	TR60_1	TR60_2,N	N	-87	-90	-84	-92	-83	-86	-80	-92	-86	-91,"[-87, -90, -84, -92, -83, -86, -80, -92, -86, -91]",-87,-90,-84,-92,-83,-86,-80,-92,-86,-91,329,60,1215939,-3.065537,-3.897579,-141.912182,1215739,1142762426,224024872,162033,0.325214,-0.036362,0.023406,-0.944651,1215739,-0.000214,0.004248,0.009783,0.0426454544067382,114.2762426,22.4024872,162.033,-0.0008370999999982,-0.0006419999999991,44.79299999999999,-71.2619999999049,-85.9055236548842,120.26821894169014,45.07459504798783,0.0106676327739569,249.087818,IP15,210.12209945141,83.59217596404345,-4.35119999997724,-2.524545167012704,-44.79299999999999,45.07459504798783,0.9040026228119522
2848,IP15_MAC,A	E	TR4c_1	TR4c_2	TR6c_1	TR6c_2	TR8c_1	TR8c_2	TRc0_1	TRc0_2	TR60_1	TR60_2,N	N	-91	-86	-86	-88	-91	-93	-80	-86	-88	-94,"[-91, -86, -86, -88, -91, -93, -80, -86, -88, -94]",-91,-86,-86,-88,-91,-93,-80,-86,-88,-94,330,60,1216339,-3.272859,-3.367416,-141.994396,1216139,1142762425,224024874,162059,0.324634,-0.036552,0.01847,-0.944953,1216139,0.004254,0.020146,-0.00349,0.042363166809082,114.2762425,22.4024874,162.059,-0.0008372000000065,-0.0006418000000003,44.819,-71.23980000003982,-85.91578580945213,120.27208369485136,45.10200669177913,0.0208839156290193,248.005604,IP15,209.89474689235425,83.5780724037655,-4.37339999984232,-2.5142830124447784,-44.819,45.10200669177913,0.9045937610803864
2849,IP15_MAC,A	E	TR4c_1	TR4c_2	TR6c_1	TR6c_2	TR8c_1	TR8c_2	TRc0_1	TRc0_2	TR60_1	TR60_2,N	N	-87	-83	-91	-87	-90	-86	-83	-86	-82	-88,"[-87, -83, -91, -87, -90, -86, -83, -86, -82, -88]",-87,-83,-91,-87,-90,-86,-83,-86,-82,-88,179,90,1216739,-3.295446,-4.081068,-141.883315,1216539,1142762424,224024878,162041,0.325307,-0.038782,0.024252,-0.944501,1216539,0.01373,0.010583,0.004466,0.0428545475006103,114.2762424,22.4024878,162.041,-0.0008373000000005,-0.0006413999999992,44.801,-71.19539999991531,-85.9260478388912,120.2464148295464,45.08787729449059,0.0179013391957138,39.11668499999996,IP15,209.5446817445317,83.53324564985328,-4.417799999966832,-2.5040209830057165,-44.801,45.08787729449059,0.9936373741301492
2850,IP15_MAC,A	E	TR4c_1	TR4c_2	TR6c_1	TR6c_2	TR8c_1	TR8c_2	TRc0_1	TRc0_2	TR60_1	TR60_2,N	N	-86	-91	-89	-89	-89	-92	-83	-87	-86	-89,"[-86, -91, -89, -89, -89, -92, -83, -87, -86, -89]",-86,-91,-89,-89,-89,-92,-83,-87,-86,-89,330,60,1216739,-3.295446,-4.081068,-141.883315,1216539,1142762424,224024878,162041,0.325307,-0.038782,0.024252,-0.944501,1216539,0.01373,0.010583,0.004466,0.0400588512420654,114.2762424,22.4024878,162.041,-0.0008373000000005,-0.0006413999999992,44.801,-71.19539999991531,-85.9260478388912,120.2464148295464,45.08787729449059,0.0179013391957138,248.116685,IP15,209.5446817445317,83.53324564985328,-4.417799999966832,-2.5040209830057165,-44.801,45.08787729449059,0.9045423975247734
2857,IP15_MAC,A	E	TR4c_1	TR4c_2	TR6c_1	TR6c_2	TR8c_1	TR8c_2	TRc0_1	TRc0_2	TR60_1	TR60_2,N	N	-90	-83	-85	-82	-86	-88	-81	-89	-88	-89,"[-90, -83, -85, -82, -86, -88, -81, -89, -88, -89]",-90,-83,-85,-82,-86,-88,-81,-89,-88,-89,329,60,1217739,-3.576041,-4.082417,-141.803054,1217539,1142762426,224024889,162057,0.325862,-0.041113,0.023433,-0.944232,1217539,-0.010571,0.008279,-0.006118,0.0413167476654052,114.2762426,22.4024889,162.057,-0.0008370999999982,-0.000640299999997,44.81699999999999,-71.07329999967149,-85.90552260418706,120.16545375332213,45.11704239660735,0.0147552636709751,249.19694600000005,IP15,209.07754729186328,83.38850598953178,-4.53990000021065,-2.5245462177098545,-44.81699999999999,45.11704239660735,0.904288666303151
2860,IP15_MAC,A	E	TR4c_1	TR4c_2	TR6c_1	TR6c_2	TR8c_1	TR8c_2	TRc0_1	TRc0_2	TR60_1	TR60_2,N	N	-95	-88	-83	-89	-89	-89	-83	-90	-84	-88,"[-95, -88, -83, -89, -89, -89, -83, -90, -84, -88]",-95,-88,-83,-89,-89,-89,-83,-90,-84,-88,331,59,1218139,-3.263762,-3.887512,-142.004628,1217939,1142762427,224024892,162051,0.324384,-0.037947,0.022788,-0.944889,1217939,-0.031885,0.015532,0.001894,0.0473849773406982,114.2762427,22.4024892,162.051,-0.0008370000000041,-0.000639999999997,44.81099999999999,-71.0399999996767,-85.89526014218181,120.1361853724645,45.115021160192725,0.0355173687792325,246.995372,IP15,208.99849076266068,83.34461565577922,-4.573200000205446,-2.5348086797150984,-44.81099999999999,45.115021160192725,0.8984305944525683
2862,IP15_MAC,A	E	TR4c_1	TR4c_2	TR6c_1	TR6c_2	TR8c_1	TR8c_2	TRc0_1	TRc0_2	TR60_1	TR60_2,N	N	-89	-84	-90	-89	-90	-92	-77	-80	-86	-92,"[-89, -84, -90, -89, -90, -92, -77, -80, -86, -92]",-89,-84,-90,-89,-90,-92,-77,-80,-86,-92,331,61,1218339,-3.586893,-3.76548,-142.017757,1218339,1142762428,224024896,162047,0.324201,-0.040262,0.020866,-0.944901,1218339,-0.036777,0.027797,-0.005899,0.045166015625,114.2762428,22.4024896,162.047,-0.0008368999999959,-0.0006395999999995,44.807,-70.99559999994653,-85.88499761697157,120.10110442464556,45.116148618843184,0.0464760060568891,246.98224300000004,IP15,208.86212717010267,83.28874746914607,-4.617599999935607,-2.5450712049253355,-44.807,45.116148618843184,0.9132001839974492
2863,IP15_MAC,A	E	TR4c_1	TR4c_2	TR6c_1	TR6c_2	TR8c_1	TR8c_2	TRc0_1	TRc0_2	TR60_1	TR60_2,N	N	-87	-85	-92	-86	-86	-91	-84	-91	-87	-90,"[-87, -85, -92, -86, -86, -91, -84, -91, -87, -90]",-87,-85,-92,-86,-86,-91,-84,-91,-87,-90,331,61,1218539,-3.988647,-3.335174,-141.868301,1218339,1142762428,224024896,162047,0.325448,-0.042376,0.01612,-0.944472,1218339,-0.036777,0.027797,-0.005899,0.0477592945098876,114.2762428,22.4024896,162.047,-0.0008368999999959,-0.0006395999999995,44.807,-70.99559999994653,-85.88499761697157,120.10110442464556,45.116148618843184,0.0464760060568891,247.13169900000003,IP15,208.86212717010267,83.28874746914607,-4.617599999935607,-2.5450712049253355,-44.807,45.116148618843184,0.9131087989958002
2864,IP15_MAC,A	E	TR4c_1	TR4c_2	TR6c_1	TR6c_2	TR8c_1	TR8c_2	TRc0_1	TRc0_2	TR60_1	TR60_2,N	N	-84	-86	-90	-89	-85	-88	-83	-89	-82	-89,"[-84, -86, -90, -89, -85, -88, -83, -89, -82, -89]",-84,-86,-90,-89,-85,-88,-83,-89,-82,-89,331,61,1218739,-3.598804,-3.988635,-141.790595,1218739,1142762430,224024899,162050,0.32599,-0.041036,0.022591,-0.944212,1218739,-0.046662,0.001125,-0.014361,0.0466599464416503,114.276243,22.4024899,162.05,-0.0008367000000077,-0.0006392999999995,44.81000000000002,-70.96229999995174,-85.8644728785259,120.06786341061569,45.12371054505598,0.0488348870173772,247.209405,IP15,208.88263527160444,83.2399218357283,-4.650899999930402,-2.565595943371008,-44.81000000000002,45.12371054505598,0.9133081922875332
2866,IP15_MAC,A	E	TR4c_1	TR4c_2	TR6c_1	TR6c_2	TR8c_1	TR8c_2	TRc0_1	TRc0_2	TR60_1	TR60_2,N	N	-89	-88	-85	-90	-86	-88	-81	-90	-82	-90,"[-89, -88, -85, -90, -86, -88, -81, -90, -82, -90]",-89,-88,-85,-90,-86,-88,-81,-90,-82,-90,330,60,1218939,-3.350452,-3.814924,-141.917974,1218939,1142762430,224024901,162050,0.325091,-0.038473,0.021913,-0.944646,1218939,-0.052858,0.009279,-0.007393,0.0461537837982177,114.276243,22.4024901,162.05,-0.0008367000000077,-0.0006390999999972,44.81000000000002,-70.94009999969231,-85.86447275497352,120.05474405226948,45.12600410838953,0.0541730971424008,248.08202600000004,IP15,208.7673906117872,83.21539891053278,-4.673100000189834,-2.5655960669233906,-44.81000000000002,45.12600410838953,0.905660941406566
2867,IP15_MAC,A	E	TR4c_1	TR4c_2	TR6c_1	TR6c_2	TR8c_1	TR8c_2	TRc0_1	TRc0_2	TR60_1	TR60_2,N	N	-85	-83	-88	-92	-85	-91	-83	-86	-80	-89,"[-85, -83, -88, -92, -85, -91, -83, -86, -80, -89]",-85,-83,-88,-92,-85,-91,-83,-86,-80,-89,180,90,1219139,-3.357497,-3.855982,-142.07187,1219139,1142762430,224024902,162044,0.323806,-0.038618,0.022284,-0.945072,1219139,-0.060788,0.026484,-0.013464,0.0388960838317871,114.276243,22.4024902,162.044,-0.0008367000000077,-0.0006389999999996,44.804000000000016,-70.92899999995694,-85.86447269319734,120.04594590353616,45.12119711548995,0.0676599031628038,37.92813000000001,IP15,208.71008316238476,83.2022265462033,-4.684199999925198,-2.565596128699568,-44.804000000000016,45.12119711548995,0.9929701086015502
2868,IP15_MAC,A	E	TR4c_1	TR4c_2	TR6c_1	TR6c_2	TR8c_1	TR8c_2	TRc0_1	TRc0_2	TR60_1	TR60_2,N	N	-88	-79	-90	-88	-86	-92	-86	-83	-81	-86,"[-88, -79, -90, -88, -86, -92, -86, -83, -81, -86]",-88,-79,-90,-88,-86,-92,-86,-83,-81,-86,180,90,1219339,-3.502189,-3.339287,-142.081419,1219339,1142762430,224024904,162047,0.323851,-0.038348,0.017614,-0.945166,1219339,-0.065753,0.021292,-0.003131,0.042015790939331,114.276243,22.4024904,162.047,-0.0008367000000077,-0.0006387999999972,44.807,-70.90679999969751,-85.86447256964496,120.03395013436996,45.12648594884502,0.0691853267246748,37.91858100000002,IP15,208.5960928698586,83.17811627519507,-4.70640000018463,-2.56559625225195,-44.807,45.12648594884502,0.992920212107648
2869,IP15_MAC,A	E	TR4c_1	TR4c_2	TR6c_1	TR6c_2	TR8c_1	TR8c_2	TRc0_1	TRc0_2	TR60_1	TR60_2,N	N	-85	-79	-90	-88	-86	-92	-86	-83	-81	-86,"[-85, -79, -90, -88, -86, -92, -86, -83, -81, -86]",-85,-79,-90,-88,-86,-92,-86,-83,-81,-86,180,90,1219339,-3.502189,-3.339287,-142.081419,1219339,1142762430,224024904,162047,0.323851,-0.038348,0.017614,-0.945166,1219339,-0.065753,0.021292,-0.003131,0.0398662090301513,114.276243,22.4024904,162.047,-0.0008367000000077,-0.0006387999999972,44.807,-70.90679999969751,-85.86447256964496,120.03395013436996,45.12648594884502,0.0691853267246748,37.91858100000002,IP15,208.5960928698586,83.17811627519507,-4.70640000018463,-2.56559625225195,-44.807,45.12648594884502,0.992920212107648
2870,IP15_MAC,A	E	TR4c_1	TR4c_2	TR6c_1	TR6c_2	TR8c_1	TR8c_2	TRc0_1	TRc0_2	TR60_1	TR60_2,N	N	-85	-85	-90	-92	-89	-90	-77	-89	-81	-86,"[-85, -85, -90, -92, -89, -90, -77, -89, -81, -86]",-85,-85,-90,-92,-89,-90,-77,-89,-81,-86,331,60,1219539,-3.180198,-3.358459,-141.970857,1219539,1142762431,224024905,162043,0.324861,-0.035766,0.018653,-0.944901,1219539,-0.06795,0.008689,-0.007413,0.0427820682525634,114.2762431,22.4024905,162.043,-0.0008365999999995,-0.0006386999999996,44.80300000000001,-70.89569999996215,-85.85421022991832,120.01855898854828,45.12425802974622,0.0689032204617462,247.029143,IP15,208.63550948039955,83.15903157375979,-4.717499999919994,-2.5758585919785872,-44.80300000000001,45.12425802974622,0.9065383339108386
2871,IP15_MAC,A	E	TR4c_1	TR4c_2	TR6c_1	TR6c_2	TR8c_1	TR8c_2	TRc0_1	TRc0_2	TR60_1	TR60_2,N	N	-83	-87	-88	-88	-87	-85	-83	-82	-85	-88,"[-83, -87, -88, -88, -87, -85, -83, -82, -85, -88]",-83,-87,-88,-88,-87,-85,-83,-82,-85,-88,90,60,1219739,-3.081904,-3.586772,-142.00665,1219739,1142762431,224024907,162038,0.324527,-0.035597,0.020826,-0.944977,1219739,-0.062585,0.007812,-0.011976,0.0470623970031738,114.2762431,22.4024907,162.038,-0.0008365999999995,-0.0006384999999973,44.798000000000016,-70.87349999970272,-85.8542101063807,120.00357994326014,45.12162018604832,0.0641976179075205,127.99335,IP15,208.5225101734158,83.13369642326477,-4.739700000179425,-2.5758587155162047,-44.798000000000016,45.12162018604832,0.8696500759564416
2872,IP15_MAC,A	E	TR4c_1	TR4c_2	TR6c_1	TR6c_2	TR8c_1	TR8c_2	TRc0_1	TRc0_2	TR60_1	TR60_2,N	N	-82	-91	-87	-88	-87	-86	-84	-81	-86	-94,"[-82, -91, -87, -88, -87, -86, -84, -81, -86, -94]",-82,-91,-87,-88,-87,-86,-84,-81,-86,-94,209,60,1219939,-3.497057,-3.893508,-142.021842,1219939,1142762430,224024908,162039,0.324155,-0.039883,0.022179,-0.944903,1219939,-0.064667,0.013949,-0.017311,0.044260025024414,114.276243,22.4024908,162.039,-0.0008367000000077,-0.0006383999999997,44.79899999999999,-70.86239999996735,-85.86447232254022,120.00474049796388,45.12319566516429,0.06838176811841,8.978158000000008,IP15,208.3705822744306,83.12770691360186,-4.75079999991479,-2.565596499356687,-44.79899999999999,45.12319566516429,0.8033691833300844
2874,IP15_MAC,A	E	TR4c_1	TR4c_2	TR6c_1	TR6c_2	TR8c_1	TR8c_2	TRc0_1	TRc0_2	TR60_1	TR60_2,N	N	-85	-91	-86	-86	-83	-85	-83	-86	-86	-94,"[-85, -91, -86, -86, -83, -85, -83, -86, -86, -94]",-85,-91,-86,-86,-83,-85,-83,-86,-86,-94,183,31,1220339,-3.743252,-3.831361,-141.979764,1220339,1142762429,224024911,162032,0.324434,-0.041744,0.020951,-0.944755,1220339,-0.074728,-0.015197,-0.004104,0.0436189174652099,114.2762429,22.4024911,162.032,-0.0008368000000018,-0.0006380999999997,44.792000000000016,-70.82909999997256,-85.87473441365945,119.98981074000685,45.119182292535605,0.0763679619277613,35.02023600000001,IP15,208.1080410960789,83.09577865276687,-4.784099999909586,-2.5553344082374565,-44.792000000000016,45.119182292535605,0.409012125948474
2875,IP15_MAC,A	E	TR4c_1	TR4c_2	TR6c_1	TR6c_2	TR8c_1	TR8c_2	TRc0_1	TRc0_2	TR60_1	TR60_2,N	N	-87	-86	-87	-87	-88	-85	-88	-84	-85	-88,"[-87, -86, -87, -87, -88, -85, -88, -84, -85, -88]",-87,-86,-87,-87,-88,-85,-88,-84,-85,-88,90,60,1220339,-3.743252,-3.831361,-141.979764,1220339,1142762429,224024911,162032,0.324434,-0.041744,0.020951,-0.944755,1220339,-0.074728,-0.015197,-0.004104,0.0444459915161132,114.2762429,22.4024911,162.032,-0.0008368000000018,-0.0006380999999997,44.792000000000016,-70.82909999997256,-85.87473441365945,119.98981074000685,45.119182292535605,0.0763679619277613,128.020236,IP15,208.1080410960789,83.09577865276687,-4.784099999909586,-2.5553344082374565,-44.792000000000016,45.119182292535605,0.8700918092199975
2877,IP15_MAC,A	E	TR4c_1	TR4c_2	TR6c_1	TR6c_2	TR8c_1	TR8c_2	TRc0_1	TRc0_2	TR60_1	TR60_2,N	N	-92	-85	-86	-89	-86	-87	-86	-90	-87	-90,"[-92, -85, -86, -89, -86, -87, -86, -90, -87, -90]",-92,-85,-86,-89,-86,-87,-86,-90,-87,-90,179,90,1221339,-3.798194,-3.874921,-142.012866,1221339,1142762426,224024915,162005,0.324124,-0.042313,0.021165,-0.944831,1221339,-0.087929,-0.019343,-0.010093,0.0447566509246826,114.2762426,22.4024915,162.005,-0.0008370999999982,-0.0006376999999986,44.765,-70.78469999984804,-85.90552099723834,119.97557050031246,45.09537646998102,0.0905954156621625,38.98713399999997,IP15,207.60250705056785,83.06028435045562,-4.828500000034097,-2.524547824658569,-44.765,45.09537646998102,0.9926738283202726
2878,IP15_MAC,A	E	TR4c_1	TR4c_2	TR6c_1	TR6c_2	TR8c_1	TR8c_2	TRc0_1	TRc0_2	TR60_1	TR60_2,N	N	-88	-88	-127	-127	-88	-89	-81	-85	-83	-87,"[-88, -88, -127, -127, -88, -89, -81, -85, -83, -87]",-88,-88,-127,-127,-88,-89,-81,-85,-83,-87,330,60,1221739,-3.988153,-4.149732,-145.684513,1221739,1142762423,224024915,161984,0.293518,-0.043899,0.024309,-0.954636,1221739,-0.102074,-0.02998,-0.00489,0.0400760173797607,114.2762423,22.4024915,161.984,-0.0008373999999946,-0.0006376999999986,44.744000000000014,-70.78469999984804,-85.93630782795152,119.98978412001968,45.07281655438513,0.1064979529192932,244.315487,IP15,207.31486171299184,83.07497260891776,-4.828500000034097,-2.4937609939453864,-44.744000000000014,45.07281655438513,0.9078530845365732
2879,IP15_MAC,A	E	TR4c_1	TR4c_2	TR6c_1	TR6c_2	TR8c_1	TR8c_2	TRc0_1	TRc0_2	TR60_1	TR60_2,N	N	-88	-88	-88	-86	-88	-89	-81	-85	-83	-87,"[-88, -88, -88, -86, -88, -89, -81, -85, -83, -87]",-88,-88,-88,-86,-88,-89,-81,-85,-83,-87,331,60,1221739,-3.988153,-4.149732,-145.684513,1221739,1142762423,224024915,161984,0.293518,-0.043899,0.024309,-0.954636,1221739,-0.102074,-0.02998,-0.00489,0.0409107208251953,114.2762423,22.4024915,161.984,-0.0008373999999946,-0.0006376999999986,44.744000000000014,-70.78469999984804,-85.93630782795152,119.98978412001968,45.07281655438513,0.1064979529192932,243.315487,IP15,207.31486171299184,83.07497260891776,-4.828500000034097,-2.4937609939453864,-44.744000000000014,45.07281655438513,0.9084789440103516
2880,IP15_MAC,A	E	TR4c_1	TR4c_2	TR6c_1	TR6c_2	TR8c_1	TR8c_2	TRc0_1	TRc0_2	TR60_1	TR60_2,N	N	-89	-89	-85	-91	-88	-87	-78	-88	-85	-95,"[-89, -89, -85, -91, -88, -87, -78, -88, -85, -95]",-89,-89,-85,-91,-88,-87,-78,-88,-85,-95,330,60,1221739,-3.988153,-4.149732,-145.684513,1221739,1142762423,224024915,161984,0.293518,-0.043899,0.024309,-0.954636,1221739,-0.102074,-0.02998,-0.00489,0.0396358966827392,114.2762423,22.4024915,161.984,-0.0008373999999946,-0.0006376999999986,44.744000000000014,-70.78469999984804,-85.93630782795152,119.98978412001968,45.07281655438513,0.1064979529192932,244.315487,IP15,207.31486171299184,83.07497260891776,-4.828500000034097,-2.4937609939453864,-44.744000000000014,45.07281655438513,0.9078530845365732
2881,IP15_MAC,A	E	TR4c_1	TR4c_2	TR6c_1	TR6c_2	TR8c_1	TR8c_2	TRc0_1	TRc0_2	TR60_1	TR60_2,N	N	-90	-88	-127	-127	-91	-88	-76	-77	-80	-88,"[-90, -88, -127, -127, -91, -88, -76, -77, -80, -88]",-90,-88,-127,-127,-91,-88,-76,-77,-80,-88,331,60,1221939,-4.082175,-4.040536,-149.261679,1221939,1142762418,224024914,161996,0.263586,-0.043658,0.024531,-0.963335,1221939,-0.111361,-0.024089,-0.00405,0.0416107177734375,114.2762418,22.4024914,161.996,-0.0008379000000076,-0.0006377999999997,44.756000000000014,-70.79579999997776,-85.98761927628274,120.03755871576116,45.080732453476735,0.1140085731074641,239.73832100000004,IP15,206.8852708406803,83.11877056608768,-4.8173999999043815,-2.442449545614167,-44.756000000000014,45.080732453476735,0.9101118618037533
2882,IP15_MAC,A	E	TR4c_1	TR4c_2	TR6c_1	TR6c_2	TR8c_1	TR8c_2	TRc0_1	TRc0_2	TR60_1	TR60_2,N	N	-90	-88	-90	-87	-91	-88	-76	-77	-80	-88,"[-90, -88, -90, -87, -91, -88, -76, -77, -80, -88]",-90,-88,-90,-87,-91,-88,-76,-77,-80,-88,332,60,1222139,-3.798554,-3.999928,-151.397773,1222139,1142762415,224024913,162002,0.245705,-0.040711,0.025611,-0.96815,1222139,-0.101054,-0.021402,-0.00338,0.0400364398956298,114.2762415,22.4024913,162.002,-0.000838200000004,-0.0006378999999974,44.762000000000015,-70.80689999971312,-86.01840616890502,120.06839688864048,45.08384722318473,0.1033507664219283,236.602227,IP15,206.64617694290231,83.14968201445146,-4.806300000169017,-2.411662652991893,-44.762000000000015,45.08384722318473,0.9115138341210018
2884,IP15_MAC,A	E	TR4c_1	TR4c_2	TR6c_1	TR6c_2	TR8c_1	TR8c_2	TRc0_1	TRc0_2	TR60_1	TR60_2,N	N	-90	-91	-88	-80	-88	-86	-77	-86	-82	-90,"[-90, -91, -88, -80, -88, -86, -77, -86, -82, -90]",-90,-91,-88,-80,-88,-86,-77,-86,-82,-90,329,59,1222739,-4.013076,-3.899339,-146.494265,1222739,1142762416,224024910,161992,0.28685,-0.043307,0.022465,-0.956732,1222739,-0.115771,0.014313,0.003575,0.0395524501800537,114.2762416,22.402491,161.992,-0.0008380999999957,-0.0006381999999973,44.752,-70.84019999970792,-86.00814407665229,120.07695985287434,45.07093023749666,0.1167071850187468,244.505735,IP15,206.90423524128684,83.1798544037463,-4.773000000174221,-2.421924745244624,-44.752,45.07093023749666,0.8995591580547739
2885,IP15_MAC,A	E	TR4c_1	TR4c_2	TR6c_1	TR6c_2	TR8c_1	TR8c_2	TRc0_1	TRc0_2	TR60_1	TR60_2,N	N	-82	-89	-90	-86	-85	-86	-73	-84	-78	-86,"[-82, -89, -90, -86, -85, -86, -73, -84, -78, -86]",-82,-89,-90,-86,-85,-86,-73,-84,-78,-86,330,60,1222939,-4.16746,-3.150602,-145.98908,1222939,1142762417,224024909,161978,0.291293,-0.04279,0.015636,-0.955549,1222939,-0.107428,-0.010607,0.004954,0.043381929397583,114.2762417,22.4024909,161.978,-0.0008380000000016,-0.0006382999999985,44.738000000000014,-70.85129999983764,-85.99788186206926,120.07094169876996,45.05640763551818,0.1080639891406938,244.01092,IP15,207.0561172311917,83.18435163015816,-4.7619000000445055,-2.4321869598276464,-44.738000000000014,45.05640763551818,0.9073225702328332
2887,IP15_MAC,A	E	TR4c_1	TR4c_2	TR6c_1	TR6c_2	TR8c_1	TR8c_2	TRc0_1	TRc0_2	TR60_1	TR60_2,N	N	-83	-81	-87	-90	-90	-87	-79	-85	-79	-91,"[-83, -81, -87, -90, -90, -87, -79, -85, -79, -91]",-83,-81,-87,-90,-90,-87,-79,-85,-79,-91,179,90,1223339,-3.189493,-5.000197,-144.072456,1223339,1142762416,224024905,161980,0.306936,-0.039896,0.032897,-0.950324,1223339,-0.102848,-0.008123,0.051935,0.0422489643096923,114.2762416,22.4024905,161.98,-0.0008380999999957,-0.0006386999999996,44.74,-70.89569999996215,-86.00814438605005,120.10524043194894,45.053169968629255,0.1155029802992113,36.92754400000001,IP15,207.175579071025,83.24046379626655,-4.717499999919994,-2.421924435846861,-44.74,45.053169968629255,0.9930488804928196
2888,IP15_MAC,A	E	TR4c_1	TR4c_2	TR6c_1	TR6c_2	TR8c_1	TR8c_2	TRc0_1	TRc0_2	TR60_1	TR60_2,N	N	-88	-88	-91	-90	-87	-83	-84	-81	-84	-87,"[-88, -88, -91, -90, -87, -83, -84, -81, -84, -87]",-88,-88,-91,-90,-87,-83,-84,-81,-84,-87,90,60,1223539,-2.924905,-5.212094,-138.85904,1223339,1142762416,224024905,161980,0.349879,-0.03984,0.033591,-0.935344,1223339,-0.102848,-0.008123,0.051935,0.0427913665771484,114.2762416,22.4024905,161.98,-0.0008380999999957,-0.0006386999999996,44.74,-70.89569999996215,-86.00814438605005,120.10524043194894,45.053169968629255,0.1155029802992113,131.14096,IP15,207.175579071025,83.24046379626655,-4.717499999919994,-2.421924435846861,-44.74,45.053169968629255,0.8742084801648968
2889,IP15_MAC,A	E	TR4c_1	TR4c_2	TR6c_1	TR6c_2	TR8c_1	TR8c_2	TRc0_1	TRc0_2	TR60_1	TR60_2,N	N	-81	-77	-89	-84	-87	-86	-79	-84	-88	-89,"[-81, -77, -89, -84, -87, -86, -79, -84, -88, -89]",-81,-77,-89,-84,-87,-86,-79,-84,-88,-89,179,89,1223539,-2.924905,-5.212094,-138.85904,1223539,1142762418,224024903,161993,0.349879,-0.03984,0.033591,-0.935344,1223539,-0.115279,0.033044,0.085194,0.0425231456756591,114.2762418,22.4024903,161.993,-0.0008379000000076,-0.0006388999999984,44.753,-70.91789999982723,-85.98761995679541,120.10849401778285,45.06486888418906,0.1471025880567708,42.14096000000001,IP15,207.48300735095637,83.25541278215483,-4.695300000054914,-2.442448865101497,-44.753,45.06486888418906,0.9909453416924392
2890,IP15_MAC,A	E	TR4c_1	TR4c_2	TR6c_1	TR6c_2	TR8c_1	TR8c_2	TRc0_1	TRc0_2	TR60_1	TR60_2,N	N	-76	-76	-85	-82	-85	-85	-76	-84	-86	-90,"[-76, -76, -85, -82, -85, -85, -76, -84, -86, -90]",-76,-76,-85,-82,-85,-85,-76,-84,-86,-90,178,89,1223739,-3.466151,-3.263802,-137.270685,1223539,1142762418,224024903,161993,0.363268,-0.038522,0.015491,-0.930759,1223539,-0.115279,0.033044,0.085194,0.0409553050994873,114.2762418,22.4024903,161.993,-0.0008379000000076,-0.0006388999999984,44.753,-70.91789999982723,-85.98761995679541,120.10849401778285,45.06486888418906,0.1471025880567708,44.72931500000004,IP15,207.48300735095637,83.25541278215483,-4.695300000054914,-2.442448865101497,-44.753,45.06486888418906,0.9909707876945376
2891,IP15_MAC,A	E	TR4c_1	TR4c_2	TR6c_1	TR6c_2	TR8c_1	TR8c_2	TRc0_1	TRc0_2	TR60_1	TR60_2,N	N	-83	-79	-84	-82	-87	-83	-75	-85	-86	-84,"[-83, -79, -84, -82, -87, -83, -75, -85, -86, -84]",-83,-79,-84,-82,-87,-83,-75,-85,-86,-84,330,61,1223939,-2.868549,-3.553753,-137.000764,1223939,1142762422,224024897,162000,0.365564,-0.034637,0.019667,-0.929934,1223939,-0.119805,0.001824,0.026152,0.043760061264038,114.2762422,22.4024897,162.0,-0.0008375000000029,-0.0006394999999983,44.760000000000005,-70.98449999981682,-85.94657121886273,120.12106370034788,45.0671745734618,0.1226396840545506,252.999236,IP15,208.21548088775228,83.30659533695372,-4.628700000065322,-2.4834976030341807,-44.760000000000005,45.0671745734618,0.9087658396210208
2892,IP15_MAC,A	E	TR4c_1	TR4c_2	TR6c_1	TR6c_2	TR8c_1	TR8c_2	TRc0_1	TRc0_2	TR60_1	TR60_2,N	N	-88	-77	-83	-88	-86	-83	-79	-87	-85	-90,"[-88, -77, -83, -88, -86, -83, -79, -87, -85, -90]",-88,-77,-83,-88,-86,-83,-79,-87,-85,-90,179,90,1224139,-1.990249,-4.240277,-137.214141,1224139,1142762422,224024894,162006,0.363941,-0.029652,0.028106,-0.930525,1224139,-0.11513,0.024144,0.120047,0.0426030158996582,114.2762422,22.4024894,162.006,-0.0008375000000029,-0.0006397999999983,44.766000000000005,-71.01779999981161,-85.94657140436848,120.14298068959108,45.06972616494934,0.1680747805145079,43.78585899999996,IP15,208.388169863284,83.34450334884497,-4.595400000070526,-2.483497417528426,-44.766000000000005,45.06972616494934,0.993260971592378
2906,IP15_MAC,A	E	TR4c_1	TR4c_2	TR6c_1	TR6c_2	TR8c_1	TR8c_2	TRc0_1	TRc0_2	TR60_1	TR60_2,N	N	-88	-86	-88	-89	-91	-93	-80	-83	-92	-89,"[-88, -86, -88, -89, -91, -93, -80, -83, -92, -89]",-88,-86,-88,-89,-91,-93,-80,-83,-92,-89,330,61,1229939,-2.495091,-4.576704,-137.010654,1229739,1142762440,224024881,170675,0.365309,-0.034869,0.029166,-0.929776,1229739,0.0392,-0.029971,1.940943,0.0417406558990478,114.276244,22.4024881,170.675,-0.0008356999999961,-0.0006410999999992,53.43500000000002,-71.16209999992051,-85.76185121651237,123.58980065313598,53.68641263298698,1.9415701455497305,252.989346,IP15,210.9406338969523,84.45286654476507,-4.451099999961627,-2.668217605384541,-53.43500000000002,53.68641263298698,0.905323877515076
2907,IP15_MAC,A	E	TR4c_1	TR4c_2	TR6c_1	TR6c_2	TR8c_1	TR8c_2	TRc0_1	TRc0_2	TR60_1	TR60_2,N	N	-88	-85	-87	-88	-90	-91	-83	-82	-91	-91,"[-88, -85, -87, -88, -90, -91, -83, -82, -91, -91]",-88,-85,-87,-88,-90,-91,-83,-82,-91,-91,180,90,1230139,-2.136714,-4.832579,-137.083347,1230139,1142762440,224024882,171437,0.364786,-0.032758,0.03241,-0.92995,1230139,0.037348,-0.046169,1.93722,0.0444991588592529,114.276244,22.4024882,171.437,-0.0008356999999961,-0.0006409999999981,54.19700000000002,-71.1509999997908,-85.76185115481002,123.91478815488496,54.445802623891694,1.9381299693428715,42.916653,IP15,210.8777407581507,84.5204054017276,-4.462200000091343,-2.6682176670868927,-54.19700000000002,54.445802623891694,0.995430269884891
2908,IP15_MAC,A	E	TR4c_1	TR4c_2	TR6c_1	TR6c_2	TR8c_1	TR8c_2	TRc0_1	TRc0_2	TR60_1	TR60_2,N	N	-90	-90	-89	-92	-91	-91	-86	-82	-92	-90,"[-90, -90, -89, -92, -91, -91, -86, -82, -92, -90]",-90,-90,-89,-92,-91,-91,-86,-82,-92,-90,90,60,1230339,-2.30562,-5.088128,-137.107951,1230339,1142762440,224024883,171819,0.364441,-0.034934,0.033952,-0.929951,1230339,0.038346,-0.042103,1.934545,0.0445432662963867,114.276244,22.4024883,171.819,-0.0008356999999961,-0.0006408999999969,54.57899999999999,-71.13989999966108,-85.76185109310767,124.07597557899012,54.82697365111631,1.9353830203218172,132.892049,IP15,210.8150776869125,84.54861211944416,-4.473300000221059,-2.6682177287892443,-54.57899999999999,54.82697365111631,0.872046846406322
2909,IP15_MAC,A	E	TR4c_1	TR4c_2	TR6c_1	TR6c_2	TR8c_1	TR8c_2	TRc0_1	TRc0_2	TR60_1	TR60_2,N	N	-86	-88	-92	-91	-88	-88	-86	-87	-89	-92,"[-86, -88, -92, -91, -88, -88, -86, -87, -89, -92]",-86,-88,-92,-91,-88,-88,-86,-87,-89,-92,178,88,1230539,-2.560335,-4.996203,-137.130246,1230539,1142762440,224024884,172212,0.364181,-0.036701,0.032399,-0.930041,1230539,0.035735,-0.029857,1.930739,0.0433261394500732,114.276244,22.4024884,172.212,-0.0008356999999961,-0.0006407999999993,54.972,-71.12879999992572,-85.76185103140531,124.24299604308642,55.21910913385967,1.931300472944332,44.869754,IP15,210.75264357443825,84.57750172341188,-4.484399999956423,-2.668217790491596,-54.972,55.21910913385967,0.9917201133289808
2910,IP15_MAC,A	E	TR4c_1	TR4c_2	TR6c_1	TR6c_2	TR8c_1	TR8c_2	TRc0_1	TRc0_2	TR60_1	TR60_2,N	N	-85	-86	-88	-89	-91	-87	-88	-82	-87	-92,"[-85, -86, -88, -89, -91, -87, -88, -82, -87, -92]",-85,-86,-88,-89,-91,-87,-88,-82,-87,-92,90,62,1230939,-2.628441,-5.04516,-137.099945,1230939,1142762440,224024887,172970,0.364382,-0.037417,0.032569,-0.929927,1230939,0.036281,-0.032593,1.924533,0.0448992252349853,114.276244,22.4024887,172.97,-0.0008356999999961,-0.0006404999999993,55.73,-71.09549999993092,-85.76185084629826,124.561222219529,55.976440584007015,1.92515087271076,132.900055,IP15,210.5667039504785,84.62163132731916,-4.517699999951219,-2.668217975598651,-55.73,55.976440584007015,0.8884597150239574
2911,IP15_MAC,A	E	TR4c_1	TR4c_2	TR6c_1	TR6c_2	TR8c_1	TR8c_2	TRc0_1	TRc0_2	TR60_1	TR60_2,N	N	-88	-87	-91	-88	-93	-88	-84	-83	-88	-89,"[-88, -87, -91, -88, -93, -88, -84, -83, -88, -89]",-88,-87,-91,-88,-93,-88,-84,-83,-88,-89,0,89,1231539,-3.235888,-4.981454,-137.06907,1231539,1142762440,224024890,174096,0.364389,-0.042148,0.030099,-0.929805,1231539,0.019049,-0.032349,1.830823,0.0413832664489746,114.276244,22.402489,174.096,-0.0008356999999961,-0.0006401999999994,56.85600000000001,-71.06219999993613,-85.76185066119122,125.05013408094926,57.1002252635892,1.8312078471683653,222.93093,IP15,210.3827855050963,84.6988642080963,-4.550999999946015,-2.668218160705692,-56.85600000000001,57.1002252635892,0.9971451320812992
2912,IP15_MAC,A	E	TR4c_1	TR4c_2	TR6c_1	TR6c_2	TR8c_1	TR8c_2	TRc0_1	TRc0_2	TR60_1	TR60_2,N	N	-127	-127	-93	-91	-92	-87	-89	-86	-91	-93,"[-127, -127, -93, -91, -92, -87, -89, -86, -91, -93]",-127,-127,-93,-91,-92,-87,-89,-86,-91,-93,91,60,1232139,-3.225167,-4.805097,-137.105041,1232139,1142762441,224024892,175019,0.364166,-0.041491,0.028715,-0.929966,1232139,-0.008602,-0.017362,1.335257,0.042708396911621,114.2762441,22.4024892,175.019,-0.000835600000002,-0.000639999999997,57.77900000000001,-71.0399999996767,-85.75158826119842,125.45289685882972,58.02155855676337,1.3353975773143367,131.894959,IP15,210.35710788120932,84.75913891955075,-4.573200000205446,-2.678480560698489,-57.77900000000001,58.02155855676337,0.8715399680410734
2913,IP15_MAC,A	E	TR4c_1	TR4c_2	TR6c_1	TR6c_2	TR8c_1	TR8c_2	TRc0_1	TRc0_2	TR60_1	TR60_2,N	N	-90	-81	-127	-127	-90	-89	-85	-81	-88	-91,"[-90, -81, -127, -127, -90, -89, -85, -81, -88, -91]",-90,-81,-127,-127,-90,-89,-85,-81,-88,-91,180,90,1232339,-2.825355,-4.647676,-137.275166,1232139,1142762441,224024892,175019,0.363007,-0.037706,0.028772,-0.930578,1232139,-0.008602,-0.017362,1.335257,0.0420207977294921,114.2762441,22.4024892,175.019,-0.000835600000002,-0.000639999999997,57.77900000000001,-71.0399999996767,-85.75158826119842,125.45289685882972,58.02155855676337,1.3353975773143367,42.72483399999999,IP15,210.35710788120932,84.75913891955075,-4.573200000205446,-2.678480560698489,-57.77900000000001,58.02155855676337,0.9958195098029632
2914,IP15_MAC,A	E	TR4c_1	TR4c_2	TR6c_1	TR6c_2	TR8c_1	TR8c_2	TRc0_1	TRc0_2	TR60_1	TR60_2,N	N	-90	-81	-90	-90	-90	-89	-85	-81	-88	-91,"[-90, -81, -90, -90, -90, -89, -85, -81, -88, -91]",-90,-81,-90,-90,-90,-89,-85,-81,-88,-91,180,90,1232339,-2.825355,-4.647676,-137.275166,1232339,1142762441,224024892,175285,0.363007,-0.037706,0.028772,-0.930578,1232339,-0.016205,-0.021183,1.420875,0.0403769016265869,114.2762441,22.4024892,175.285,-0.000835600000002,-0.000639999999997,58.045,-71.0399999996767,-85.75158826119842,125.575628663655,58.28645161060947,1.4211252890364736,42.72483399999999,IP15,210.35710788120932,84.7830231306605,-4.573200000205446,-2.678480560698489,-58.045,58.28645161060947,0.9958575002605664
2915,IP15_MAC,A	E	TR4c_1	TR4c_2	TR6c_1	TR6c_2	TR8c_1	TR8c_2	TRc0_1	TRc0_2	TR60_1	TR60_2,N	N	-90	-81	-92	-88	-89	-89	-80	-78	-89	-91,"[-90, -81, -92, -88, -89, -89, -80, -78, -89, -91]",-90,-81,-92,-88,-89,-89,-80,-78,-89,-91,180,90,1232539,-2.433265,-4.817905,-137.328732,1232539,1142762441,224024892,175569,0.362678,-0.035049,0.031419,-0.930725,1232539,-0.013418,-0.023535,1.527151,0.0388298034667968,114.2762441,22.4024892,175.569,-0.000835600000002,-0.000639999999997,58.32899999999999,-71.0399999996767,-85.75158826119842,125.70715465029096,58.56928083352158,1.5273912778819971,42.671268,IP15,210.35710788120932,84.80828509427151,-4.573200000205446,-2.678480560698489,-58.32899999999999,58.56928083352158,0.9958974938721792
2916,IP15_MAC,A	E	TR4c_1	TR4c_2	TR6c_1	TR6c_2	TR8c_1	TR8c_2	TRc0_1	TRc0_2	TR60_1	TR60_2,N	N	-86	-80	-92	-88	-89	-89	-80	-78	-89	-91,"[-86, -80, -92, -88, -89, -89, -80, -78, -89, -91]",-86,-80,-92,-88,-89,-89,-80,-78,-89,-91,180,90,1232739,-2.542296,-4.903617,-137.331724,1232739,1142762442,224024891,175872,0.362582,-0.036204,0.031769,-0.930706,1232739,-0.011922,-0.011901,1.645983,0.0385656356811523,114.2762442,22.4024891,175.872,-0.0008355000000079,-0.0006400999999982,58.63200000000002,-71.05109999980641,-85.74132604629791,125.84730917806728,58.87065073637312,1.6460691978692754,42.66827599999999,IP15,210.5136157381722,84.8392071993077,-4.562100000075731,-2.688742775598996,-58.63200000000002,58.87065073637312,0.9959461848410376
2917,IP15_MAC,A	E	TR4c_1	TR4c_2	TR6c_1	TR6c_2	TR8c_1	TR8c_2	TRc0_1	TRc0_2	TR60_1	TR60_2,N	N	-93	-88	-96	-91	-91	-92	-86	-84	-87	-90,"[-93, -88, -96, -91, -91, -92, -86, -84, -87, -90]",-93,-88,-96,-91,-91,-92,-86,-84,-87,-90,87,60,1232939,-2.785724,-4.423204,-137.342708,1232739,1142762442,224024891,175872,0.362547,-0.036657,0.027097,-0.93085,1232739,-0.011922,-0.011901,1.645983,0.0393493175506591,114.2762442,22.4024891,175.872,-0.0008355000000079,-0.0006400999999982,58.63200000000002,-71.05109999980641,-85.74132604629791,125.84730917806728,58.87065073637312,1.6460691978692754,135.657292,IP15,210.5136157381722,84.8392071993077,-4.562100000075731,-2.688742775598996,-58.63200000000002,58.87065073637312,0.8742641253465245
2918,IP15_MAC,A	E	TR4c_1	TR4c_2	TR6c_1	TR6c_2	TR8c_1	TR8c_2	TRc0_1	TRc0_2	TR60_1	TR60_2,N	N	-90	-88	-96	-91	-91	-92	-86	-84	-87	-90,"[-90, -88, -96, -91, -91, -92, -86, -84, -87, -90]",-90,-88,-96,-91,-91,-92,-86,-84,-87,-90,88,61,1232939,-2.785724,-4.423204,-137.342708,1232939,1142762442,224024891,176207,0.362547,-0.036657,0.027097,-0.93085,1232939,-0.010633,-0.013694,1.809893,0.0432426929473876,114.2762442,22.4024891,176.207,-0.0008355000000079,-0.0006400999999982,58.967,-71.05109999980641,-85.74132604629791,126.00373364452362,59.20430037694919,1.809976037900502,134.657292,IP15,210.5136157381722,84.86836941983285,-4.562100000075731,-2.688742775598996,-58.967,59.20430037694919,0.881710119155674
2919,IP15_MAC,A	E	TR4c_1	TR4c_2	TR6c_1	TR6c_2	TR8c_1	TR8c_2	TRc0_1	TRc0_2	TR60_1	TR60_2,N	N	-89	-86	-91	-91	-91	-88	-86	-86	-89	-89,"[-89, -86, -91, -91, -91, -88, -86, -86, -89, -89]",-89,-86,-91,-91,-91,-88,-86,-86,-89,-89,180,90,1233739,-2.779061,-4.932574,-137.035245,1233739,1142762444,224024891,177774,0.364879,-0.038298,0.031152,-0.929745,1233739,-0.023391,-0.037165,1.966238,0.045933723449707,114.2762444,22.4024891,177.774,-0.0008353000000056,-0.0006400999999982,60.534000000000006,-71.05109999980641,-85.72080149164861,126.7307372958633,60.766092863351375,1.9667283108629925,42.96475499999997,IP15,210.7045550258532,84.9907097751138,-4.562100000075731,-2.709267330248295,-60.534000000000006,60.766092863351375,0.996180553127329
2934,IP15_MAC,A	E	TR4c_1	TR4c_2	TR6c_1	TR6c_2	TR8c_1	TR8c_2	TRc0_1	TRc0_2	TR60_1	TR60_2,N	N	-86	-86	-88	-92	-92	-88	-83	-82	-89	-93,"[-86, -86, -88, -92, -92, -88, -83, -82, -89, -93]",-86,-86,-88,-92,-92,-88,-83,-82,-89,-93,180,89,1244139,-2.712402,-4.295228,-137.160247,1244139,1142762383,224024925,178874,0.364097,-0.035699,0.026233,-0.930307,1244139,-0.015255,0.044363,0.002805,0.039778709411621,114.2762383,22.4024925,178.874,-0.0008413999999987,-0.0006366999999976,61.634,-70.67369999973394,-86.34679828824244,127.47270846060664,61.86670051302119,0.046996370274735,42.83975299999997,IP15,202.8679435798882,85.02899678583336,-4.9395000001482,-2.0832705336544706,-61.634,61.86670051302119,0.9946656159815126
2935,IP15_MAC,A	E	TR4c_1	TR4c_2	TR6c_1	TR6c_2	TR8c_1	TR8c_2	TRc0_1	TRc0_2	TR60_1	TR60_2,N	N	-85	-85	-87	-93	-93	-87	-83	-81	-90	-93,"[-85, -85, -87, -93, -93, -87, -83, -81, -90, -93]",-85,-85,-87,-93,-93,-87,-83,-81,-90,-93,181,89,1244339,-2.729745,-4.041001,-137.11306,1244139,1142762383,224024925,178874,0.364553,-0.035042,0.0241,-0.930211,1244139,-0.015255,0.044363,0.002805,0.042651891708374,114.2762383,22.4024925,178.874,-0.0008413999999987,-0.0006366999999976,61.634,-70.67369999973394,-86.34679828824244,127.47270846060664,61.86670051302119,0.046996370274735,41.88693999999998,IP15,202.8679435798882,85.02899678583336,-4.9395000001482,-2.0832705336544706,-61.634,61.86670051302119,0.9946572231476598
2937,IP15_MAC,A	E	TR4c_1	TR4c_2	TR6c_1	TR6c_2	TR8c_1	TR8c_2	TRc0_1	TRc0_2	TR60_1	TR60_2,N	N	-88	-91	-127	-127	-92	-89	-91	-89	-90	-91,"[-88, -91, -127, -127, -92, -89, -91, -89, -90, -91]",-88,-91,-127,-127,-92,-89,-91,-89,-90,-91,210,60,1244739,-3.013478,-3.720579,-137.119836,1244539,1142762385,224024924,178875,0.364497,-0.036323,0.020595,-0.930268,1244539,-0.012072,0.039373,0.003011,0.0417180061340332,114.2762385,22.4024924,178.875,-0.0008411999999964,-0.0006367999999987,61.635000000000005,-70.68479999986366,-86.32627379620365,127.46544521382194,61.86750605180651,0.0412920383851415,12.880164000000036,IP15,203.11626975445367,85.03110795549232,-4.928400000018485,-2.103795025693259,-61.635000000000005,61.86750605180651,0.8201526278221101
2942,IP15_MAC,A	E	TR4c_1	TR4c_2	TR6c_1	TR6c_2	TR8c_1	TR8c_2	TRc0_1	TRc0_2	TR60_1	TR60_2,N	N	-89	-86	-88	-93	-91	-91	-85	-89	-93	-92,"[-89, -86, -88, -93, -91, -91, -85, -89, -93, -92]",-89,-86,-88,-93,-91,-91,-85,-89,-93,-92,179,89,1245939,-2.949992,-4.034142,-137.020709,1245739,1142762391,224024923,178870,0.365224,-0.036825,0.023311,-0.929899,1245739,0.013896,0.02451,0.005007,0.0406436920166015,114.2762391,22.4024923,178.87,-0.0008406000000036,-0.0006368999999999,61.63000000000001,-70.69589999999337,-86.26470019724013,127.42749184115956,61.86376613632212,0.0286165854881395,43.97929099999999,IP15,203.7666403382569,85.01750233976924,-4.917299999888769,-2.1653686246567787,-61.63000000000001,61.86376613632212,0.99464712544489
2943,IP15_MAC,A	E	TR4c_1	TR4c_2	TR6c_1	TR6c_2	TR8c_1	TR8c_2	TRc0_1	TRc0_2	TR60_1	TR60_2,N	N	-89	-87	-87	-92	-89	-90	-89	-87	-92	-93,"[-89, -87, -87, -92, -89, -90, -89, -87, -92, -93]",-89,-87,-87,-92,-89,-90,-89,-87,-92,-93,181,88,1246139,-3.115,-3.842754,-137.048278,1245939,1142762392,224024923,178871,0.365002,-0.037548,0.021239,-0.930007,1245939,0.016314,0.024251,0.005795,0.0463671684265136,114.2762392,22.4024923,178.871,-0.0008404999999953,-0.0006368999999999,61.631000000000014,-70.69589999999337,-86.25443791942256,127.42102847883696,61.86512240441063,0.029796637763345,41.95172200000002,IP15,203.86671678107,85.0137593272643,-4.917299999888769,-2.175630902474353,-61.631000000000014,61.86512240441063,0.9927252456006436
2946,IP15_MAC,A	E	TR4c_1	TR4c_2	TR6c_1	TR6c_2	TR8c_1	TR8c_2	TRc0_1	TRc0_2	TR60_1	TR60_2,N	N	-87	-84	-90	-89	-92	-88	-86	-91	-91	-90,"[-87, -84, -90, -89, -92, -88, -86, -91, -91, -90]",-87,-84,-90,-89,-92,-88,-86,-91,-91,-90,179,89,1246939,-3.441765,-4.215352,-137.11235,1246939,1142762396,224024925,178912,0.364231,-0.041371,0.02324,-0.930099,1246939,0.0153,0.019244,0.005767,0.0448236465454101,114.2762396,22.4024925,178.912,-0.0008401000000048,-0.0006366999999976,61.67200000000001,-70.67369999973394,-86.21338868847293,127.40076861935373,61.90919087716606,0.0252523231604539,43.88765000000001,IP15,204.16892610687265,84.98295712316573,-4.9395000001482,-2.216680133423978,-61.67200000000001,61.90919087716606,0.9945802576559286
2949,IP15_MAC,A	E	TR4c_1	TR4c_2	TR6c_1	TR6c_2	TR8c_1	TR8c_2	TRc0_1	TRc0_2	TR60_1	TR60_2,N	N	-87	-82	-127	-127	-127	-127	-86	-91	-127	-127,"[-87, -82, -127, -127, -127, -127, -86, -91, -127, -127]",-87,-82,-127,-127,-127,-127,-86,-91,-127,-127,179,89,1247139,-3.498012,-3.644214,-137.165725,1247139,1142762397,224024925,178913,0.363979,-0.040003,0.018443,-0.930365,1247139,0.00314,0.012,0.006506,0.0483052730560302,114.2762397,22.4024925,178.913,-0.0008399999999966,-0.0006366999999976,61.673000000000016,-70.67369999973394,-86.20312641067014,127.39430836433144,61.91055533392013,0.0140066996826518,43.83427499999999,IP15,204.2679321470752,84.97915701962526,-4.9395000001482,-2.226942411226773,-61.673000000000016,61.91055533392013,0.9945720051731488
2950,IP15_MAC,A	E	TR4c_1	TR4c_2	TR6c_1	TR6c_2	TR8c_1	TR8c_2	TRc0_1	TRc0_2	TR60_1	TR60_2,N	N	-86	-84	-87	-89	-127	-127	-86	-90	-127	-127,"[-86, -84, -87, -89, -127, -127, -86, -90, -127, -127]",-86,-84,-87,-89,-127,-127,-86,-90,-127,-127,179,89,1247339,-2.896419,-3.538089,-137.181818,1247139,1142762397,224024925,178913,0.36409,-0.034782,0.019506,-0.93051,1247139,0.00314,0.012,0.006506,0.0458126068115234,114.2762397,22.4024925,178.913,-0.0008399999999966,-0.0006366999999976,61.673000000000016,-70.67369999973394,-86.20312641067014,127.39430836433144,61.91055533392013,0.0140066996826518,43.81818199999998,IP15,204.2679321470752,84.97915701962526,-4.9395000001482,-2.226942411226773,-61.673000000000016,61.91055533392013,0.9945718615551729
2953,IP15_MAC,A	E	TR4c_1	TR4c_2	TR6c_1	TR6c_2	TR8c_1	TR8c_2	TRc0_1	TRc0_2	TR60_1	TR60_2,N	N	-90	-84	-89	-87	-127	-127	-87	-85	-127	-127,"[-90, -84, -89, -87, -127, -127, -87, -85, -127, -127]",-90,-84,-89,-87,-127,-127,-87,-85,-127,-127,181,90,1247539,-2.996009,-3.833923,-137.161941,1247339,1142762398,224024925,178912,0.364125,-0.036534,0.021584,-0.930383,1247339,0.009043,-0.005823,0.006999,0.0437862873077392,114.2762398,22.4024925,178.912,-0.0008399000000025,-0.0006366999999976,61.67200000000001,-70.67369999973394,-86.1928641343257,127.38688034225002,61.90992916379049,0.0128323489276125,41.83805899999999,IP15,204.3667841521612,84.97518007898478,-4.9395000001482,-2.2372046875712077,-61.67200000000001,61.90992916379049,0.996156849684628
2954,IP15_MAC,A	E	TR4c_1	TR4c_2	TR6c_1	TR6c_2	TR8c_1	TR8c_2	TRc0_1	TRc0_2	TR60_1	TR60_2,N	N	-89	-83	-89	-84	-127	-127	-83	-81	-127	-127,"[-89, -83, -89, -84, -127, -127, -83, -81, -127, -127]",-89,-83,-89,-84,-127,-127,-83,-81,-127,-127,88,60,1247539,-2.996009,-3.833923,-137.161941,1247539,1142762398,224024924,178914,0.364125,-0.036534,0.021584,-0.930383,1247539,0.021468,-0.012465,0.005873,0.0414233207702636,114.2762398,22.4024924,178.914,-0.0008399000000025,-0.0006367999999987,61.67399999999999,-70.68479999986366,-86.19286419633816,127.39400718004408,61.911036876285664,0.0255096722440724,134.838059,IP15,204.41526316903204,84.98466195656269,-4.928400000018485,-2.2372046255587463,-61.67399999999999,61.911036876285664,0.877962484165316
2961,IP15_MAC,A	E	TR4c_1	TR4c_2	TR6c_1	TR6c_2	TR8c_1	TR8c_2	TRc0_1	TRc0_2	TR60_1	TR60_2,N	N	-127	-127	-127	-127	-127	-127	-82	-91	-86	-90,"[-127, -127, -127, -127, -127, -127, -82, -91, -86, -90]",-127,-127,-127,-127,-127,-127,-82,-91,-86,-90,329,60,1248739,-5.130114,0.329963,137.864641,1248539,1142762363,224024904,178930,0.359071,0.042792,-0.013406,0.932232,1248539,0.071158,-0.051433,0.014107,0.0456314086914062,114.2762363,22.4024904,178.93,-0.0008434000000079,-0.0006387999999972,61.69000000000001,-70.90679999969751,-86.55204513594475,127.76809814430096,61.89776469248899,0.0889259349233956,168.864641,IP15,201.7537857794753,85.30422181817731,-4.70640000018463,-1.878023685952158,-61.69000000000001,61.89776469248899,0.8974905035975005
2963,IP15_MAC,A	E	TR4c_1	TR4c_2	TR6c_1	TR6c_2	TR8c_1	TR8c_2	TRc0_1	TRc0_2	TR60_1	TR60_2,N	N	-78	-75	-127	-127	-127	-127	-81	-86	-127	-127,"[-78, -75, -127, -127, -127, -127, -81, -86, -127, -127]",-78,-75,-127,-127,-127,-127,-81,-86,-127,-127,179,89,1248939,-5.060598,1.04897,120.800547,1248739,1142762358,224024893,178943,0.493152,0.042897,-0.013856,0.868775,1248739,0.04156,-0.08501,0.010364,0.0414597988128662,114.2762358,22.4024893,178.943,-0.0008439000000066,-0.0006398999999994,61.70300000000002,-71.02889999994133,-86.60335720674455,127.8769186510242,61.90002335067728,0.0951911035549016,301.800547,IP15,201.72585881863924,85.42736711399053,-4.584299999940811,-1.8267116151523624,-61.70300000000002,61.90002335067728,0.9964218592169072
2964,IP15_MAC,A	E	TR4c_1	TR4c_2	TR6c_1	TR6c_2	TR8c_1	TR8c_2	TRc0_1	TRc0_2	TR60_1	TR60_2,N	N	-86	-79	-88	-92	-87	-91	-78	-92	-87	-86,"[-86, -79, -88, -92, -87, -91, -78, -92, -87, -86]",-86,-79,-88,-92,-87,-91,-78,-92,-87,-86,179,90,1249139,-4.718844,3.079663,106.294295,1248939,1142762355,224024881,178942,0.598207,0.049029,-0.003201,0.799834,1248939,0.06395,-0.075439,0.011857,0.0426533222198486,114.2762355,22.4024881,178.942,-0.000844200000003,-0.0006410999999992,61.70200000000001,-71.16209999992051,-86.6341447859042,127.97131054726172,61.8884031006837,0.0996053897638074,287.29429500000003,IP15,201.97302617551657,85.55196062207801,-4.451099999961627,-1.7959240359927122,-61.70200000000001,61.8884031006837,0.9969880770654166
2965,IP15_MAC,A	E	TR4c_1	TR4c_2	TR6c_1	TR6c_2	TR8c_1	TR8c_2	TRc0_1	TRc0_2	TR60_1	TR60_2,N	N	-87	-79	-127	-127	-127	-127	-80	-91	-88	-86,"[-87, -79, -127, -127, -127, -127, -80, -91, -88, -86]",-87,-79,-127,-127,-127,-127,-80,-91,-88,-86,178,90,1249139,-4.718844,3.079663,106.294295,1249139,1142762357,224024870,178965,0.598207,0.049029,-0.003201,0.799834,1249139,0.046509,-0.061311,0.009551,0.044717788696289,114.2762357,22.402487,178.965,-0.0008440000000007,-0.0006421999999979,61.72500000000001,-71.28419999976998,-86.613620916574,128.03644841562576,61.90327413791393,0.0775457761776874,288.29429500000003,IP15,202.7629156471494,85.65060076015419,-4.32900000011216,-1.816447905322903,-61.72500000000001,61.90327413791393,0.9971201177902682
2966,IP15_MAC,A	E	TR4c_1	TR4c_2	TR6c_1	TR6c_2	TR8c_1	TR8c_2	TRc0_1	TRc0_2	TR60_1	TR60_2,N	N	-89	-82	-127	-127	-127	-127	-85	-90	-127	-127,"[-89, -82, -127, -127, -127, -127, -85, -90, -127, -127]",-89,-82,-127,-127,-127,-127,-85,-90,-127,-127,179,90,1249339,-4.400791,4.050499,94.600478,1249339,1142762362,224024862,178952,0.676281,0.052144,-7.2e-05,0.734796,1249339,0.023009,-0.050084,-0.002158,0.0468132495880126,114.2762362,22.4024862,178.952,-0.0008435000000019,-0.0006430000000001,61.712,-71.373000000019,-86.56231002813063,128.04495144443968,61.88569110020935,0.0551586629732809,275.600478,IP15,203.7729333341954,85.70628792114702,-4.240199999863137,-1.867758793766285,-61.712,61.88569110020935,0.997193356054987
2968,IP15_MAC,A	E	TR4c_1	TR4c_2	TR6c_1	TR6c_2	TR8c_1	TR8c_2	TRc0_1	TRc0_2	TR60_1	TR60_2,N	N	-93	-86	-127	-127	-127	-127	-127	-127	-127	-127,"[-93, -86, -127, -127, -127, -127, -127, -127, -127, -127]",-93,-86,-127,-127,-127,-127,-127,-127,-127,-127,180,90,1249539,-3.565105,4.423655,85.031873,1249339,1142762362,224024862,178952,0.73541,0.049436,0.003155,0.67581,1249339,0.023009,-0.050084,-0.002158,0.0405020713806152,114.2762362,22.4024862,178.952,-0.0008435000000019,-0.0006430000000001,61.712,-71.373000000019,-86.56231002813063,128.04495144443968,61.88569110020935,0.0551586629732809,265.031873,IP15,203.7729333341954,85.70628792114702,-4.240199999863137,-1.867758793766285,-61.712,61.88569110020935,0.997193356054987
2969,IP15_MAC,A	E	TR4c_1	TR4c_2	TR6c_1	TR6c_2	TR8c_1	TR8c_2	TRc0_1	TRc0_2	TR60_1	TR60_2,N	N	-89	-86	-127	-127	-127	-127	-127	-127	-127	-127,"[-89, -86, -127, -127, -127, -127, -127, -127, -127, -127]",-89,-86,-127,-127,-127,-127,-127,-127,-127,-127,180,90,1249739,-2.01205,4.069721,77.572094,1249539,1142762368,224024856,178953,0.77852,0.038662,0.008559,0.62637,1249539,0.002123,-0.013293,-0.012479,0.0475749969482421,114.2762368,22.4024856,178.953,-0.0008428999999949,-0.0006436,61.71300000000001,-71.4396000000086,-86.50073673630166,128.04096326209122,61.88404986953789,0.0183558279301152,257.572094,IP15,204.80970727358343,85.73901775288073,-4.173599999873545,-1.9293320855952487,-61.71300000000001,61.88404986953789,0.9972359619336728
2970,IP15_MAC,A	E	TR4c_1	TR4c_2	TR6c_1	TR6c_2	TR8c_1	TR8c_2	TRc0_1	TRc0_2	TR60_1	TR60_2,N	N	-84	-80	-127	-127	-127	-127	-127	-127	-127	-127,"[-84, -80, -127, -127, -127, -127, -127, -127, -127, -127]",-84,-80,-127,-127,-127,-127,-127,-127,-127,-127,180,90,1249739,-2.01205,4.069721,77.572094,1249539,1142762368,224024856,178953,0.77852,0.038662,0.008559,0.62637,1249539,0.002123,-0.013293,-0.012479,0.0449984073638916,114.2762368,22.4024856,178.953,-0.0008428999999949,-0.0006436,61.71300000000001,-71.4396000000086,-86.50073673630166,128.04096326209122,61.88404986953789,0.0183558279301152,257.572094,IP15,204.80970727358343,85.73901775288073,-4.173599999873545,-1.9293320855952487,-61.71300000000001,61.88404986953789,0.9972359619336728
2971,IP15_MAC,A	E	TR4c_1	TR4c_2	TR6c_1	TR6c_2	TR8c_1	TR8c_2	TRc0_1	TRc0_2	TR60_1	TR60_2,N	N	-83	-81	-127	-127	-89	-91	-127	-127	-127	-127,"[-83, -81, -127, -127, -89, -91, -127, -127, -127, -127]",-83,-81,-127,-127,-89,-91,-127,-127,-127,-127,180,90,1249939,-1.01389,3.687573,71.677009,1249739,1142762373,224024852,178963,0.810079,0.031258,0.011666,0.58537,1249739,-0.030681,0.018321,-0.028919,0.0416259765625,114.2762373,22.4024852,178.963,-0.0008423999999962,-0.0006439999999976,61.723,-71.48399999973876,-86.4494255979036,128.03590969399997,61.8926649064486,0.0459705488655508,251.677009,IP15,205.6255224214853,85.75660646874768,-4.129200000143385,-1.980643223993312,-61.723,61.8926649064486,0.997258723522326
2972,IP15_MAC,A	E	TR4c_1	TR4c_2	TR6c_1	TR6c_2	TR8c_1	TR8c_2	TRc0_1	TRc0_2	TR60_1	TR60_2,N	N	-80	-78	-127	-127	-127	-127	-127	-127	-127	-127,"[-80, -78, -127, -127, -127, -127, -127, -127, -127, -127]",-80,-78,-127,-127,-127,-127,-127,-127,-127,-127,180,90,1250139,-1.218451,3.89655,66.714866,1249939,1142762379,224024848,178951,0.834552,0.034236,0.009815,0.549778,1249939,-0.058737,0.029296,-0.046146,0.0466103553771972,114.2762379,22.4024848,178.951,-0.0008418000000034,-0.0006443999999987,61.711,-71.52839999986327,-86.38785218229724,128.01336075664477,61.87975243036458,0.0802355538461597,246.714866,IP15,206.56299360437072,85.7675960490853,-4.084800000018873,-2.0422166395996726,-61.711,61.87975243036458,0.9972728974545512
2975,IP15_MAC,A	E	TR4c_1	TR4c_2	TR6c_1	TR6c_2	TR8c_1	TR8c_2	TRc0_1	TRc0_2	TR60_1	TR60_2,N	N	-79	-76	-127	-127	-127	-127	-127	-127	-127	-127,"[-79, -76, -127, -127, -127, -127, -127, -127, -127, -127]",-79,-76,-127,-127,-127,-127,-127,-127,-127,-127,180,90,1250739,1.093437,1.832352,56.73987,1250539,1142762395,224024840,178912,0.879835,0.009535,0.015991,0.474914,1250539,-0.063014,0.119763,-0.044868,0.0425565242767334,114.2762395,22.402484,178.912,-0.0008401999999989,-0.0006451999999974,61.67200000000001,-71.61719999971794,-86.22365623775816,127.93348980937984,61.84069741272943,0.1425730612317768,236.73987,IP15,208.90551717459,85.76694970531058,-3.9960000001642015,-2.2064125841387465,-61.67200000000001,61.84069741272943,0.9972720648409976
2976,IP15_MAC,A	E	TR4c_1	TR4c_2	TR6c_1	TR6c_2	TR8c_1	TR8c_2	TRc0_1	TRc0_2	TR60_1	TR60_2,N	N	-127	-127	-127	-127	-85	-88	-83	-87	-127	-127,"[-127, -127, -127, -127, -85, -88, -83, -87, -127, -127]",-127,-127,-127,-127,-85,-88,-83,-87,-127,-127,330,60,1250939,1.787106,1.894734,54.670477,1250739,1142762400,224024839,178901,0.88824,0.007526,0.021441,0.458817,1250739,-0.033238,0.092424,-0.047508,0.0431344509124755,114.27624,22.4024839,178.901,-0.0008397000000002,-0.0006452999999986,61.661000000000016,-71.62829999984766,-86.17234491197901,127.89982529111307,61.83086337957519,0.1091053183121702,84.670477,IP15,209.53458009964316,85.75200173576295,-3.984900000034486,-2.2577239099179,-61.661000000000016,61.83086337957519,0.8424748047303596
2977,IP15_MAC,A	E	TR4c_1	TR4c_2	TR6c_1	TR6c_2	TR8c_1	TR8c_2	TRc0_1	TRc0_2	TR60_1	TR60_2,N	N	-76	-75	-127	-127	-84	-86	-83	-87	-127	-127,"[-76, -75, -127, -127, -84, -86, -83, -87, -127, -127]",-76,-75,-127,-127,-84,-86,-83,-87,-127,-127,179,89,1251139,2.60223,1.782339,53.238354,1250939,1142762403,224024838,178884,0.893839,0.003729,0.027262,0.447542,1250939,-0.016849,0.078479,-0.019549,0.04231858253479,114.2762403,22.4024838,178.884,-0.0008394000000038,-0.0006453999999997,61.64399999999999,-71.63939999997737,-86.14155814155797,127.87710665874548,61.81432765608041,0.0826135923622741,234.238354,IP15,209.937632127766,85.74562846139057,-3.97379999990477,-2.288510680338945,-61.64399999999999,61.81432765608041,0.9982726292819276
2978,IP15_MAC,A	E	TR4c_1	TR4c_2	TR6c_1	TR6c_2	TR8c_1	TR8c_2	TRc0_1	TRc0_2	TR60_1	TR60_2,N	N	-76	-74	-127	-127	-84	-87	-82	-88	-127	-127,"[-76, -74, -127, -127, -84, -87, -82, -88, -127, -127]",-76,-74,-127,-127,-84,-87,-82,-88,-127,-127,179,89,1251139,2.60223,1.782339,53.238354,1250939,1142762403,224024838,178884,0.893839,0.003729,0.027262,0.447542,1250939,-0.016849,0.078479,-0.019549,0.042205810546875,114.2762403,22.4024838,178.884,-0.0008394000000038,-0.0006453999999997,61.64399999999999,-71.63939999997737,-86.14155814155797,127.87710665874548,61.81432765608041,0.0826135923622741,234.238354,IP15,209.937632127766,85.74562846139057,-3.97379999990477,-2.288510680338945,-61.64399999999999,61.81432765608041,0.9982726292819276
2979,IP15_MAC,A	E	TR4c_1	TR4c_2	TR6c_1	TR6c_2	TR8c_1	TR8c_2	TRc0_1	TRc0_2	TR60_1	TR60_2,N	N	-127	-127	-87	-92	-85	-86	-83	-86	-91	-89,"[-127, -127, -87, -92, -85, -86, -83, -86, -91, -89]",-127,-127,-87,-92,-85,-86,-83,-86,-91,-89,122,30,1251339,1.881611,2.80168,52.037419,1251139,1142762406,224024838,178877,0.898452,0.014766,0.025471,0.438084,1251139,-0.008325,0.014498,0.011041,0.0395045280456543,114.2762406,22.4024838,178.877,-0.0008391000000074,-0.0006453999999997,61.637000000000015,-71.63939999997737,-86.11077130913924,127.8529950248004,61.80849453264437,0.0200350021212876,290.037419,IP15,210.2698557720081,85.73087221375559,-3.97379999990477,-2.319297512757672,-61.637000000000015,61.80849453264437,0.5100649391988725
2980,IP15_MAC,A	E	TR4c_1	TR4c_2	TR6c_1	TR6c_2	TR8c_1	TR8c_2	TRc0_1	TRc0_2	TR60_1	TR60_2,N	N	-76	-73	-87	-92	-85	-86	-83	-86	-91	-89,"[-76, -73, -87, -92, -85, -86, -83, -86, -91, -89]",-76,-73,-87,-92,-85,-86,-83,-86,-91,-89,180,89,1251339,1.881611,2.80168,52.037419,1251139,1142762406,224024838,178877,0.898452,0.014766,0.025471,0.438084,1251139,-0.008325,0.014498,0.011041,0.0393478870391845,114.2762406,22.4024838,178.877,-0.0008391000000074,-0.0006453999999997,61.637000000000015,-71.63939999997737,-86.11077130913924,127.8529950248004,61.80849453264437,0.0200350021212876,232.037419,IP15,210.2698557720081,85.73087221375559,-3.97379999990477,-2.319297512757672,-61.637000000000015,61.80849453264437,0.9982800514800207
2981,IP15_MAC,A	E	TR4c_1	TR4c_2	TR6c_1	TR6c_2	TR8c_1	TR8c_2	TRc0_1	TRc0_2	TR60_1	TR60_2,N	N	-77	-75	-127	-127	-83	-85	-84	-86	-127	-127,"[-77, -75, -127, -127, -83, -85, -84, -86, -127, -127]",-77,-75,-127,-127,-83,-85,-84,-86,-127,-127,180,89,1251539,1.3017,2.773339,50.942224,1251539,1142762408,224024838,178884,0.902612,0.016962,0.020657,0.429625,1251539,-0.036608,-0.033725,0.529085,0.0511615276336669,114.2762408,22.4024838,178.884,-0.000838900000005,-0.0006453999999997,61.64399999999999,-71.63939999997737,-86.0902467537073,127.84254751244193,61.816248590075645,0.5314211686732097,230.942224,IP15,210.49009734158943,85.72176100190092,-3.97379999990477,-2.339822068189605,-61.64399999999999,61.816248590075645,0.9982815384341532
2982,IP15_MAC,A	E	TR4c_1	TR4c_2	TR6c_1	TR6c_2	TR8c_1	TR8c_2	TRc0_1	TRc0_2	TR60_1	TR60_2,N	N	-77	-75	-88	-90	-83	-85	-84	-86	-127	-127,"[-77, -75, -88, -90, -83, -85, -84, -86, -127, -127]",-77,-75,-88,-90,-83,-85,-84,-86,-127,-127,180,89,1251739,2.136082,1.847396,49.891547,1251539,1142762408,224024838,178884,0.906572,0.006754,0.023695,0.421331,1251539,-0.036608,-0.033725,0.529085,0.0458045005798339,114.2762408,22.4024838,178.884,-0.000838900000005,-0.0006453999999997,61.64399999999999,-71.63939999997737,-86.0902467537073,127.84254751244193,61.816248590075645,0.5314211686732097,229.891547,IP15,210.49009734158943,85.72176100190092,-3.97379999990477,-2.339822068189605,-61.64399999999999,61.816248590075645,0.9982896753263856
2983,IP15_MAC,A	E	TR4c_1	TR4c_2	TR6c_1	TR6c_2	TR8c_1	TR8c_2	TRc0_1	TRc0_2	TR60_1	TR60_2,N	N	-127	-127	-88	-90	-127	-127	-127	-127	-127	-127,"[-127, -127, -88, -90, -127, -127, -127, -127, -127, -127]",-127,-127,-88,-90,-127,-127,-127,-127,-127,-127,239,30,1251739,2.136082,1.847396,49.891547,1251539,1142762408,224024838,178884,0.906572,0.006754,0.023695,0.421331,1251539,-0.036608,-0.033725,0.529085,0.0472028255462646,114.2762408,22.4024838,178.884,-0.000838900000005,-0.0006453999999997,61.64399999999999,-71.63939999997737,-86.0902467537073,127.84254751244193,61.816248590075645,0.5314211686732097,170.891547,IP15,210.49009734158943,85.72176100190092,-3.97379999990477,-2.339822068189605,-61.64399999999999,61.816248590075645,0.548387193688634
2985,IP15_MAC,A	E	TR4c_1	TR4c_2	TR6c_1	TR6c_2	TR8c_1	TR8c_2	TRc0_1	TRc0_2	TR60_1	TR60_2,N	N	-84	-85	-127	-127	-88	-87	-84	-88	-89	-90,"[-84, -85, -127, -127, -88, -87, -84, -88, -89, -90]",-84,-85,-127,-127,-88,-87,-84,-88,-89,-90,153,89,1252339,-9.687888,4.24556,49.739226,1252139,1142762406,224024838,179488,0.902105,0.068967,-0.061035,0.421574,1252139,0.054394,0.117976,0.966866,0.0411348342895507,114.2762406,22.4024838,179.488,-0.0008391000000074,-0.0006453999999997,62.248000000000005,-71.63939999997737,-86.11077130913924,128.1486717520382,62.41781581721622,0.9755546656994676,256.73922600000003,IP15,210.2698557720081,85.77262350481324,-3.97379999990477,-2.319297512757672,-62.248000000000005,62.41781581721622,0.998013545305721
2986,IP15_MAC,A	E	TR4c_1	TR4c_2	TR6c_1	TR6c_2	TR8c_1	TR8c_2	TRc0_1	TRc0_2	TR60_1	TR60_2,N	N	-86	-79	-87	-93	-86	-88	-74	-85	-127	-127,"[-86, -79, -87, -93, -86, -88, -74, -85, -127, -127]",-86,-79,-87,-93,-86,-88,-74,-85,-127,-127,179,90,1252939,-12.052065,2.11148,49.361445,1252939,1142762443,224024860,179883,0.902681,0.06047,-0.087718,0.416913,1252939,0.871597,1.164205,-0.059241,0.0436611175537109,114.2762443,22.402486,179.883,-0.0008353999999997,-0.0006431999999989,62.643000000000015,-71.39519999988408,-85.73106568033019,127.95012956112448,62.84283245492816,1.455528807174561,230.361445,IP15,212.61426207817104,85.42956099801981,-4.217999999998057,-2.6990031415667204,-62.643000000000015,62.84283245492816,0.9968201233597884
2987,IP15_MAC,A	E	TR4c_1	TR4c_2	TR6c_1	TR6c_2	TR8c_1	TR8c_2	TRc0_1	TRc0_2	TR60_1	TR60_2,N	N	-84	-76	-127	-127	-85	-85	-127	-127	-83	-91,"[-84, -76, -127, -127, -85, -85, -127, -127, -83, -91]",-84,-76,-127,-127,-85,-85,-127,-127,-83,-91,180,90,1253139,-11.851389,1.351192,49.389608,1252939,1142762443,224024860,179883,0.903134,0.053777,-0.088886,0.416601,1252939,0.871597,1.164205,-0.059241,0.0567104816436767,114.2762443,22.402486,179.883,-0.0008353999999997,-0.0006431999999989,62.643000000000015,-71.39519999988408,-85.73106568033019,127.95012956112448,62.84283245492816,1.455528807174561,229.389608,IP15,212.61426207817104,85.42956099801981,-4.217999999998057,-2.6990031415667204,-62.643000000000015,62.84283245492816,0.9968201233597884
2988,IP15_MAC,A	E	TR4c_1	TR4c_2	TR6c_1	TR6c_2	TR8c_1	TR8c_2	TRc0_1	TRc0_2	TR60_1	TR60_2,N	N	-84	-80	-88	-88	-87	-87	-81	-89	-127	-127,"[-84, -80, -88, -88, -87, -87, -81, -89, -127, -127]",-84,-80,-88,-88,-87,-87,-81,-89,-127,-127,179,90,1253339,-12.224053,1.219194,49.474667,1253139,1142762465,224024874,179881,0.902562,0.054153,-0.092265,0.417057,1253139,1.145905,1.419604,-0.080641,0.0400457382202148,114.2762465,22.4024874,179.881,-0.0008332000000024,-0.0006418000000003,62.641000000000005,-71.23980000003982,-85.5052947158205,127.71123446856582,62.86156068799276,1.8261644933362384,230.474667,IP15,213.7731952286236,85.19895065760039,-4.37339999984232,-2.9247741060764127,-62.641000000000005,62.86156068799276,0.9964913265662066
2989,IP15_MAC,A	E	TR4c_1	TR4c_2	TR6c_1	TR6c_2	TR8c_1	TR8c_2	TRc0_1	TRc0_2	TR60_1	TR60_2,N	N	-82	-79	-127	-127	-127	-127	-127	-127	-127	-127,"[-82, -79, -127, -127, -127, -127, -127, -127, -127, -127]",-82,-79,-127,-127,-127,-127,-127,-127,-127,-127,180,90,1253339,-12.224053,1.219194,49.474667,1253139,1142762465,224024874,179881,0.902562,0.054153,-0.092265,0.417057,1253139,1.145905,1.419604,-0.080641,0.0429110527038574,114.2762465,22.4024874,179.881,-0.0008332000000024,-0.0006418000000003,62.641000000000005,-71.23980000003982,-85.5052947158205,127.71123446856582,62.86156068799276,1.8261644933362384,229.474667,IP15,213.7731952286236,85.19895065760039,-4.37339999984232,-2.9247741060764127,-62.641000000000005,62.86156068799276,0.9964913265662066
2990,IP15_MAC,A	E	TR4c_1	TR4c_2	TR6c_1	TR6c_2	TR8c_1	TR8c_2	TRc0_1	TRc0_2	TR60_1	TR60_2,N	N	-127	-127	-127	-127	-127	-127	-78	-87	-127	-127,"[-127, -127, -127, -127, -127, -127, -78, -87, -127, -127]",-127,-127,-127,-127,-127,-127,-78,-87,-127,-127,329,60,1253539,-13.073459,2.397043,49.354969,1253339,1142762492,224024894,179874,0.901588,0.066394,-0.09474,0.41684,1253339,1.415823,1.642367,-0.064005,0.0423288345336914,114.2762492,22.4024894,179.874,-0.0008305000000063,-0.0006397999999983,62.634,-71.01779999981161,-85.22821200194353,127.39856354708822,62.88392119020672,2.169336481517563,80.35496899999998,IP15,214.86695490291888,84.8900893809301,-4.595400000070526,-3.201856819953377,-62.634,62.88392119020672,0.8313630958497145
2991,IP15_MAC,A	E	TR4c_1	TR4c_2	TR6c_1	TR6c_2	TR8c_1	TR8c_2	TRc0_1	TRc0_2	TR60_1	TR60_2,N	N	-127	-127	-87	-87	-86	-90	-75	-87	-127	-127,"[-127, -127, -87, -87, -86, -90, -75, -87, -127, -127]",-127,-127,-87,-87,-86,-90,-75,-87,-127,-127,330,60,1253539,-13.073459,2.397043,49.354969,1253339,1142762492,224024894,179874,0.901588,0.066394,-0.09474,0.41684,1253339,1.415823,1.642367,-0.064005,0.0429575443267822,114.2762492,22.4024894,179.874,-0.0008305000000063,-0.0006397999999983,62.634,-71.01779999981161,-85.22821200194353,127.39856354708822,62.88392119020672,2.169336481517563,79.35496899999998,IP15,214.86695490291888,84.8900893809301,-4.595400000070526,-3.201856819953377,-62.634,62.88392119020672,0.8308136172463539
2992,IP15_MAC,A	E	TR4c_1	TR4c_2	TR6c_1	TR6c_2	TR8c_1	TR8c_2	TRc0_1	TRc0_2	TR60_1	TR60_2,N	N	-82	-75	-87	-87	-86	-90	-75	-87	-127	-127,"[-82, -75, -87, -87, -86, -90, -75, -87, -127, -127]",-82,-75,-87,-87,-86,-90,-75,-87,-127,-127,179,90,1253739,-14.480315,3.286744,49.170899,1253539,1142762524,224024920,179849,0.900231,0.078274,-0.102714,0.415821,1253539,1.67111,1.881136,-0.031333,0.0405025482177734,114.2762524,22.402492,179.849,-0.0008272999999974,-0.0006371999999998,62.609,-70.72919999998817,-84.89981754304415,127.00584881209411,62.89835459764274,2.516398823613817,230.170899,IP15,215.86014345361644,84.5020622970551,-4.883999999893973,-3.53025127885276,-62.609,62.89835459764274,0.995399647582298
2993,IP15_MAC,A	E	TR4c_1	TR4c_2	TR6c_1	TR6c_2	TR8c_1	TR8c_2	TRc0_1	TRc0_2	TR60_1	TR60_2,N	N	-127	-127	-89	-90	-127	-127	-81	-92	-127	-127,"[-127, -127, -89, -90, -127, -127, -81, -92, -127, -127]",-127,-127,-89,-90,-127,-127,-81,-92,-127,-127,330,60,1253939,-15.698261,3.704648,49.048585,1253739,1142762560,224024950,179831,0.898973,0.085778,-0.110883,0.414963,1253739,1.900356,2.170509,0.009697,0.0464117527008056,114.276256,22.402495,179.831,-0.0008236999999979,-0.0006342000000003,62.591,-70.39620000004021,-84.53037374694902,126.56477527829198,62.9289916626345,2.8848841012467035,79.048585,IP15,216.778026794724,84.05899644539402,-5.216999999841931,-3.8996950749478856,-62.591,62.9289916626345,0.8230785642103361
2994,IP15_MAC,A	E	TR4c_1	TR4c_2	TR6c_1	TR6c_2	TR8c_1	TR8c_2	TRc0_1	TRc0_2	TR60_1	TR60_2,N	N	-88	-86	-89	-90	-127	-127	-81	-92	-127	-127,"[-88, -86, -89, -90, -127, -127, -81, -92, -127, -127]",-88,-86,-89,-90,-127,-127,-81,-92,-127,-127,330,60,1253939,-15.698261,3.704648,49.048585,1253739,1142762560,224024950,179831,0.898973,0.085778,-0.110883,0.414963,1253739,1.900356,2.170509,0.009697,0.0436568260192871,114.276256,22.402495,179.831,-0.0008236999999979,-0.0006342000000003,62.591,-70.39620000004021,-84.53037374694902,126.56477527829198,62.9289916626345,2.8848841012467035,79.048585,IP15,216.778026794724,84.05899644539402,-5.216999999841931,-3.8996950749478856,-62.591,62.9289916626345,0.8230785642103361
2995,IP15_MAC,A	E	TR4c_1	TR4c_2	TR6c_1	TR6c_2	TR8c_1	TR8c_2	TRc0_1	TRc0_2	TR60_1	TR60_2,N	N	-84	-75	-87	-86	-84	-86	-76	-84	-85	-91,"[-84, -75, -87, -86, -84, -86, -76, -84, -85, -91]",-84,-75,-87,-86,-84,-86,-76,-84,-85,-91,179,90,1254139,-16.079926,3.643211,49.11027,1253939,1142762601,224024985,179836,0.898334,0.086712,-0.114065,0.415292,1253939,2.152795,2.494876,0.033809,0.0429921150207519,114.2762601,22.4024985,179.836,-0.0008195999999998,-0.0006306999999985,62.59600000000002,-70.00769999983802,-84.10961828162482,126.07047696724226,62.9948183513647,3.295462883402269,230.11027,IP15,217.62331167221643,83.54936936057456,-5.605500000044117,-4.320450540272091,-62.59600000000002,62.9948183513647,0.993669029266182
2996,IP15_MAC,A	E	TR4c_1	TR4c_2	TR6c_1	TR6c_2	TR8c_1	TR8c_2	TRc0_1	TRc0_2	TR60_1	TR60_2,N	N	-82	-75	-87	-85	-84	-87	-74	-87	-85	-88,"[-82, -75, -87, -85, -84, -87, -74, -87, -85, -88]",-82,-75,-87,-85,-84,-87,-74,-87,-85,-88,178,90,1254339,-16.348939,3.879708,49.076297,1254139,1142762649,224025024,179848,0.897942,0.089487,-0.115351,0.415194,1254139,2.410095,2.839115,0.052359,0.0432221889495849,114.2762649,22.4025024,179.848,-0.0008148000000005,-0.0006267999999991,62.60800000000002,-69.57479999990568,-83.61702666297711,125.50785476209806,63.08240097985537,3.7244963897325767,231.076297,IP15,218.5573831721514,82.96880961239428,-6.038399999976463,-4.813042158919799,-62.60800000000002,63.08240097985537,0.9924796619582243
2999,IP15_MAC,A	E	TR4c_1	TR4c_2	TR6c_1	TR6c_2	TR8c_1	TR8c_2	TRc0_1	TRc0_2	TR60_1	TR60_2,N	N	-127	-127	-127	-127	-127	-127	-81	-90	-127	-127,"[-127, -127, -127, -127, -127, -127, -81, -90, -127, -127]",-127,-127,-127,-127,-127,-127,-81,-90,-127,-127,329,60,1254739,-17.262456,4.084219,49.198915,1254739,1142762831,224025170,179861,0.896161,0.094454,-0.121695,0.41613,1254739,3.16967,3.81733,0.024102,0.0422897338867187,114.2762831,22.402517,179.861,-0.000796600000001,-0.000612199999999,62.621,-67.95419999989605,-81.74928380341964,123.3779086425034,63.44038784924708,4.961793742610025,80.198915,IP15,221.0975083036606,80.78133513288049,-7.658999999986094,-6.680785018477266,-62.621,63.44038784924708,0.7926787868538487
3000,IP15_MAC,A	E	TR4c_1	TR4c_2	TR6c_1	TR6c_2	TR8c_1	TR8c_2	TRc0_1	TRc0_2	TR60_1	TR60_2,N	N	-85	-80	-127	-127	-127	-127	-81	-90	-127	-127,"[-85, -80, -127, -127, -127, -127, -81, -90, -127, -127]",-85,-80,-127,-127,-127,-127,-81,-90,-127,-127,178,90,1254939,-18.036947,3.463413,49.342295,1254939,1142762904,224025227,179862,0.895113,0.092511,-0.129915,0.416338,1254939,3.416561,4.143629,0.005304,0.0421094894409179,114.2762904,22.4025227,179.862,-0.000789300000008,-0.0006064999999999,62.622,-67.32149999999493,-81.00013439681103,122.5345707078242,63.604017942652064,5.370528697323756,231.342295,IP15,221.86252922703903,79.91872572051776,-8.291699999887214,-7.429934425085875,-62.622,63.604017942652064,0.9845604417076688
3001,IP15_MAC,A	E	TR4c_1	TR4c_2	TR6c_1	TR6c_2	TR8c_1	TR8c_2	TRc0_1	TRc0_2	TR60_1	TR60_2,N	N	-84	-77	-88	-89	-86	-83	-79	-84	-84	-89,"[-84, -77, -88, -89, -86, -83, -79, -84, -84, -89]",-84,-77,-88,-89,-86,-83,-79,-84,-84,-89,180,90,1255139,-18.503391,2.794174,49.424441,1254939,1142762904,224025227,179862,0.894712,0.089042,-0.135937,0.416033,1254939,3.416561,4.143629,0.005304,0.039656639099121,114.2762904,22.4025227,179.862,-0.000789300000008,-0.0006064999999999,62.622,-67.32149999999493,-81.00013439681103,122.5345707078242,63.604017942652064,5.370528697323756,229.424441,IP15,221.86252922703903,79.91872572051776,-8.291699999887214,-7.429934425085875,-62.622,63.604017942652064,0.9845604417076688
3002,IP15_MAC,A	E	TR4c_1	TR4c_2	TR6c_1	TR6c_2	TR8c_1	TR8c_2	TRc0_1	TRc0_2	TR60_1	TR60_2,N	N	-80	-74	-127	-127	-83	-84	-82	-86	-86	-89,"[-80, -74, -127, -127, -83, -84, -82, -86, -86, -89]",-80,-74,-127,-127,-83,-84,-82,-86,-86,-89,179,89,1255539,-19.543032,2.792059,49.489663,1255339,1142763070,224025357,179874,0.893025,0.092813,-0.144033,0.41611,1255339,3.957211,4.782233,0.004857,0.0427424907684326,114.276307,22.4025357,179.874,-0.0007726999999988,-0.0005934999999972,62.634,-65.87849999969464,-79.29658937506477,120.62729295117006,64.04063387334135,6.207197028873741,230.489663,IP15,223.1749299685572,77.96908925250575,-9.734700000187502,-9.13347944683214,-62.634,64.04063387334135,0.9814944951113868
3003,IP15_MAC,A	E	TR4c_1	TR4c_2	TR6c_1	TR6c_2	TR8c_1	TR8c_2	TRc0_1	TRc0_2	TR60_1	TR60_2,N	N	-127	-127	-90	-86	-80	-81	-76	-82	-79	-90,"[-127, -127, -90, -86, -80, -81, -76, -82, -79, -90]",-127,-127,-90,-86,-80,-81,-76,-82,-79,-90,331,61,1255739,-19.920619,2.680911,49.383149,1255539,1142763163,224025429,179874,0.892956,0.093156,-0.147476,0.414973,1255539,4.227986,5.112172,0.010171,0.0431478023529052,114.2763163,22.4025429,179.874,-0.0007633999999967,-0.0005862999999983,62.634,-65.07929999981954,-78.34219385655615,119.5651813143138,64.30976773809456,6.634023788246542,78.383149,IP15,223.76095204123143,76.89147968376308,-10.533900000062602,-10.08787496534076,-62.634,64.30976773809456,0.761347008751609
3004,IP15_MAC,A	E	TR4c_1	TR4c_2	TR6c_1	TR6c_2	TR8c_1	TR8c_2	TRc0_1	TRc0_2	TR60_1	TR60_2,N	N	-78	-70	-90	-86	-80	-81	-76	-82	-79	-90,"[-78, -70, -90, -86, -80, -81, -76, -82, -79, -90]",-78,-70,-90,-86,-80,-81,-76,-82,-79,-90,179,89,1255939,-20.241049,2.524249,49.418016,1255739,1142763262,224025505,179883,0.892488,0.093121,-0.15052,0.414894,1255739,4.503475,5.443567,0.008477,0.0425333976745605,114.2763262,22.4025505,179.883,-0.0007535000000018,-0.0005786999999983,62.643000000000015,-64.23569999981993,-77.3262245789236,118.44710047568492,64.62885046342407,7.064968550435522,230.418016,IP15,224.30259750437352,75.75980124186609,-11.377500000062213,-11.10384424297331,-62.643000000000015,64.62885046342407,0.9733940215983358
3005,IP15_MAC,A	E	TR4c_1	TR4c_2	TR6c_1	TR6c_2	TR8c_1	TR8c_2	TRc0_1	TRc0_2	TR60_1	TR60_2,N	N	-79	-74	-90	-88	-83	-81	-79	-87	-82	-93,"[-79, -74, -90, -88, -83, -81, -79, -87, -82, -93]",-79,-74,-90,-88,-83,-81,-79,-87,-82,-93,179,89,1255939,-20.241049,2.524249,49.418016,1255939,1142763366,224025587,179872,0.892488,0.093121,-0.15052,0.414894,1255939,4.777695,5.774123,0.013016,0.0415935516357421,114.2763366,22.4025587,179.872,-0.0007431000000082,-0.0005704999999984,62.63200000000002,-63.325499999830726,-76.25894372277911,117.25319983668912,64.97608238013154,7.49446698227499,230.418016,IP15,224.7269206833052,74.56304410788914,-12.287700000051416,-12.171125099117802,-62.63200000000002,64.97608238013154,0.9683996567606086
3006,IP15_MAC,A	E	TR4c_1	TR4c_2	TR6c_1	TR6c_2	TR8c_1	TR8c_2	TRc0_1	TRc0_2	TR60_1	TR60_2,N	N	-76	-70	-127	-127	-77	-79	-78	-81	-79	-86,"[-76, -70, -127, -127, -77, -79, -78, -81, -79, -86]",-76,-70,-127,-127,-77,-79,-78,-81,-79,-86,179,89,1256139,-20.568142,2.205036,49.206736,1256139,1142763478,224025674,179866,0.893025,0.091516,-0.1544,0.412665,1256139,5.056158,6.084397,0.007188,0.0395848751068115,114.2763478,22.4025674,179.866,-0.0007319000000052,-0.0005617999999998,62.62600000000002,-62.35979999998165,-75.10956454972657,115.98365065338844,65.38428191562765,7.911047480701718,230.206736,IP15,225.1446826697645,73.29836548436339,-13.253399999900497,-13.32050427217034,-62.62600000000002,65.38428191562765,0.9626644641564204
3007,IP15_MAC,A	E	TR4c_1	TR4c_2	TR6c_1	TR6c_2	TR8c_1	TR8c_2	TRc0_1	TRc0_2	TR60_1	TR60_2,N	N	-80	-74	-127	-127	-84	-84	-82	-86	-81	-94,"[-80, -74, -127, -127, -84, -84, -82, -86, -81, -94]",-80,-74,-127,-127,-84,-84,-82,-86,-81,-94,179,89,1256339,-21.265713,2.820453,48.93106,1256139,1142763478,224025674,179866,0.892446,0.098397,-0.157871,0.411017,1256139,5.056158,6.084397,0.007188,0.0435805320739746,114.2763478,22.4025674,179.866,-0.0007319000000052,-0.0005617999999998,62.62600000000002,-62.35979999998165,-75.10956454972657,115.98365065338844,65.38428191562765,7.911047480701718,229.93106,IP15,225.1446826697645,73.29836548436339,-13.253399999900497,-13.32050427217034,-62.62600000000002,65.38428191562765,0.9626665356292988
3008,IP15_MAC,A	E	TR4c_1	TR4c_2	TR6c_1	TR6c_2	TR8c_1	TR8c_2	TRc0_1	TRc0_2	TR60_1	TR60_2,N	N	-71	-69	-127	-127	-127	-127	-81	-80	-127	-127,"[-71, -69, -127, -127, -127, -127, -81, -80, -127, -127]",-71,-69,-127,-127,-127,-127,-81,-80,-127,-127,180,89,1257539,-23.788422,4.186258,48.832694,1257539,1142764435,224026421,179922,0.887326,0.117669,-0.172765,0.411046,1257539,7.005283,8.283779,0.004942,0.0404736995697021,114.2764435,22.4026421,179.922,-0.0006362000000024,-0.0004870999999972,62.682,-54.06809999970008,-65.28853570833722,105.42763137108028,70.20509249950338,10.848733052955724,228.832694,IP15,227.0460256177652,63.232472871028286,-21.54510000018206,-23.14153311355969,-62.682,70.20509249950338,0.9005614764883247
3009,IP15_MAC,A	E	TR4c_1	TR4c_2	TR6c_1	TR6c_2	TR8c_1	TR8c_2	TRc0_1	TRc0_2	TR60_1	TR60_2,N	N	-127	-127	-127	-127	-127	-127	-89	-96	-127	-127,"[-127, -127, -127, -127, -127, -127, -89, -96, -127, -127]",-127,-127,-127,-127,-127,-127,-89,-96,-127,-127,329,60,1257739,-24.112675,4.798986,48.780228,1257539,1142764435,224026421,179922,0.886291,0.123453,-0.17315,0.411422,1257539,7.005283,8.283779,0.004942,0.0412878990173339,114.2764435,22.4026421,179.922,-0.0006362000000024,-0.0004870999999972,62.682,-54.06809999970008,-65.28853570833722,105.42763137108028,70.20509249950338,10.848733052955724,79.78022800000002,IP15,227.0460256177652,63.232472871028286,-21.54510000018206,-23.14153311355969,-62.682,70.20509249950338,0.5837995538809245
3010,IP15_MAC,A	E	TR4c_1	TR4c_2	TR6c_1	TR6c_2	TR8c_1	TR8c_2	TRc0_1	TRc0_2	TR60_1	TR60_2,N	N	-80	-83	-127	-127	-127	-127	-88	-92	-127	-127,"[-80, -83, -127, -127, -127, -127, -88, -92, -127, -127]",-80,-83,-127,-127,-127,-127,-88,-92,-127,-127,210,60,1257939,-24.728247,3.921081,48.795406,1257739,1142764597,224026548,179924,0.886048,0.118815,-0.181075,0.409895,1257739,7.236594,8.609531,-0.008374,0.0431199073791503,114.2764597,22.4026548,179.924,-0.0006199999999978,-0.000474399999998,62.68400000000001,-52.65839999978894,-63.62604281707614,103.68444565651195,71.21408852953259,11.246883429851712,198.795406,IP15,227.21739000110296,61.66880307737308,-22.9548000000932,-24.80402600482077,-62.68400000000001,71.21408852953259,0.97097510582209
3011,IP15_MAC,A	E	TR4c_1	TR4c_2	TR6c_1	TR6c_2	TR8c_1	TR8c_2	TRc0_1	TRc0_2	TR60_1	TR60_2,N	N	-83	-90	-127	-127	-127	-127	-127	-127	-127	-127,"[-83, -90, -127, -127, -127, -127, -127, -127, -127, -127]",-83,-90,-127,-127,-127,-127,-127,-127,-127,-127,210,60,1258139,-24.758949,3.489968,48.83541,1257939,1142764764,224026679,179924,0.88629,0.115651,-0.182814,0.409504,1257939,7.484264,8.924116,-0.010094,0.0435223579406738,114.2764764,22.4026679,179.924,-0.0006032999999945,-0.0004612999999977,62.68400000000001,-51.20429999975329,-61.912238731412494,101.90333409265936,72.3068016712404,11.647066407125358,198.83541,IP15,227.37132431509403,60.10233474277901,-24.408900000128853,-26.517830090484416,-62.68400000000001,72.3068016712404,0.9697218684722154
3012,IP15_MAC,A	E	TR4c_1	TR4c_2	TR6c_1	TR6c_2	TR8c_1	TR8c_2	TRc0_1	TRc0_2	TR60_1	TR60_2,N	N	-76	-85	-127	-127	-127	-127	-127	-127	-127	-127,"[-76, -85, -127, -127, -127, -127, -127, -127, -127, -127]",-76,-85,-127,-127,-127,-127,-127,-127,-127,-127,210,60,1258339,-15.678061,3.152874,49.430172,1258139,1142764938,224026814,179926,0.898015,0.081752,-0.112449,0.417422,1258139,7.747886,9.242921,-0.001328,0.0410468578338623,114.2764938,22.4026814,179.926,-0.0005859000000043,-0.0004477999999998,62.68599999999999,-49.70579999998748,-60.12659895585626,100.07701560117152,73.49703651993332,12.060734962879378,199.430172,IP15,227.5307728483538,58.529068214552346,-25.907399999894665,-28.30346986604065,-62.68599999999999,73.49703651993332,0.968900414265992
3013,IP15_MAC,A	E	TR4c_1	TR4c_2	TR6c_1	TR6c_2	TR8c_1	TR8c_2	TRc0_1	TRc0_2	TR60_1	TR60_2,N	N	-79	-94	-127	-127	-86	-88	-90	-91	-127	-127,"[-79, -94, -127, -127, -86, -88, -90, -91, -127, -127]",-79,-94,-127,-127,-86,-88,-90,-91,-127,-127,210,60,1258339,-15.678061,3.152874,49.430172,1258139,1142764938,224026814,179926,0.898015,0.081752,-0.112449,0.417422,1258139,7.747886,9.242921,-0.001328,0.045886754989624,114.2764938,22.4026814,179.926,-0.0005859000000043,-0.0004477999999998,62.68599999999999,-49.70579999998748,-60.12659895585626,100.07701560117152,73.49703651993332,12.060734962879378,199.430172,IP15,227.5307728483538,58.529068214552346,-25.907399999894665,-28.30346986604065,-62.68599999999999,73.49703651993332,0.968900414265992
3014,IP15_MAC,A	E	TR4c_1	TR4c_2	TR6c_1	TR6c_2	TR8c_1	TR8c_2	TRc0_1	TRc0_2	TR60_1	TR60_2,N	N	-127	-127	-127	-127	-87	-91	-92	-92	-91	-93,"[-127, -127, -127, -127, -87, -91, -92, -92, -91, -93]",-127,-127,-127,-127,-87,-91,-92,-92,-91,-93,121,30,1258539,-11.073645,3.624826,49.674707,1258339,1142765117,224026955,179917,0.90155,0.069068,-0.074291,0.420615,1258339,7.93962,9.443565,0.0695,0.0442585945129394,114.2765117,22.4026955,179.917,-0.0005680000000012,-0.0004336999999985,62.67700000000001,-48.14069999983772,-58.28964796416425,98.20191640319742,74.77693196924896,12.337881337718605,288.674707,IP15,227.651340679834,56.94909014818895,-27.47250000004442,-30.140420857732657,-62.67700000000001,74.77693196924896,0.6479082031106191
3015,IP15_MAC,A	E	TR4c_1	TR4c_2	TR6c_1	TR6c_2	TR8c_1	TR8c_2	TRc0_1	TRc0_2	TR60_1	TR60_2,N	N	-88	-97	-127	-127	-87	-91	-92	-92	-91	-93,"[-88, -97, -127, -127, -87, -91, -92, -92, -91, -93]",-88,-97,-127,-127,-87,-91,-92,-92,-91,-93,121,30,1258539,-11.073645,3.624826,49.674707,1258339,1142765117,224026955,179917,0.90155,0.069068,-0.074291,0.420615,1258339,7.93962,9.443565,0.0695,0.0414202213287353,114.2765117,22.4026955,179.917,-0.0005680000000012,-0.0004336999999985,62.67700000000001,-48.14069999983772,-58.28964796416425,98.20191640319742,74.77693196924896,12.337881337718605,288.674707,IP15,227.651340679834,56.94909014818895,-27.47250000004442,-30.140420857732657,-62.67700000000001,74.77693196924896,0.6479082031106191
3016,IP15_MAC,A	E	TR4c_1	TR4c_2	TR6c_1	TR6c_2	TR8c_1	TR8c_2	TRc0_1	TRc0_2	TR60_1	TR60_2,N	N	-127	-127	-85	-96	-81	-77	-82	-86	-86	-89,"[-127, -127, -85, -96, -81, -77, -82, -86, -86, -89]",-127,-127,-85,-96,-81,-77,-82,-86,-86,-89,179,30,1258739,-11.468402,3.912201,49.883289,1258539,1142765299,224027097,179894,0.900251,0.072896,-0.076217,0.422404,1258539,7.879511,9.37107,0.090791,0.0414726734161376,114.2765299,22.4027097,179.894,-0.0005498000000017,-0.0004194999999995,62.65400000000001,-46.5644999999526,-56.4219105221691,96.31826598946456,76.11749395130099,12.243851091454111,230.883289,IP15,227.77498500023472,55.39857163202465,-29.04869999992954,-32.00815829972781,-62.65400000000001,76.11749395130099,0.9026224827611136
3017,IP15_MAC,A	E	TR4c_1	TR4c_2	TR6c_1	TR6c_2	TR8c_1	TR8c_2	TRc0_1	TRc0_2	TR60_1	TR60_2,N	N	-75	-90	-85	-96	-81	-77	-82	-86	-86	-89,"[-75, -90, -85, -96, -81, -77, -82, -86, -86, -89]",-75,-90,-85,-96,-81,-77,-82,-86,-86,-89,208,60,1258739,-11.468402,3.912201,49.883289,1258539,1142765299,224027097,179894,0.900251,0.072896,-0.076217,0.422404,1258539,7.879511,9.37107,0.090791,0.0417621135711669,114.2765299,22.4027097,179.894,-0.0005498000000017,-0.0004194999999995,62.65400000000001,-46.5644999999526,-56.4219105221691,96.31826598946456,76.11749395130099,12.243851091454111,201.883289,IP15,227.77498500023472,55.39857163202465,-29.04869999992954,-32.00815829972781,-62.65400000000001,76.11749395130099,0.968276076873188
3018,IP15_MAC,A	E	TR4c_1	TR4c_2	TR6c_1	TR6c_2	TR8c_1	TR8c_2	TRc0_1	TRc0_2	TR60_1	TR60_2,N	N	-82	-98	-127	-127	-127	-127	-127	-127	-127	-127,"[-82, -98, -127, -127, -127, -127, -127, -127, -127, -127]",-82,-98,-127,-127,-127,-127,-127,-127,-127,-127,210,60,1258939,-11.154351,3.724907,49.950482,1258739,1142765482,224027239,179907,0.900403,0.070327,-0.074391,0.42284,1258739,7.792363,9.289696,0.080383,0.0432312488555908,114.2765482,22.4027239,179.907,-0.0005315000000081,-0.000405299999997,62.667000000000016,-44.98829999967313,-54.54391120254338,94.4782423372256,77.54552899572273,12.125420995696354,199.950482,IP15,227.8940365893508,53.91379281524768,-30.62490000020901,-33.88615761935353,-62.667000000000016,77.54552899572273,0.9600275366870534
3019,IP15_MAC,A	E	TR4c_1	TR4c_2	TR6c_1	TR6c_2	TR8c_1	TR8c_2	TRc0_1	TRc0_2	TR60_1	TR60_2,N	N	-82	-98	-127	-127	-89	-84	-127	-127	-127	-127,"[-82, -98, -127, -127, -89, -84, -127, -127, -127, -127]",-82,-98,-127,-127,-89,-84,-127,-127,-127,-127,209,59,1259139,-10.017754,3.269402,50.100969,1258939,1142765663,224027381,179909,0.901068,0.062692,-0.067029,0.423855,1258939,7.705355,9.222156,0.05826,0.0454764366149902,114.2765663,22.4027381,179.909,-0.0005134000000026,-0.000391099999998,62.669,-43.41209999978801,-52.686436783065545,92.67078616418206,79.00583290835831,12.017655811012435,201.100969,IP15,227.9846097996969,52.48744391360293,-32.20110000009413,-35.743632038831365,-62.669,79.00583290835831,0.959652542883431
3020,IP15_MAC,A	E	TR4c_1	TR4c_2	TR6c_1	TR6c_2	TR8c_1	TR8c_2	TRc0_1	TRc0_2	TR60_1	TR60_2,N	N	-127	-127	-90	-88	-83	-81	-127	-127	-89	-88,"[-127, -127, -90, -88, -83, -81, -127, -127, -89, -88]",-127,-127,-90,-88,-83,-81,-127,-127,-89,-88,178,30,1259539,-7.78572,2.612959,50.587697,1259339,1142766020,224027659,179923,0.901161,0.049561,-0.051645,0.427534,1259339,7.512672,9.011907,0.051253,0.0421586036682128,114.276602,22.4027659,179.923,-0.0004777000000046,-0.0003633,62.68300000000001,-40.326300000007365,-49.02280057927634,89.21100793806833,82.01985485811966,11.732746278098832,232.587697,IP15,228.15741764645912,49.83958463594616,-35.28689999987478,-39.40726824262057,-62.68300000000001,82.01985485811966,0.9389776803565288
3021,IP15_MAC,A	E	TR4c_1	TR4c_2	TR6c_1	TR6c_2	TR8c_1	TR8c_2	TRc0_1	TRc0_2	TR60_1	TR60_2,N	N	-85	-94	-90	-88	-83	-81	-127	-127	-89	-88,"[-85, -94, -90, -88, -83, -81, -127, -127, -89, -88]",-85,-94,-90,-88,-83,-81,-127,-127,-89,-88,179,30,1259539,-7.78572,2.612959,50.587697,1259339,1142766020,224027659,179923,0.901161,0.049561,-0.051645,0.427534,1259339,7.512672,9.011907,0.051253,0.040395975112915,114.276602,22.4027659,179.923,-0.0004777000000046,-0.0003633,62.68300000000001,-40.326300000007365,-49.02280057927634,89.21100793806833,82.01985485811966,11.732746278098832,231.587697,IP15,228.15741764645912,49.83958463594616,-35.28689999987478,-39.40726824262057,-62.68300000000001,82.01985485811966,0.9396458320923128
3022,IP15_MAC,A	E	TR4c_1	TR4c_2	TR6c_1	TR6c_2	TR8c_1	TR8c_2	TRc0_1	TRc0_2	TR60_1	TR60_2,N	N	-89	-94	-92	-85	-79	-75	-88	-85	-84	-85,"[-89, -94, -92, -85, -79, -75, -88, -85, -84, -85]",-89,-94,-92,-85,-79,-75,-88,-85,-84,-85,121,29,1259739,-7.313593,2.564902,50.608094,1259539,1142766195,224027795,179922,0.90139,0.047442,-0.048097,0.427706,1259539,7.400799,8.863357,0.035248,0.0453085899353027,114.2766195,22.4027795,179.922,-0.0004602000000062,-0.0003496999999974,62.682,-38.816699999717486,-47.22690102404192,87.55655031579715,83.55068265933147,11.546954818018213,289.608094,IP15,228.2335439583009,48.61006797534689,-36.796500000164656,-41.20316779785499,-62.682,83.55068265933147,0.6407613429890584
3023,IP15_MAC,A	E	TR4c_1	TR4c_2	TR6c_1	TR6c_2	TR8c_1	TR8c_2	TRc0_1	TRc0_2	TR60_1	TR60_2,N	N	-91	-95	-91	-85	-77	-73	-88	-84	-82	-82,"[-91, -95, -91, -85, -77, -73, -88, -84, -82, -82]",-91,-95,-91,-85,-77,-73,-88,-84,-82,-82,120,29,1259939,-7.097387,2.394515,50.656032,1259739,1142766367,224027929,179926,0.901404,0.045319,-0.047011,0.428026,1259739,7.268525,8.70932,0.022998,0.0443065166473388,114.2766367,22.4027929,179.926,-0.0004430000000041,-0.0003362999999971,62.68599999999999,-37.32929999968704,-45.461788649580406,85.96386137026275,85.09679603951976,11.343907591567776,290.656032,IP15,228.2995845895857,47.4462710794778,-38.2839000001951,-42.9682801723165,-62.68599999999999,85.09679603951976,0.6315646969785748
3025,IP15_MAC,A	E	TR4c_1	TR4c_2	TR6c_1	TR6c_2	TR8c_1	TR8c_2	TRc0_1	TRc0_2	TR60_1	TR60_2,N	N	-87	-95	-93	-87	-81	-75	-95	-89	-87	-86,"[-87, -95, -93, -87, -81, -75, -95, -89, -87, -86]",-87,-95,-93,-87,-81,-75,-95,-89,-87,-86,179,30,1260339,-5.7984,2.664676,50.66154,1260139,1142766702,224028192,179926,0.901963,0.042619,-0.035767,0.428214,1260139,7.009813,8.389594,0.003443,0.0429162979125976,114.2766702,22.4028192,179.926,-0.0004095000000035,-0.0003099999999989,62.68599999999999,-34.40999999988037,-42.02392534837048,82.94331195266548,88.20866419080194,10.932647329629454,231.66154,IP15,228.3986897113457,45.28829918790287,-41.20320000000177,-46.40614347352643,-62.68599999999999,88.20866419080194,0.9636235951250932
3026,IP15_MAC,A	E	TR4c_1	TR4c_2	TR6c_1	TR6c_2	TR8c_1	TR8c_2	TRc0_1	TRc0_2	TR60_1	TR60_2,N	N	-90	-97	-127	-127	-85	-80	-127	-127	-93	-91,"[-90, -97, -127, -127, -85, -80, -127, -127, -93, -91]",-90,-97,-127,-127,-85,-80,-127,-127,-93,-91,180,30,1261139,0.768842,2.839016,50.4204,1261139,1142767477,224028798,179897,0.904538,0.019555,0.016618,0.42562,1261139,6.041018,7.247022,0.005302,0.0464708805084228,114.2767477,22.4028798,179.897,-0.0003320000000002,-0.0002493999999977,62.657,-27.68339999974856,-34.0706645481871,76.5054276983089,95.80245409197734,9.434683590667577,230.4204,IP15,228.59671548629376,40.84560342604937,-47.92980000013358,-54.359404273709806,-62.657,95.80245409197734,0.9818059695670724
